[backblue.gif]
[fade.gif]
[index.html]
[www.narrowgauge.org/index.html]
[www.cw-mccall.com/favicon.ico]
[www.thinkingrockpress.com/index.html]
[www.cw-mccall.com/index.html]
[www.macshare.com/index.html]
[www.rclague.net/index.html]
[www.narrowgauge.org/ngc/graphics/backdrop-c.jpg]
[www.narrowgauge.org/ngc/graphics/home/masthead.jpg]
[www.narrowgauge.org/ngc/graphics/home/bigT.jpg]
[www.narrowgauge.org/ngc/graphics/home/atc-cover.jpg]
[www.narrowgauge.org/ngc/graphics/home/silver-lake-mill.jpg]
[www.narrowgauge.org/ngc/graphics/home/silverton-color.jpg]
[www.narrowgauge.org/ngc/graphics/home/bigF.jpg]
[www.narrowgauge.org/ngc/graphics/home/bigW.jpg]
[www.narrowgauge.org/ngc/graphics/home/drg-dog-loco.jpg]
[www.narrowgauge.org/ngc/graphics/home/loop.jpg]
[www.narrowgauge.org/ngc/graphics/home/san-juans.jpg]
[www.narrowgauge.org/ngc/graphics/home/bigY.jpg]
[www.narrowgauge.org/ngc/graphics/home/line2.jpg]
[www.narrowgauge.org/ngc/graphics/home/ngccountry-map.jpg]
[www.narrowgauge.org/ngc/html/whatsnew/whatsnew.html]
[www.narrowgauge.org/ngc/graphics/home/button/whats-new-start-button.jpg]
[www.narrowgauge.org/ncmap/ted/final.html]
[www.narrowgauge.org/ngc/graphics/home/button/tkc-start-button.jpg]
[www.narrowgauge.org/4x4/html/4X4.html]
[www.narrowgauge.org/ngc/graphics/home/button/4X4-start-button.jpg]
[www.narrowgauge.org/ngc/html/mevans-collection/mevans-collection.html]
[www.narrowgauge.org/ngc/graphics/home/button/mle-collection-start-button.jpg]
[www.narrowgauge.org/4x4/cw_pages/html/cw_main.html]
[www.narrowgauge.org/ngc/graphics/home/button/cwmccall-start-button.jpg]
[www.narrowgauge.org/ncmap/excur1.html]
[www.narrowgauge.org/ngc/graphics/home/button/excursion1-start-button.jpg]
[www.narrowgauge.org/ngc/html/excursion2/excursion2.html]
[www.narrowgauge.org/ngc/graphics/home/button/excursion2-start-button.jpg]
[www.narrowgauge.org/ncmap/excur3.html]
[www.narrowgauge.org/ngc/graphics/home/button/excursion3-start-button.jpg]
[www.narrowgauge.org/ngc/html/excursion4/excursion4.html]
[www.narrowgauge.org/ngc/graphics/home/button/excursion4-start-button.jpg]
[www.narrowgauge.org/ngc/graphics/home/c16-1.jpg]
[www.narrowgauge.org/ngc/graphics/home/c16-2.jpg]
[www.narrowgauge.org/ncmap/excur5.html]
[www.narrowgauge.org/ngc/graphics/home/button/excursion5-start-button.jpg]
[www.narrowgauge.org/ngc/html/excursion6/excursion6.html]
[www.narrowgauge.org/ngc/graphics/home/button/excursion6-start-button.jpg]
[www.narrowgauge.org/ncmap/excursion7.html]
[www.narrowgauge.org/ngc/graphics/home/button/excursion7-start-button.jpg]
[www.narrowgauge.org/ngc/html/excursion8/excursion8.html]
[www.narrowgauge.org/ngc/graphics/home/button/excursion8-start-button.jpg]
[www.narrowgauge.org/ngc/graphics/home/morning-train.jpg]
[www.narrowgauge.org/ngc/graphics/home/button/sn3-start-button.jpg]
[www.narrowgauge.org/EOC/html/eoc.html]
[www.narrowgauge.org/sn3/index.html]
[www.narrowgauge.org/ngc/graphics/home/button/eoc-start-button.jpg]
[www.narrowgauge.org/ngc/html/kbfarm/kbfarm-main.html]
[www.narrowgauge.org/ngc/graphics/home/button/kbfarm-start-button.jpg]
[www.narrowgauge.org/alpine-tunnel/html/index.html]
[www.narrowgauge.org/ngc/graphics/home/button/athd-start-button.jpg]
[www.narrowgauge.org/ngc/graphics/home/cumbres.jpg]
[www.narrowgauge.org/index.html]
[www.convoytm.com/cwmccall.jpg]
[www.convoytm.com/Convoy_Poster.jpg]
[www.convoytm.com/Convoy_Shirt.jpg]
[www.convoytm.com/1998.jpg]
[www.convoytm.com/Kino_Lorber.jpg]
[www.convoytm.com/convoy_blu-ray.jpg]
[www.convoytm.com/Convoy_RDT_Website.jpg]
[www.convoytm.com/Convoy_German_Banner.jpg]
[www.convoytm.com/youtube.jpg]
[www.convoytm.com/Pos_Neg.jpg]
[www.convoytm.com/ConvoyMovieVersion.mp3]
[www.convoytm.com/index.html]
[www.thinkingrockpress.com/IMG_TRP_Learn_Know_Understand_August_14_2019_Version_1.0.jpg]
[www.thinkingrockpress.com/IMG_COVID_March_16_2020.jpg]
[www.thinkingrockpress.com/IMG_TRP_Is_The_Official_August_14_2019_Version_1.0.jpg]
[www.thinkingrockpress.com/IMG_Raw _and_savage_but_distinct_August_16_2019.jpg]
[www.thinkingrockpress.com/IMG_Hess_is_August_27_2019.jpg]
[www.thinkingrockpress.com/From_the_award_winning_creator.jpg]
[www.thinkingrockpress.com/IMG_Coming_Soon_March_25_2019.jpg]
[www.thinkingrockpress.com/IMG_The_road_to_Nowhere_Part_One_September_20_2019.jpg]
[www.thinkingrockpress.com/IMG_The_road_to_Nowhere_Part_Two_September_20_2019.jpg]
[www.thinkingrockpress.com/Minion_nerd_work.jpg]
[www.thinkingrockpress.com/trp31.html]
[www.thinkingrockpress.com/trp1546.html]
[www.thinkingrockpress.com/003_04.jpg]
[www.thinkingrockpress.com/index.html]
[www.macshare.com/buttons/a-on.gif]
[www.macshare.com/buttons/b-on.gif]
[www.macshare.com/buttons/c-on.gif]
[www.macshare.com/buttons/d-on.gif]
[www.macshare.com/buttons/e-on.gif]
[www.macshare.com/buttons/f-on.gif]
[www.macshare.com/buttons/g-on.gif]
[www.macshare.com/buttons/h-on.gif]
[www.macshare.com/buttons/i-on.gif]
[www.macshare.com/buttons/j-on.gif]
[www.macshare.com/buttons/k-on.gif]
[www.macshare.com/buttons/l-on.gif]
[www.macshare.com/buttons/m-on.gif]
[www.macshare.com/buttons/a-off.gif]
[www.macshare.com/buttons/b-off.gif]
[www.macshare.com/buttons/c-off.gif]
[www.macshare.com/buttons/d-off.gif]
[www.macshare.com/buttons/e-off.gif]
[www.macshare.com/buttons/f-off.gif]
[www.macshare.com/buttons/g-off.gif]
[www.macshare.com/buttons/h-off.gif]
[www.macshare.com/buttons/i-off.gif]
[www.macshare.com/buttons/j-off.gif]
[www.macshare.com/buttons/k-off.gif]
[www.macshare.com/buttons/l-off.gif]
[www.macshare.com/buttons/m-off.gif]
[www.macshare.com/graphics/clear_dot.gif]
[www.macshare.com/sftwre-to.html]
[www.macshare.com/welcome.html]
[www.macshare.com/graphics/banner.gif]
[www.macshare.com/graphics/left-spacer.gif]
[www.macshare.com/game.html]
[www.macshare.com/other.html]
[www.macshare.com/graphic.html]
[www.macshare.com/untested.html]
[www.macshare.com/internet.html]
[www.macshare.com/apple.html]
[www.macshare.com/productivity.html]
[www.macshare.com/recent.html]
[www.macshare.com/system.html]
[www.macshare.com/tips.html]
[www.macshare.com/utility.html]
[www.macshare.com/references.html]
[www.macshare.com/graphics/right-spacer.gif]
[www.macshare.com/graphics/expandernow.gif]
[www.macshare.com/graphics/made-with-a-mac.gif]
[www.macshare.com/flag.gif]
[www.macshare.com/macworld.gif]
[www.macshare.com/search.html]
[www.macshare.com/TheMacOSfinder2.gif]
[www.macshare.com/SetiHomeBanner.gif]
[www.macshare.com/index.html]
[www.urbaneagle.com/ue-map1.gif]
[www.urbaneagle.com/rsrc/dot_white.gif]
[www.urbaneagle.com/index.html]
[pagead2.googlesyndication.com/pagead/f.txt]
[www.cw-mccall.com/what_we_got_here.html]
[www.cw-mccall.com/about.html]
[www.cw-mccall.com/legend/index.html]
[www.cw-mccall.com/works/index.html]
[www.cw-mccall.com/movie/convoy_radio_spot_1.mp3]
[www.cw-mccall.com/movie/convoy_radio_spot_2.mp3]
[www.cw-mccall.com/movie/convoy_radio_spot_3.mp3]
[www.cw-mccall.com/movie/convoy_radio_spot_4.mp3]
[www.cw-mccall.com/movie/index.html]
[www.cw-mccall.com/news/index.html]
[www.cw-mccall.com/cafe/index.html]
[www.cw-mccall.com/critters/index.html]
[www.cw-mccall.com/drive-in/index.html]
[www.cw-mccall.com/emporium/index.html]
[www.cw-mccall.com/museum/index.html]
[www.narrowgauge.org/4x4/html/blkbear.html]
[www.cw-mccall.com/library/index.html]
[www.cw-mccall.com/convoys/index.html]
[www.cw-mccall.com/detours/index.html]
[www.cw-mccall.com/works/wolf_creek_pass/four_wheel_drive.html]
[www.narrowgauge.org/ncmap/whatsnew.259.delayed]
[www.narrowgauge.org/ngc/graphics/whatsnew/animbut.gif]
[www.narrowgauge.org/index-2.html]
[www.narrowgauge.org/ngc/graphics/whatsnew/whatsnew-home-return-button.jpg]
[www.narrowgauge.org/ngc/html/whatsnew/whatsnew.html]
[www.narrowgauge.org/ncmap/ted/www.bayside.net/users/evans/ncmap/ted/final.html]
[www.narrowgauge.org/images/nnewedge.jpg]
[www.narrowgauge.org/images/Ouray_banner_tkc.jpg]
[www.narrowgauge.org/maps/final_map.jpg]
[www.narrowgauge.org/ngc/html/excursion4/excursion4-tkc-main.html]
[www.narrowgauge.org/ngc/html/excursion6/tkc-colorado-central-rr.html]
[www.narrowgauge.org/ncmap/ted/c&sphoto.html]
[www.narrowgauge.org/ncmap/ted/drg_tkc.html]
[www.narrowgauge.org/ncmap/ted/final_silphoto.html]
[www.narrowgauge.org/ncmap/ted/final_srrphoto.html]
[www.narrowgauge.org/ncmap/ted/rgsphoto.html]
[www.narrowgauge.org/ncmap/ted/final_oray_tkc.html]
[www.narrowgauge.org/ngc/html/tkierscey/friends/tkierscey-friends.html]
[www.narrowgauge.org/images/final_start_tkc_favorites.jpg]
[www.narrowgauge.org/images/home_return_button1.jpg]
[www.narrowgauge.org/ncmap/ted/final.html]
[www.narrowgauge.org/4x4/images/nnewedge.jpg]
[www.narrowgauge.org/4x4/images/4x4_masthead.jpg]
[www.narrowgauge.org/4x4/maps/4X4map.jpg]
[www.narrowgauge.org/4x4/html/alta_lake.html]
[www.narrowgauge.org/4x4/images/main_buttons/alta_lakes_button.jpg]
[www.narrowgauge.org/4x4/html/sil_af.html]
[www.narrowgauge.org/4x4/images/main_buttons/animas_forks_button.jpg]
[www.narrowgauge.org/4x4/html/arastra.html]
[www.narrowgauge.org/4x4/images/main_buttons/arrastra_gulch_button.jpg]
[www.narrowgauge.org/4x4/images/main_buttons/black_bear_button.jpg]
[www.narrowgauge.org/4x4/html/bfptrip.html]
[www.narrowgauge.org/4x4/images/main_buttons/box_factory_button.jpg]
[www.narrowgauge.org/4x4/html/brown_mountain.html]
[www.narrowgauge.org/4x4/images/main_buttons/brown_mountain_button.jpg]
[www.narrowgauge.org/4x4/html/bachelor_syracuse.html]
[www.narrowgauge.org/4x4/images/main_buttons/bs_mine_tour_button.jpg]
[www.narrowgauge.org/4x4/html/cinnamon_pass.html]
[www.narrowgauge.org/4x4/images/main_buttons/cinnamon_pass_button.jpg]
[www.narrowgauge.org/4x4/html/corkscrw.html]
[www.narrowgauge.org/4x4/images/main_buttons/corkscrew_button.jpg]
[www.narrowgauge.org/4x4/html/cungulch.html]
[www.narrowgauge.org/4x4/images/main_buttons/cunningham_button.jpg]
[www.narrowgauge.org/4x4/html/engineer.html]
[www.narrowgauge.org/4x4/images/main_buttons/engineer_button.jpg]
[www.narrowgauge.org/4x4/html/eureka.html]
[www.narrowgauge.org/4x4/images/main_buttons/eureka_button.jpg]
[www.narrowgauge.org/4x4/html/govenor.html]
[www.narrowgauge.org/4x4/images/main_buttons/governor_button.jpg]
[www.narrowgauge.org/4x4/html/imogene.html]
[www.narrowgauge.org/4x4/images/main_buttons/imogene_button.jpg]
[www.narrowgauge.org/4x4/html/ldollar.html]
[www.narrowgauge.org/4x4/images/main_buttons/last_dollar_button.jpg]
[www.narrowgauge.org/4x4/html/maggie.html]
[www.narrowgauge.org/4x4/images/main_buttons/maggie_button.jpg]
[www.narrowgauge.org/4x4/html/minnie.html]
[www.narrowgauge.org/4x4/images/main_buttons/minnie_button.jpg]
[www.narrowgauge.org/4x4/html/minnehaha.html]
[www.narrowgauge.org/4x4/images/main_buttons/minniehaha_button.jpg]
[www.narrowgauge.org/4x4/html/ophir.html]
[www.narrowgauge.org/4x4/images/main_buttons/ophir_pass_button.jpg]
[www.narrowgauge.org/4x4/html/pgulch.html]
[www.narrowgauge.org/4x4/images/main_buttons/placer_button.jpg]
[www.narrowgauge.org/4x4/html/poughkeepsie_gulch.html]
[www.narrowgauge.org/4x4/images/main_buttons/poughkeepsie_button.jpg]
[www.narrowgauge.org/4x4/html/prospect.html]
[www.narrowgauge.org/4x4/images/main_buttons/prospect_button.jpg]
[www.narrowgauge.org/4x4/html/stoney_pass.html]
[www.narrowgauge.org/4x4/images/main_buttons/stony_pass_button.jpg]
[www.narrowgauge.org/4x4/html/yankee.html]
[www.narrowgauge.org/4x4/images/main_buttons/yankee_boy_button.jpg]
[www.narrowgauge.org/4x4/html/autumn.html]
[www.narrowgauge.org/4x4/images/main_buttons/autumn_button.jpg]
[www.narrowgauge.org/4x4/html/4X4_links.html]
[www.narrowgauge.org/4x4/images/main_buttons/links_button.jpg]
[www.narrowgauge.org/4x4/cw_pages/images/cwmccall_start_button.jpg]
[www.narrowgauge.org/4x4/html/sjo2000-main.html]
[www.narrowgauge.org/4x4/images/sjo2000/4x4_sjo2000_start_button.jpg]
[www.narrowgauge.org/4x4/html/sjo99.html]
[www.narrowgauge.org/4x4/images/sjo99/sjo99_link_main_page_button.jpg]
[www.narrowgauge.org/4x4/images/home_return_button1.jpg]
[www.paypalobjects.com/en_US/i/btn/btn_donateCC_LG.gif]
[www.paypalobjects.com/en_US/i/scr/pixel.gif]
[www.narrowgauge.org/4x4/html/4X4.html]
[www.narrowgauge.org/ngc/graphics/nnewedge.jpg]
[www.narrowgauge.org/ngc/graphics/mevans-collection/mevans-masthead.jpg]
[www.narrowgauge.org/ngc/html/mevans-collection/colorado/mevans-colorado-paper.html]
[www.narrowgauge.org/ngc/graphics/mevans-collection/mevans-colorado-paper-button.jpg]
[www.narrowgauge.org/ngc/html/mevans-collection/colorado/mevans-colorado-us550.html]
[www.narrowgauge.org/ngc/graphics/mevans-collection/mevans-colorado-US550-button.jpg]
[www.narrowgauge.org/ngc/html/mevans-collection/colorado/mevans-colorado-ouray.html]
[www.narrowgauge.org/ngc/graphics/mevans-collection/mevans-colorado-ouray-button.jpg]
[www.narrowgauge.org/ngc/html/mevans-collection/colorado/mevans-colorado-sneffels.html]
[www.narrowgauge.org/ngc/graphics/mevans-collection/mevans-colorado-sneffels-button.jpg]
[www.narrowgauge.org/ngc/html/mevans-collection/colorado/mevans-colorado-silverton.html]
[www.narrowgauge.org/ngc/graphics/mevans-collection/mevans-colorado-silverton-button.jpg]
[www.narrowgauge.org/ngc/html/mevans-collection/colorado/mevans-colorado-other.html]
[www.narrowgauge.org/ngc/graphics/mevans-collection/mevans-colorado-other-button.jpg]
[www.narrowgauge.org/ngc/html/mevans-collection/paper/mevans-collection-srr-paper.html]
[www.narrowgauge.org/ngc/graphics/mevans-collection/mevans-srr-bills-button.jpg]
[www.narrowgauge.org/ngc/html/mevans-collection/paper/mevans-collection-rgs-paper.html]
[www.narrowgauge.org/ngc/graphics/mevans-collection/mevans-rgs-paper-button.jpg]
[www.narrowgauge.org/ngc/html/mevans-collection/utah/mevans-collection-utah.html]
[www.narrowgauge.org/ngc/graphics/mevans-collection/mevans-utah-button.jpg]
[www.narrowgauge.org/ngc/html/mevans-collection/mevans-collection.html]
[www.narrowgauge.org/4x4/cw_pages/images/cwback.jpg]
[www.narrowgauge.org/4x4/cw_pages/images/cw_masthead.jpg]
[www.narrowgauge.org/4x4/cw_pages/html/mcwho.html]
[www.narrowgauge.org/4x4/cw_pages/images/cw_button_mcwho.jpg]
[www.narrowgauge.org/4x4/cw_pages/html/albums_main.html]
[www.narrowgauge.org/4x4/cw_pages/images/cw_button_albums.jpg]
[www.narrowgauge.org/4x4/cw_pages/html/sjo_main.html]
[www.narrowgauge.org/4x4/cw_pages/images/cw_button_sjo.jpg]
[www.narrowgauge.org/4x4/cw_pages/html/other.html]
[www.narrowgauge.org/4x4/cw_pages/images/cw_button_other.jpg]
[www.narrowgauge.org/4x4/cw_pages/html/who_why.html]
[www.narrowgauge.org/4x4/cw_pages/images/cw_button_nut.jpg]
[www.narrowgauge.org/4x4/cw_pages/html/legal.html]
[www.narrowgauge.org/4x4/cw_pages/images/cw_button_legal.jpg]
[www.narrowgauge.org/4x4/cw_pages/images/cw_button_4x4return.jpg]
[www.narrowgauge.org/4x4/cw_pages/html/cw_main.html]
[www.narrowgauge.org/images/excur1_masthead.jpg]
[www.narrowgauge.org/maps/excursion1_map.jpg]
[www.narrowgauge.org/ngc/html/excursion1/excursion1-durango.html]
[www.narrowgauge.org/ngc/html/excursion1/excursion1-ridgway.html]
[www.narrowgauge.org/ncmap/excur1_dallas.html]
[www.narrowgauge.org/ncmap/excur1_placrvil.html]
[www.narrowgauge.org/ncmap/excur1_hesperus.html]
[www.narrowgauge.org/ncmap/excur1_vancejct.html]
[www.narrowgauge.org/ngc/html/excursion1/excursion1-telluride.html]
[www.narrowgauge.org/ngc/html/excursion1/excursion1-ophir.html]
[www.narrowgauge.org/ngc/html/excursion1/excursion1-troutlake.html]
[www.narrowgauge.org/ncmap/excur1_rgs_locomotives.html]
[www.narrowgauge.org/ngc/html/excursion1/excursion1-lizard-head.html]
[www.narrowgauge.org/ngc/html/excursion1/excursion1-rico.html]
[www.narrowgauge.org/ngc/html/excursion1/excursion1-delores.html]
[www.narrowgauge.org/ngc/html/excursion1/excursion1-mancos.html]
[www.narrowgauge.org/ngc/html/excursion1/excursion1-paper.html]
[www.narrowgauge.org/ngc/graphics/excursion1/excursion1-paper-start-button.jpg]
[www.narrowgauge.org/ngc/html/excursion1/stan/railfest99/excursion1-railfest99.html]
[www.narrowgauge.org/ngc/graphics/excursion1/excursion1_railfest99_start_button.jpg]
[www.narrowgauge.org/ngc/html/excursion1/stan/brokenaxle/excursion1-broken-axle.html]
[www.narrowgauge.org/ngc/graphics/excursion1/excursion1_goose_broken-axle_start_button.jpg]
[www.narrowgauge.org/ngc/html/excursion1/stan/rgs-returns/excursion1-rgs-returns.html]
[www.narrowgauge.org/ngc/graphics/excursion1/excursion1-rgs-start-button.jpg]
[www.narrowgauge.org/ngc/html/excursion1/stan/wild-goose/excur1-wild-goose-stan.html]
[www.narrowgauge.org/ngc/graphics/excursion1/excursion1-wild-goose-start-button.jpg]
[www.narrowgauge.org/ngc/html/excursion1/steve/excur1-goose5-steve.html]
[www.narrowgauge.org/ngc/graphics/excursion1/excursion1_goose_silverton_start_button.jpg]
[www.narrowgauge.org/ngc/html/excursion1/larry/excursion1-goose5-larry.html]
[www.narrowgauge.org/ngc/graphics/excursion1/excursion1_goose_start_button.jpg]
[www.narrowgauge.org/ngc/html/excursion1/stan/goose5-cumbres-toltec/excursion1-goose5-stan.html]
[www.narrowgauge.org/ngc/graphics/excursion1/excursion1_goose_stan_start_button.jpg]
[www.narrowgauge.org/ncmap/excur1.html]
[www.narrowgauge.org/ngc/graphics/excursion2/excursion2_banner.jpg]
[www.narrowgauge.org/ngc/graphics/excursion2/excursion2-map.jpg]
[www.narrowgauge.org/ngc/html/excursion2/excursion2-srr.html]
[www.narrowgauge.org/ngc/graphics/excursion2/excursion2-srr-button.jpg]
[www.narrowgauge.org/ngc/html/excursion2/excursion2-snrr.html]
[www.narrowgauge.org/ngc/graphics/excursion2/excursion2-snrr-button.jpg]
[www.narrowgauge.org/ngc/html/excursion2/excursion2-sgnrr.html]
[www.narrowgauge.org/ngc/graphics/excursion2/excursion2-sgnrr-button.jpg]
[www.narrowgauge.org/ngc/html/excursion2/excursion2-silverton.html]
[www.narrowgauge.org/ngc/graphics/excursion2/excursion2-silverton-button.jpg]
[www.narrowgauge.org/ngc/html/excursion2/excursion2-srr-paper.html]
[www.narrowgauge.org/ngc/graphics/excursion2/excursion2-paper-button.jpg]
[www.narrowgauge.org/ngc/graphics/excursion2/excursion2-return-home-button.jpg]
[www.narrowgauge.org/ngc/html/excursion2/excursion2.html]
[www.narrowgauge.org/images/excur3_banner.jpg]
[www.narrowgauge.org/maps/excursion3_map.jpg]
[www.narrowgauge.org/ncmap/excursion3_durango.html]
[www.narrowgauge.org/ncmap/excursion3_hermosa.html]
[www.narrowgauge.org/ncmap/excursion3_rockwood.html]
[www.narrowgauge.org/ncmap/excursion3_highline.html]
[www.narrowgauge.org/ncmap/excursion3_tefft.html]
[www.narrowgauge.org/ncmap/excursion3_needle.html]
[www.narrowgauge.org/ncmap/excursion3_tacoma.html]
[www.narrowgauge.org/ncmap/excursion3_elkpark.html]
[www.narrowgauge.org/ncmap/excursion3_deadwood.html]
[www.narrowgauge.org/ncmap/excursion3_silvrton.html]
[www.narrowgauge.org/ncmap/excursion3_patato_truck.html]
[www.narrowgauge.org/ncmap/excur3.html]
[www.narrowgauge.org/ngc/graphics/excursion4/excursion4-masthead.jpg]
[www.narrowgauge.org/ngc/graphics/excursion4/dspp-4-map.jpg]
[www.narrowgauge.org/ngc/graphics/excursion4/excursion4-tkc-button.jpg]
[www.narrowgauge.org/ncmap/excursion4_croffut_DSPP.html]
[www.narrowgauge.org/ngc/graphics/excursion4/excursion4-croffut-button.jpg]
[www.narrowgauge.org/ngc/html/excursion4/gkazel/excursion4-como.html]
[www.narrowgauge.org/ngc/graphics/excursion4/excursion4-gk-como-button.jpg]
[www.narrowgauge.org/EOC/html/buffalo-aerial.html]
[www.narrowgauge.org/ngc/graphics/excursion4/excursion4-buffalo-button.jpg]
[www.narrowgauge.org/EOC/html/estabrook-bridge.html]
[www.narrowgauge.org/ngc/graphics/excursion4/excursion4-estabrook-button.jpg]
[www.narrowgauge.org/ngc/graphics/excursion4/excursion4-spbogie-button.jpg]
[www.narrowgauge.org/ncmap/excursion4-bogie-DSPP.html]
[www.narrowgauge.org/ncmap/jerry/excursion4_southpark_country.html]
[www.narrowgauge.org/ngc/graphics/excursion4/excursion4-spcountry-button.jpg]
[www.narrowgauge.org/ngc/graphics/excursion4/excursion4-return-button.jpg]
[www.narrowgauge.org/ngc/html/excursion4/excursion4.html]
[www.narrowgauge.org/images/excur5_masthead.jpg]
[www.narrowgauge.org/maps/excursion5_map.jpg]
[www.narrowgauge.org/ncmap/excur5_eureka_stan.html]
[www.narrowgauge.org/maps/excursion5-ctsrr-eureka-stan-start-button.jpg]
[www.narrowgauge.org/ncmap/excur5_chama_Cumbres_Pass.html]
[www.narrowgauge.org/maps/excursion5-ctsrr-chama-cumbres-start-button.jpg]
[www.narrowgauge.org/ncmap/excur5_ctsrr_cumbres_antonito.html]
[www.narrowgauge.org/maps/excursion5-ctsrr-cumbres-antonito-start-button.jpg]
[www.narrowgauge.org/ncmap/excur5_ctsrr_chama_Locomotives.html]
[www.narrowgauge.org/maps/excursion5-ctsrr-locomotives-start-button.jpg]
[www.narrowgauge.org/ncmap/excur5_ctsrr_chama_MOW.html]
[www.narrowgauge.org/maps/excursion5-ctsrr-mow-start-button.jpg]
[www.narrowgauge.org/ncmap/excur5_ctsrr_chama_structures.html]
[www.narrowgauge.org/maps/excursion5-ctsrr-structures-start-button.jpg]
[www.narrowgauge.org/ncmap/excur5.html]
[www.narrowgauge.org/ngc/graphics/excursion6/excursion6-masthead.jpg]
[www.narrowgauge.org/ngc/graphics/excursion6/excursion6-map.jpg]
[www.narrowgauge.org/ngc/html/excursion6/excursion6-croffut.html]
[www.narrowgauge.org/ngc/html/excursion6/excursion6-clear-creek-country.html]
[www.narrowgauge.org/ngc/graphics/excursion6/home-return-button1.jpg]
[www.narrowgauge.org/ngc/html/excursion6/excursion6.html]
[www.narrowgauge.org/images/drg_masthead.jpg]
[www.narrowgauge.org/maps/excursion7_map.jpg]
[www.narrowgauge.org/ncmap/excursion7_leadville.html]
[www.narrowgauge.org/ncmap/excursion7_montrose.html]
[www.narrowgauge.org/ncmap/excursion7_salida.html]
[www.narrowgauge.org/ncmap/excursion7_royal_gorge.html]
[www.narrowgauge.org/ncmap/excursion7_muleshoe.html]
[www.narrowgauge.org/ncmap/excursion7_marshall_pass.html]
[www.narrowgauge.org/ncmap/excursion7_laveta_pass.html]
[www.narrowgauge.org/ncmap/excursion7_black_canyon.html]
[www.narrowgauge.org/ncmap/excursion7_silver_cliff.html]
[www.narrowgauge.org/ncmap/excursion7_colorado_springs.html]
[www.narrowgauge.org/ncmap/excursion7_silverton_branch.html]
[www.narrowgauge.org/ncmap/excursion7_chama_durango.html]
[www.narrowgauge.org/ncmap/excursion7_ouray.html]
[www.narrowgauge.org/ncmap/excursion7_creede.html]
[www.narrowgauge.org/ncmap/excursion7_lake_city.html]
[www.narrowgauge.org/ncmap/excursion7_cimarron.html]
[www.narrowgauge.org/ncmap/excursion7_other.html]
[www.narrowgauge.org/ncmap/excursion7.html]
[www.narrowgauge.org/ngc/graphics/whatsnew/nnewedge.jpg]
[www.narrowgauge.org/ngc/graphics/excursion8/excusion8-banner.jpg]
[www.narrowgauge.org/ngc/graphics/excursion8/home-return-button1.jpg]
[www.narrowgauge.org/ngc/html/excursion8/excursion8.html]
[www.narrowgauge.org/sn3/images/home/w3c-css-logo.png]
[www.narrowgauge.org/sn3/images/home/masthead-1.png]
[www.narrowgauge.org/sn3/index-2.html]
[www.narrowgauge.org/sn3/images/home/home.png]
[www.narrowgauge.org/sn3/html/layout.html]
[www.narrowgauge.org/sn3/images/home/layout.png]
[www.narrowgauge.org/sn3/html/loco.html]
[www.narrowgauge.org/sn3/images/home/loco.png]
[www.narrowgauge.org/sn3/html/rstock.html]
[www.narrowgauge.org/sn3/images/home/rollingstock.png]
[www.narrowgauge.org/sn3/html/struc.html]
[www.narrowgauge.org/sn3/images/home/stuctures.png]
[www.narrowgauge.org/sn3/html/scene.html]
[www.narrowgauge.org/sn3/images/home/scenery.png]
[www.narrowgauge.org/sn3/images/home/boys-life.png]
[www.narrowgauge.org/sn3/images/home/HORRTG.png]
[www.narrowgauge.org/sn3/images/home/caboose-577.png]
[www.narrowgauge.org/sn3/images/home/455.png]
[www.narrowgauge.org/sn3/index.html]
[www.narrowgauge.org/images/newedge.jpg]
[www.narrowgauge.org/EOC/images/EOC_masthead.jpg]
[www.narrowgauge.org/EOC/images/1-1200.jpg]
[www.narrowgauge.org/EOC/images/Tnails/tn_1-1200.jpg]
[www.narrowgauge.org/EOC/images/2-1200.jpg]
[www.narrowgauge.org/EOC/images/Tnails/tn_2-1200.jpg]
[www.narrowgauge.org/EOC/images/3-1200.jpg]
[www.narrowgauge.org/EOC/images/Tnails/tn_3-1200.jpg]
[www.narrowgauge.org/EOC/images/rb-b1.jpg]
[www.narrowgauge.org/EOC/images/Tnails/tn_rb-b1.jpg]
[www.narrowgauge.org/EOC/images/5-1200.jpg]
[www.narrowgauge.org/EOC/images/Tnails/tn_5-1200.jpg]
[www.narrowgauge.org/EOC/images/6-1200.jpg]
[www.narrowgauge.org/EOC/images/Tnails/tn_6-1200.jpg]
[www.narrowgauge.org/EOC/images/7-1200.jpg]
[www.narrowgauge.org/EOC/images/Tnails/tn_7-1200.jpg]
[www.narrowgauge.org/EOC/images/8-1200.jpg]
[www.narrowgauge.org/EOC/images/Tnails/tn_8-1200.jpg]
[www.narrowgauge.org/EOC/images/rb-c2.jpg]
[www.narrowgauge.org/EOC/images/Tnails/tn_rb-c2.jpg]
[www.narrowgauge.org/EOC/images/rb-a2.jpg]
[www.narrowgauge.org/EOC/images/Tnails/tn_rb-a2.jpg]
[www.narrowgauge.org/EOC/images/9-1200.jpg]
[www.narrowgauge.org/EOC/images/Tnails/tn_9-1200.jpg]
[www.narrowgauge.org/EOC/images/10-1200.jpg]
[www.narrowgauge.org/EOC/images/Tnails/tn_10-1200.jpg]
[www.narrowgauge.org/EOC/images/11-1200.jpg]
[www.narrowgauge.org/EOC/images/Tnails/tn_11-1200.jpg]
[www.narrowgauge.org/EOC/images/12-1200.jpg]
[www.narrowgauge.org/EOC/images/Tnails/tn_12-1200.jpg]
[www.narrowgauge.org/EOC/images/13-1200.jpg]
[www.narrowgauge.org/EOC/images/Tnails/tn_13-1200.jpg]
[www.narrowgauge.org/EOC/images/14-1200.jpg]
[www.narrowgauge.org/EOC/images/Tnails/tn_14-1200.jpg]
[www.narrowgauge.org/EOC/images/15-1200.jpg]
[www.narrowgauge.org/EOC/images/Tnails/tn_15-1200.jpg]
[www.narrowgauge.org/EOC/html/eoc.html]
[www.narrowgauge.org/ngc/graphics/kbfarm/new-masthead.jpg]
[www.narrowgauge.org/ngc/graphics/kbfarm/KBF-0402-1.jpg]
[www.narrowgauge.org/ngc/graphics/kbfarm/tn_KBF-0402-1.jpg]
[www.narrowgauge.org/ngc/graphics/kbfarm/KBF-340-1.jpg]
[www.narrowgauge.org/ngc/graphics/kbfarm/tn_KBF-340-1.jpg]
[www.narrowgauge.org/ngc/graphics/kbfarm/KBF-0402-2.jpg]
[www.narrowgauge.org/ngc/graphics/kbfarm/tn_KBF-0402-2.jpg]
[www.narrowgauge.org/ngc/graphics/kbfarm/KBF-340-2.jpg]
[www.narrowgauge.org/ngc/graphics/kbfarm/tn_KBF-340-2.jpg]
[www.narrowgauge.org/ngc/graphics/kbfarm/KBF-340-3.jpg]
[www.narrowgauge.org/ngc/graphics/kbfarm/tn_KBF-340-3.jpg]
[www.narrowgauge.org/ngc/graphics/kbfarm/KBF-340-4.jpg]
[www.narrowgauge.org/ngc/graphics/kbfarm/tn_KBF-340-4.jpg]
[www.narrowgauge.org/ngc/graphics/kbfarm/KBF-41-9.jpg]
[www.narrowgauge.org/ngc/graphics/kbfarm/tn_KBF-41-9.jpg]
[www.narrowgauge.org/ngc/graphics/kbfarm/KBF-41-3.jpg]
[www.narrowgauge.org/ngc/graphics/kbfarm/tn_KBF-41-3.jpg]
[www.narrowgauge.org/ngc/graphics/kbfarm/KBF-41-10.jpg]
[www.narrowgauge.org/ngc/graphics/kbfarm/tn_KBF-41-10.jpg]
[www.narrowgauge.org/ngc/graphics/kbfarm/KBF-41-1.jpg]
[www.narrowgauge.org/ngc/graphics/kbfarm/tn_KBF-41-1.jpg]
[www.narrowgauge.org/ngc/graphics/kbfarm/KBF-41-6.jpg]
[www.narrowgauge.org/ngc/graphics/kbfarm/tn_KBF-41-6.jpg]
[www.narrowgauge.org/ngc/graphics/kbfarm/KBF-41-7.jpg]
[www.narrowgauge.org/ngc/graphics/kbfarm/tn_KBF-41-7.jpg]
[www.narrowgauge.org/ngc/graphics/kbfarm/KBF-Edna-7.jpg]
[www.narrowgauge.org/ngc/graphics/kbfarm/tn_KBF-Edna-7.jpg]
[www.narrowgauge.org/ngc/graphics/kbfarm/KBF-Edna-4.jpg]
[www.narrowgauge.org/ngc/graphics/kbfarm/tn_KBF-Edna-4.jpg]
[www.narrowgauge.org/ngc/graphics/kbfarm/KBF-Edna-1.jpg]
[www.narrowgauge.org/ngc/graphics/kbfarm/tn_KBF-Edna-1.jpg]
[www.narrowgauge.org/ngc/graphics/kbfarm/KBF-Edna-6.jpg]
[www.narrowgauge.org/ngc/graphics/kbfarm/tn_KBF-Edna-6.jpg]
[www.narrowgauge.org/ngc/graphics/kbfarm/KBF-Edna-3.jpg]
[www.narrowgauge.org/ngc/graphics/kbfarm/tn_KBF-Edna-3.jpg]
[www.narrowgauge.org/ngc/graphics/kbfarm/KBF-Edna-2.jpg]
[www.narrowgauge.org/ngc/graphics/kbfarm/tn_KBF-Edna-2.jpg]
[www.narrowgauge.org/ngc/graphics/kbfarm/KBF-Durango-2.jpg]
[www.narrowgauge.org/ngc/graphics/kbfarm/tn_KBF-Durango-2.jpg]
[www.narrowgauge.org/ngc/graphics/kbfarm/KBF-Durango-3.jpg]
[www.narrowgauge.org/ngc/graphics/kbfarm/tn_KBF-Durango-3.jpg]
[www.narrowgauge.org/ngc/graphics/kbfarm/KBF-Durango-1.jpg]
[www.narrowgauge.org/ngc/graphics/kbfarm/tn_KBF-Durango-1.jpg]
[www.narrowgauge.org/ngc/graphics/kbfarm/KBF-Goose-3.jpg]
[www.narrowgauge.org/ngc/graphics/kbfarm/tn_KBF-Goose-3.jpg]
[www.narrowgauge.org/ngc/graphics/kbfarm/KBF-Goose-2.jpg]
[www.narrowgauge.org/ngc/graphics/kbfarm/tn_KBF-Goose-2.jpg]
[www.narrowgauge.org/ngc/graphics/kbfarm/KBF-Goose-4.jpg]
[www.narrowgauge.org/ngc/graphics/kbfarm/tn_KBF-Goose-4.jpg]
[www.narrowgauge.org/ngc/graphics/kbfarm/KBF-Shop.jpg]
[www.narrowgauge.org/ngc/graphics/kbfarm/tn_KBF-Shop.jpg]
[www.narrowgauge.org/ngc/graphics/kbfarm/KBF-Train-2.jpg]
[www.narrowgauge.org/ngc/graphics/kbfarm/tn_KBF-Train-2.jpg]
[www.narrowgauge.org/ngc/graphics/kbfarm/KBF-Train-3.jpg]
[www.narrowgauge.org/ngc/graphics/kbfarm/tn_KBF-Train-3.jpg]
[www.narrowgauge.org/ngc/graphics/kbfarm/home_return_button1.jpg]
[www.narrowgauge.org/ngc/html/kbfarm/kbfarm-main.html]
[www.narrowgauge.org/alpine-tunnel/images/edge.jpg]
[www.narrowgauge.org/alpine-tunnel/images/ATHD_Masthead.jpg]
[www.narrowgauge.org/alpine-tunnel/images/location_map.jpg]
[www.narrowgauge.org/alpine-tunnel/html/auto_tour.html]
[www.narrowgauge.org/alpine-tunnel/images/auto_tour_button.jpg]
[www.narrowgauge.org/alpine-tunnel/html/chronology.html]
[www.narrowgauge.org/alpine-tunnel/images/chronology_button.jpg]
[www.narrowgauge.org/alpine-tunnel/html/photo.html]
[www.narrowgauge.org/alpine-tunnel/images/photo-button.jpg]
[www.narrowgauge.org/alpine-tunnel/html/ls-photo.html]
[www.narrowgauge.org/alpine-tunnel/images/schneider-button.jpg]
[www.narrowgauge.org/alpine-tunnel/images/phb-button.jpg]
[www.narrowgauge.org/alpine-tunnel/html/index.html]
[www.statcounter.com/counter/counter.js]
[www.convoytm.com/images/shirt_front.jpg]
[www.convoytm.com/images/shirt_back.jpg]
[www.convoytm.com/images/lafayettebasestation.jpg]
[www.convoytm.com/images/RS_CB_Mic.jpg]
[www.convoytm.com/About_Me.html]
[www.convoytm.com/announcement.gif]
[www.convoytm.com/BREAKER_19.html]
[www.convoytm.com/CB_Trucker_Page.html]
[www.convoytm.com/Kino_Lorber_DVD_Review.html]
[www.convoytm.com/images/midland_cb.jpg]
[www.convoytm.com/images/18-wheeler.jpg]
[www.convoytm.com/images/mack_logo.jpg]
[www.convoytm.com/kenworth_logo.jpg]
[www.convoytm.com/images/GMC.jpg]
[www.convoytm.com/images/Peterbuilt_logo.jpg]
[www.convoytm.com/images/international_truck_logo.jpg]
[www.convoytm.com/images/Freightliner.jpg]
[www.convoytm.com/FortyFort.jpg]
[www.convoytm.com/Etta_May.jpg]
[www.convoytm.com/larry_cableguy.jpg]
[www.convoytm.com/CB_Trucker_Links.html]
[www.convoytm.com/images/Diner1.jpg]
[www.convoytm.com/images/Diner2.jpg]
[www.convoytm.com/images/EB_onset.jpg]
[www.convoytm.com/images/funeral1.jpg]
[www.convoytm.com/images/funeral2.jpg]
[www.convoytm.com/images/jailbreak1.jpg]
[www.convoytm.com/images/jailbreak2.jpg]
[www.convoytm.com/images/jesusbus_onset.jpg]
[www.convoytm.com/images/RDTruck_onset.jpg]
[www.convoytm.com/images/truck_onset.jpg]
[www.convoytm.com/images/tank.jpg]
[www.convoytm.com/images/bruhn_pic_6.jpg]
[www.convoytm.com/images/bruhn_pic_7.jpg]
[www.convoytm.com/images/cast_crew_onset.jpg]
[www.convoytm.com/The_Movie.html]
[www.convoytm.com/spot-Mannheim1.jpg]
[www.convoytm.com/Convoy_Movie_Soundtrack.jpg]
[www.convoytm.com/The_Music.html]
[www.convoytm.com/counter.js]
[www.convoytm.com/Birthday_Memoriams.html]
[www.convoytm.com/Morrow_Hall.jpg]
[www.convoytm.com/estancia_nm.gif]
[www.convoytm.com/Estancia_NM.html]
[www.convoytm.com/ConvoyTM_YouTube.html]
[www.convoytm.com/Film.jpg]
[www.convoytm.com/Battery_Review.html]
[www.convoytm.com/ConvoyMovieVersion.mp3]
[www.thinkingrockpress.com/025_21B.jpg]
[www.thinkingrockpress.com/trp1525.html]
[www.thinkingrockpress.com/trp1526.html]
[www.thinkingrockpress.com/trp1527.html]
[www.thinkingrockpress.com/index-2.html]
[www.thinkingrockpress.com/trp31.html]
[www.thinkingrockpress.com/trp32.html]
[www.thinkingrockpress.com/source.html]
[www.thinkingrockpress.com/trp1546.html]
[www.thinkingrockpress.com/summer.html]
[www.macshare.com/game-to.html]
[www.macshare.com/other-to.html]
[www.macshare.com/graphic-to.html]
[www.macshare.com/untested-to.html]
[www.macshare.com/internet-to.html]
[www.macshare.com/apple-to.html]
[www.macshare.com/productivity-to.html]
[www.macshare.com/recent-to.html]
[www.macshare.com/system-to.html]
[www.macshare.com/tips-to.html]
[www.macshare.com/utility-to.html]
[www.macshare.com/references-to.html]
[www.macshare.com/sftwre-to.html]
[www.macshare.com/graphics/plain_banner.gif]
[meadows-success.com/TECHNOmac/files/images/TECHNOaward3.40c.delayed]
[www.macshare.com/WINGS2.gif]
[www.coolcentral.com/art/awards/csoth_anim.40e.delayed]
[www.macshare.com/EliteAppleSeptember.gif]
[www.macshare.com/macsotw.gif]
[www.macshare.com/AppleTechatWork.295x50.gif]
[www.macshare.com/nowPBA_button.gif]
[www.macshare.com/macrelated-m.gif]
[www.macshare.com/awardb.gif]
[www.macshare.com/logo_macinsearch.jpg]
[www.macshare.com/graphics/toddsmac.gif]
[www.macshare.com/welcome.html]
[www.macshare.com/top.html]
[www.macshare.com/middle.html]
[www.macshare.com/right.html]
[www.macshare.com/game2.html]
[www.macshare.com/game.html]
[www.macshare.com/other2.html]
[www.macshare.com/other.html]
[www.macshare.com/graphic2.html]
[www.macshare.com/graphic.html]
[www.macshare.com/untested2.html]
[www.macshare.com/untested.html]
[www.macshare.com/internet2.html]
[www.macshare.com/internet.html]
[www.macshare.com/apple2.html]
[www.macshare.com/apple.html]
[www.macshare.com/productivity2.html]
[www.macshare.com/productivity.html]
[www.macshare.com/recent2.html]
[www.macshare.com/recent.html]
[www.macshare.com/system2.html]
[www.macshare.com/system.html]
[www.macshare.com/tips.html]
[www.macshare.com/utility2.html]
[www.macshare.com/utility.html]
[www.macshare.com/references2.html]
[www.macshare.com/references.html]
[www.macshare.com/gaab_bg.gif]
[www.macshare.com/btn_find.gif]
[www.macshare.com/btn_links.gif]
[www.macshare.com/finder.gif]
[www.macshare.com/welcome.gif]
[www.macshare.com/lens.gif]
[www.macshare.com/other.gif]
[www.macshare.com/search.html]
[www.urbaneagle.com/bd/bdbar-blk.gif]
[www.urbaneagle.com/rsrc/dot_clear.gif]
[www.urbaneagle.com/bd/index.html]
[www.urbaneagle.com/mail/ue-logo1.gif]
[www.urbaneagle.com/mail/ue-logo1-low.gif]
[www.urbaneagle.com/mail/index.html]
[www.urbaneagle.com/mw/mw-logo1.gif]
[www.urbaneagle.com/mw/index.html]
[www.urbaneagle.com/herbco/index.html]
[www.urbaneagle.com/ue/images/btn-home-over.gif]
[www.urbaneagle.com/ue/images/btn-home-click.gif]
[www.urbaneagle.com/ue/images/btn-bio-over.gif]
[www.urbaneagle.com/ue/images/btn-bio-click.gif]
[www.urbaneagle.com/ue/images/btn-spinning-over.gif]
[www.urbaneagle.com/ue/images/btn-spinning-click.gif]
[www.urbaneagle.com/ue/images/btn-dyes-over.gif]
[www.urbaneagle.com/ue/images/btn-dyes-click.gif]
[www.urbaneagle.com/ue/images/btn-patterns-over.gif]
[www.urbaneagle.com/ue/images/btn-patterns-click.gif]
[www.urbaneagle.com/ue/images/btn-gallery-over.gif]
[www.urbaneagle.com/ue/images/btn-gallery-click.gif]
[www.urbaneagle.com/ue/images/btn-links-over.gif]
[www.urbaneagle.com/ue/images/btn-links-click.gif]
[www.urbaneagle.com/ue/bkgr010816.jpg]
[www.urbaneagle.com/ue/images/spacer.gif]
[www.urbaneagle.com/ue/images/sepknit.gif]
[www.urbaneagle.com/ue/images/btn-home.gif]
[www.urbaneagle.com/ue/images/bio_03.gif]
[www.urbaneagle.com/ue/images/btn-bio.gif]
[www.urbaneagle.com/ue/images/bio_05.gif]
[www.urbaneagle.com/ue/images/btn-spinning.gif]
[www.urbaneagle.com/ue/images/bio_07.gif]
[www.urbaneagle.com/ue/images/btn-dyes.gif]
[www.urbaneagle.com/ue/images/bio_09.gif]
[www.urbaneagle.com/ue/images/btn-patterns.gif]
[www.urbaneagle.com/ue/images/bio_11.gif]
[www.urbaneagle.com/ue/images/btn-gallery.gif]
[www.urbaneagle.com/ue/images/bio_13.gif]
[www.urbaneagle.com/ue/images/btn-links.gif]
[www.urbaneagle.com/rsrc/dot-l02.gif]
[www.urbaneagle.com/ue/images/UEeagle2.gif]
[www.urbaneagle.com/ue/images/+ue-index_30.gif]
[www.urbaneagle.com/ue/images/+ue-index_25.gif]
[www.urbaneagle.com/rsrc/dot_red.gif]
[www.urbaneagle.com/ue/index.html]
[www.urbaneagle.com/tcc/tcc-logo1.gif]
[www.urbaneagle.com/tcc/index.html]
[www.urbaneagle.com/tcc/karen2a.jpg]
[www.urbaneagle.com/otrabanda/juniper.jpg]
[www.urbaneagle.com/otrabanda/ob-20.jpg]
[www.urbaneagle.com/otrabanda/ob-21.jpg]
[www.urbaneagle.com/otrabanda/ob-22.jpg]
[www.urbaneagle.com/otrabanda/ob-23.jpg]
[www.urbaneagle.com/otrabanda/ob-25.jpg]
[www.urbaneagle.com/otrabanda/ob-26.jpg]
[www.urbaneagle.com/otrabanda/ob-28.jpg]
[www.urbaneagle.com/otrabanda/ob-29.jpg]
[www.urbaneagle.com/otrabanda/ob-30.jpg]
[www.urbaneagle.com/otrabanda/ob-31.jpg]
[www.urbaneagle.com/otrabanda/ob-24.jpg]
[www.urbaneagle.com/otrabanda/ob-27.jpg]
[www.urbaneagle.com/otrabanda/ob-27frontdoor.jpg]
[www.urbaneagle.com/otrabanda/ob-panNorth.jpg]
[www.urbaneagle.com/otrabanda/ob-house.jpg]
[www.urbaneagle.com/otrabanda/ob01a.jpg]
[www.urbaneagle.com/otrabanda/ob01b.jpg]
[www.urbaneagle.com/otrabanda/ob01c.jpg]
[www.urbaneagle.com/otrabanda/ob02a.jpg]
[www.urbaneagle.com/otrabanda/ob02b.jpg]
[www.urbaneagle.com/otrabanda/ob03a.jpg]
[www.urbaneagle.com/otrabanda/ob04b.jpg]
[www.urbaneagle.com/otrabanda/ob04c.jpg]
[www.urbaneagle.com/otrabanda/ob05a.jpg]
[www.urbaneagle.com/otrabanda/ob05b.jpg]
[www.urbaneagle.com/otrabanda/ob06a.jpg]
[www.urbaneagle.com/otrabanda/ob06b.jpg]
[www.urbaneagle.com/otrabanda/obpan.jpg]
[www.urbaneagle.com/otrabanda/ob04a.jpg]
[www.urbaneagle.com/otrabanda/ob08ab.jpg]
[www.urbaneagle.com/otrabanda/ob08c.jpg]
[www.urbaneagle.com/otrabanda/ob09a.jpg]
[www.urbaneagle.com/otrabanda/ob09b.jpg]
[www.urbaneagle.com/otrabanda/ob09c.jpg]
[www.urbaneagle.com/otrabanda/ob10a.jpg]
[www.urbaneagle.com/otrabanda/ob10b.jpg]
[www.urbaneagle.com/otrabanda/ob10c.jpg]
[www.urbaneagle.com/otrabanda/ob12.jpg]
[www.urbaneagle.com/otrabanda/ob13.jpg]
[www.urbaneagle.com/otrabanda/uegang.jpg]
[www.urbaneagle.com/otrabanda/otra.html]
[www.cw-mccall.com/emporium/real_mccall.html]
[www.cw-mccall.com/legend/clio_awards.html]
[www.cw-mccall.com/legend/iowa_hall_of_fame.html]
[www.cw-mccall.com/legend/chronology.html]
[www.cw-mccall.com/legend/two-way.html]
[www.cw-mccall.com/legend/faq.html]
[www.cw-mccall.com/works/wolf_creek_pass/old_home_cafe.html]
[www.cw-mccall.com/works/wolf_creek_pass/index.html]
[www.cw-mccall.com/works/black_bear_road/convoy.html]
[www.cw-mccall.com/works/black_bear_road/index.html]
[www.cw-mccall.com/legend/8x10_glossy.html]
[www.cw-mccall.com/works/real_mccall/index.html]
[www.cw-mccall.com/works/black_bear_road/black_bear_road.html]
[www.cw-mccall.com/works/wolf_creek_pass/classified.html]
[www.cw-mccall.com/works/wilderness/index.html]
[www.cw-mccall.com/works/rubber_duck/index.html]
[www.cw-mccall.com/works/roses_for_mama/index.html]
[www.cw-mccall.com/works/cw_mccall_and_co/index.html]
[www.cw-mccall.com/works/american_spirit/index.html]
[www.cw-mccall.com/works/cw_mccalls_greatest_hits/index.html]
[www.cw-mccall.com/works/best_of_cw_mccall/index.html]
[www.cw-mccall.com/works/legendary_cw_mccall/index.html]
[www.cw-mccall.com/works/four_wheel_cowboy/index.html]
[www.cw-mccall.com/works/music_from_the_motion_picture_convoy/index.html]
[www.cw-mccall.com/works/san_juan_odyssey/index.html]
[www.cw-mccall.com/works/singles/index.html]
[www.cw-mccall.com/works/passing_lane/index.html]
[www.cw-mccall.com/works/rubber_duck/audubon.html]
[www.cw-mccall.com/works/wilderness/aurora_borealis.html]
[www.cw-mccall.com/works/roses_for_mama/battle_of_new_orleans.html]
[www.cw-mccall.com/works/rubber_duck/camp_bird_mine.html]
[www.cw-mccall.com/works/cw_mccall_and_co/city_of_new_orleans.html]
[www.cw-mccall.com/works/wilderness/columbine.html]
[www.cw-mccall.com/works/real_mccall/comin_back_for_more.html]
[www.cw-mccall.com/works/music_from_the_motion_picture_convoy/convoy_new_version.html]
[www.cw-mccall.com/works/cw_mccall_and_co/cowboy.html]
[www.cw-mccall.com/works/wilderness/crispy_critters.html]
[www.cw-mccall.com/works/cw_mccall_and_co/flowers_on_the_wall.html]
[www.cw-mccall.com/works/wilderness/four_wheel_cowboy.html]
[www.cw-mccall.com/works/roses_for_mama/gallopin_goose.html]
[www.cw-mccall.com/works/black_bear_road/ghost_town.html]
[www.cw-mccall.com/works/wolf_creek_pass/glenwood_canyon.html]
[www.cw-mccall.com/works/black_bear_road/green_river.html]
[www.cw-mccall.com/works/cw_mccall_and_co/hobos_lullaby.html]
[www.cw-mccall.com/works/roses_for_mama/i_dont_know.html]
[www.cw-mccall.com/works/wolf_creek_pass/ive_trucked_all_over_this_land.html]
[www.cw-mccall.com/works/cw_mccall_and_co/i_wish_there_was_more_that_i_could_give.html]
[www.cw-mccall.com/works/wilderness/jackson_hole.html]
[www.cw-mccall.com/works/passing_lane/kidnap_america.html]
[www.cw-mccall.com/works/black_bear_road/lewis_and_clark.html]
[www.cw-mccall.com/works/wilderness/little_brown_sparrow_and_me.html]
[www.cw-mccall.com/works/cw_mccall_and_co/little_things_in_life.html]
[www.cw-mccall.com/works/roses_for_mama/livin_within_my_means.html]
[www.cw-mccall.com/works/black_bear_road/long_lonesome_road.html]
[www.cw-mccall.com/works/cw_mccall_and_co/milton.html]
[www.cw-mccall.com/works/black_bear_road/mountains_on_my_mind.html]
[www.cw-mccall.com/works/wolf_creek_pass/night_rider.html]
[www.cw-mccall.com/works/roses_for_mama/night_hawk.html]
[www.cw-mccall.com/works/rubber_duck/niobrara.html]
[www.cw-mccall.com/works/rubber_duck/nishnabotna.html]
[www.cw-mccall.com/works/wolf_creek_pass/old_30.html]
[www.cw-mccall.com/works/roses_for_mama/old_glory.html]
[www.cw-mccall.com/works/roses_for_mama/only_light.html]
[www.cw-mccall.com/works/black_bear_road/oregon_trail.html]
[www.cw-mccall.com/works/cw_mccall_and_co/outlaws_and_lone_star_beer.html]
[www.cw-mccall.com/works/passing_lane/pine_tar_wars.html]
[www.cw-mccall.com/works/rubber_duck/ratchetjaw.html]
[www.cw-mccall.com/works/wilderness/riverside_slide.html]
[www.cw-mccall.com/works/wolf_creek_pass/rocky_mountain_september.html]
[www.cw-mccall.com/works/roses_for_mama/roses_for_mama.html]
[www.cw-mccall.com/works/rubber_duck/round_the_world_with_the_rubber_duck.html]
[www.cw-mccall.com/works/wilderness/roy.html]
[www.cw-mccall.com/works/cw_mccall_and_co/silver_cloud_breakdown.html]
[www.cw-mccall.com/works/wilderness/silver_iodide_blues.html]
[www.cw-mccall.com/works/black_bear_road/silverton.html]
[www.cw-mccall.com/works/rubber_duck/sing_silent_night.html]
[www.cw-mccall.com/works/wolf_creek_pass/sloan.html]
[www.cw-mccall.com/works/rubber_duck/super_slab_showdown.html]
[www.cw-mccall.com/works/roses_for_mama/take_my_duds_to_the_junkman.html]
[www.cw-mccall.com/works/wilderness/telluride_breakdown.html]
[www.cw-mccall.com/works/wilderness/there_wont_be_no_country_music.html]
[www.cw-mccall.com/works/rubber_duck/two_way_lovin.html]
[www.cw-mccall.com/works/roses_for_mama/watch_the_wildwood_flowers.html]
[www.cw-mccall.com/works/cw_mccall_and_co/wheels_of_fortune.html]
[www.cw-mccall.com/works/wilderness/wilderness.html]
[www.cw-mccall.com/works/rubber_duck/windshield_wipers_in_the_rain.html]
[www.cw-mccall.com/works/wolf_creek_pass/wolf_creek_pass.html]
[www.cw-mccall.com/works/black_bear_road/write_me_a_song.html]
[www.cw-mccall.com/works/best_of_cw_mccall/audubon.html]
[www.cw-mccall.com/works/best_of_cw_mccall/black_bear_road.html]
[www.cw-mccall.com/works/best_of_cw_mccall/convoy.html]
[www.cw-mccall.com/works/best_of_cw_mccall/four_wheel_cowboy.html]
[www.cw-mccall.com/works/best_of_cw_mccall/gallopin_goose.html]
[www.cw-mccall.com/works/best_of_cw_mccall/green_river.html]
[www.cw-mccall.com/works/best_of_cw_mccall/jackson_hole.html]
[www.cw-mccall.com/works/best_of_cw_mccall/long_lonesome_road.html]
[www.cw-mccall.com/works/best_of_cw_mccall/old_home_cafe.html]
[www.cw-mccall.com/works/best_of_cw_mccall/there_wont_be_no_country_music.html]
[www.cw-mccall.com/works/best_of_cw_mccall/wolf_creek_pass.html]
[www.cw-mccall.com/works/cw_mccalls_greatest_hits/convoy.html]
[www.cw-mccall.com/works/cw_mccalls_greatest_hits/silverton.html]
[www.cw-mccall.com/works/cw_mccalls_greatest_hits/four_wheel_drive.html]
[www.cw-mccall.com/works/cw_mccalls_greatest_hits/wolf_creek_pass.html]
[www.cw-mccall.com/works/cw_mccalls_greatest_hits/classified.html]
[www.cw-mccall.com/works/cw_mccalls_greatest_hits/there_wont_be_no_country_music.html]
[www.cw-mccall.com/works/cw_mccalls_greatest_hits/old_home_cafe.html]
[www.cw-mccall.com/works/cw_mccalls_greatest_hits/crispy_critters.html]
[www.cw-mccall.com/works/cw_mccalls_greatest_hits/round_the_world_with_the_rubber_duck.html]
[www.cw-mccall.com/works/cw_mccalls_greatest_hits/black_bear_road.html]
[www.cw-mccall.com/works/cw_mccalls_greatest_hits/roses_for_mama.html]
[www.cw-mccall.com/works/cw_mccalls_greatest_hits/aurora_borealis.html]
[www.cw-mccall.com/works/four_wheel_cowboy/audubon.html]
[www.cw-mccall.com/works/four_wheel_cowboy/convoy.html]
[www.cw-mccall.com/works/four_wheel_cowboy/four_wheel_cowboy.html]
[www.cw-mccall.com/works/four_wheel_cowboy/gallopin_goose.html]
[www.cw-mccall.com/works/four_wheel_cowboy/jackson_hole.html]
[www.cw-mccall.com/works/four_wheel_cowboy/old_home_cafe.html]
[www.cw-mccall.com/works/four_wheel_cowboy/there_wont_be_no_country_music.html]
[www.cw-mccall.com/works/four_wheel_cowboy/wolf_creek_pass.html]
[www.cw-mccall.com/works/legendary_cw_mccall/audubon.html]
[www.cw-mccall.com/works/legendary_cw_mccall/black_bear_road.html]
[www.cw-mccall.com/works/legendary_cw_mccall/convoy.html]
[www.cw-mccall.com/works/legendary_cw_mccall/crispy_critters.html]
[www.cw-mccall.com/works/legendary_cw_mccall/four_wheel_cowboy.html]
[www.cw-mccall.com/works/legendary_cw_mccall/gallopin_goose.html]
[www.cw-mccall.com/works/legendary_cw_mccall/jackson_hole.html]
[www.cw-mccall.com/works/legendary_cw_mccall/old_home_cafe.html]
[www.cw-mccall.com/works/legendary_cw_mccall/round_the_world_with_the_rubber_duck.html]
[www.cw-mccall.com/works/legendary_cw_mccall/there_wont_be_no_country_music.html]
[www.cw-mccall.com/works/legendary_cw_mccall/wolf_creek_pass.html]
[www.cw-mccall.com/works/real_mccall/aurora_borealis.html]
[www.cw-mccall.com/works/real_mccall/black_bear_road.html]
[www.cw-mccall.com/works/real_mccall/camp_bird_mine.html]
[www.cw-mccall.com/works/real_mccall/columbine.html]
[www.cw-mccall.com/works/real_mccall/convoy.html]
[www.cw-mccall.com/works/real_mccall/ghost_town.html]
[www.cw-mccall.com/works/real_mccall/glenwood_canyon.html]
[www.cw-mccall.com/works/real_mccall/little_brown_sparrow.html]
[www.cw-mccall.com/works/real_mccall/night_rider.html]
[www.cw-mccall.com/works/real_mccall/rocky_mountain_september.html]
[www.cw-mccall.com/works/real_mccall/roy.html]
[www.cw-mccall.com/works/real_mccall/silverton.html]
[www.cw-mccall.com/works/real_mccall/there_wont_be_no_country_music.html]
[www.cw-mccall.com/works/real_mccall/wilderness.html]
[www.cw-mccall.com/works/real_mccall/wolf_creek_pass.html]
[www.cw-mccall.com/movie/convoy_radio_spot_1.mp3]
[www.cw-mccall.com/news/2016/20160606.html]
[www.cw-mccall.com/news/2015/20151224.html]
[www.cw-mccall.com/news/2015/20150330.html]
[www.cw-mccall.com/news/2014/20141224.html]
[www.cw-mccall.com/news/2013/kson_convoy_code.jpg]
[www.cw-mccall.com/news/2013/kson_convoy_code_600.png]
[www.cw-mccall.com/news/2013/crispy_critter_card.png]
[www.cw-mccall.com/news/2013/20131224.html]
[www.cw-mccall.com/news/2013/20130606.html]
[www.cw-mccall.com/news/2013/walsenburg_colorado.jpg]
[www.cw-mccall.com/news/2013/black_bear_road_error.mp3]
[www.cw-mccall.com/news/2013/black_bear_road_error.ogg]
[www.cw-mccall.com/news/2013/20130430.html]
[www.cw-mccall.com/news/2013/20130304.html]
[www.cw-mccall.com/news/2012/20121225.html]
[www.cw-mccall.com/news/2012/20121115.html]
[www.cw-mccall.com/news/2012/wolf_creek_pass_2012_cover.jpg]
[www.cw-mccall.com/news/2012/rubber_duck_belt_buckle.jpg]
[www.cw-mccall.com/news/2012/bob_norton_colorado_high.jpg]
[www.cw-mccall.com/news/2012/20120910.html]
[www.cw-mccall.com/news/2012/20120806.html]
[www.cw-mccall.com/news/2012/comcast_small.jpg]
[www.cw-mccall.com/news/2012/under_hood_small.gif]
[www.cw-mccall.com/news/2012/michigan.gif]
[www.cw-mccall.com/news/2012/airport_small.jpg]
[www.cw-mccall.com/news/2012/20120702.html]
[www.cw-mccall.com/news/2012/UMMS.jpg.w240h204.jpg]
[www.cw-mccall.com/news/2012/casino.jpg]
[www.cw-mccall.com/news/2012/Dalton_Highway_Map.png]
[www.cw-mccall.com/news/2012/20120606.html]
[www.cw-mccall.com/news/2012/Burma-Shave.jpg]
[www.cw-mccall.com/news/2012/20120507.html]
[www.cw-mccall.com/news/2012/20120409.html]
[www.cw-mccall.com/news/2012/cj_manual.jpg]
[www.cw-mccall.com/news/2012/20120402.html]
[www.cw-mccall.com/news/2012/20120305.html]
[www.cw-mccall.com/news/2012/20120206.html]
[platform.twitter.com/widgets.js]
[www.cw-mccall.com/news/2012/20120109.html]
[www.cw-mccall.com/news/2011/20111205.html]
[www.cw-mccall.com/news/2011/20111107.html]
[www.cw-mccall.com/news/2011/sugar_dispenser_cone_top_160x281.gif]
[www.cw-mccall.com/news/2011/20111004.html]
[www.cw-mccall.com/news/2011/gillard2.pdf]
[www.cw-mccall.com/news/2011/20110905.html]
[www.cw-mccall.com/news/2011/20110801.html]
[www.cw-mccall.com/news/2011/greatest_wheeling_songb.jpg]
[www.cw-mccall.com/news/2011/greatest_wheeling_songb_small.jpg]
[www.cw-mccall.com/news/2011/20110713.html]
[www.cw-mccall.com/news/2011/20110606.html]
[www.cw-mccall.com/news/2011/20110502.html]
[www.cw-mccall.com/news/2011/20110404.html]
[www.cw-mccall.com/news/2011/20110307.html]
[www.cw-mccall.com/news/2011/20110207.html]
[www.cw-mccall.com/news/2011/20110110.html]
[www.cw-mccall.com/news/2010/Starship Enterprise Christmas light display.jpg]
[www.cw-mccall.com/news/2010/20101224.html]
[www.cw-mccall.com/news/2010/20101206.html]
[www.cw-mccall.com/news/2010/20101108.html]
[www.cw-mccall.com/news/2010/Ed Myers 2010-07-13 13.36.14.jpg]
[www.cw-mccall.com/news/2010/20100722.html]
[www.cw-mccall.com/news/2010/Ladies and Gentlemen of the Jury obverse 104x160.png]
[www.cw-mccall.com/news/2010/41dKIOpn01L._SL160_.jpg]
[www.cw-mccall.com/news/2010/41jGsklr9rL._SL160_.jpg]
[www.cw-mccall.com/news/2010/416CaQN4nqL._SL160_.jpg]
[www.cw-mccall.com/news/2010/419GsdkRcCL._SL160_.jpg]
[www.cw-mccall.com/news/2010/20100606.html]
[www.cw-mccall.com/news/external_articles/LimeWire Music Blog 2010-05-06.pdf]
[www.cw-mccall.com/news/2010/20100511.html]
[www.cw-mccall.com/news/2010/20100310.html]
[www.cw-mccall.com/news/2010/20100204.html]
[www.cw-mccall.com/news/2009/20091224.html]
[www.cw-mccall.com/news/2009/20091110.html]
[www.cw-mccall.com/news/2009/20090921.html]
[www.cw-mccall.com/news/2009/20090831.html]
[www.cw-mccall.com/news/2008/20081224.html]
[www.cw-mccall.com/news/2008/20080731.html]
[www.cw-mccall.com/news/2008/20080523.html]
[www.cw-mccall.com/news/2007/20071224.html]
[www.cw-mccall.com/news/2007/20071111.html]
[www.cw-mccall.com/news/2007/20071103.html]
[www.cw-mccall.com/news/2007/20070825.html]
[www.cw-mccall.com/news/2007/20070803.html]
[www.cw-mccall.com/news/2007/20070706.html]
[www.cw-mccall.com/news/2007/20070628.html]
[www.cw-mccall.com/news/2007/20070613.html]
[www.cw-mccall.com/news/2007/20070612.html]
[www.cw-mccall.com/critters/CW_McCall_Places.kmz]
[www.cw-mccall.com/news/2007/20070211.html]
[www.cw-mccall.com/news/2006/20061223.html]
[www.cw-mccall.com/news/2006/20061115.html]
[www.cw-mccall.com/news/2006/20060717.html]
[www.cw-mccall.com/news/2006/20060519.html]
[www.cw-mccall.com/news/2006/20060401.html]
[www.cw-mccall.com/news/2005/20051224.html]
[www.cw-mccall.com/news/2005/20051111.html]
[www.cw-mccall.com/news/2004/20041224.html]
[www.cw-mccall.com/news/2004/20041105.html]
[www.cw-mccall.com/news/2004/20040924.html]
[www.cw-mccall.com/news/2004/20040904.html]
[www.cw-mccall.com/news/2004/20040710.html]
[truckitrecords.com/stv1.4d9.delayed]
[www.cw-mccall.com/news/2004/20040619.html]
[www.cw-mccall.com/news/2004/20040606.html]
[www.cw-mccall.com/news/2004/20040424.html]
[www.cw-mccall.com/news/2004/20040331.html]
[www.cw-mccall.com/news/2003/20031224.html]
[www.cw-mccall.com/news/2003/20031115.html]
[www.cw-mccall.com/news/2003/20031020.html]
[www.cw-mccall.com/news/2003/20031006.html]
[www.cw-mccall.com/news/2003/20030915.html]
[www.cw-mccall.com/news/2003/20030902.html]
[www.cw-mccall.com/news/2003/20030811.html]
[www.cw-mccall.com/news/2003/20030728.html]
[www.cw-mccall.com/news/2003/20030707.html]
[www.cw-mccall.com/news/2003/20030616.html]
[www.cw-mccall.com/news/2003/20030602.html]
[www.cw-mccall.com/news/2003/20030519.html]
[www.cw-mccall.com/news/2003/20030506.html]
[www.cw-mccall.com/news/2003/20030421.html]
[www.cw-mccall.com/news/2003/20030407.html]
[www.cw-mccall.com/news/2003/20030317.html]
[www.cw-mccall.com/news/2003/20030303.html]
[www.cw-mccall.com/news/2003/20030217.html]
[www.cw-mccall.com/news/2003/20030203.html]
[www.cw-mccall.com/news/2003/20030120.html]
[www.cw-mccall.com/news/2003/20030106.html]
[www.cw-mccall.com/news/2002/images/rrctnw16.jpg]
[www.cw-mccall.com/news/2002/20021216.html]
[www.cw-mccall.com/news/2002/20021202.html]
[www.cw-mccall.com/news/2002/20021118.html]
[www.cw-mccall.com/news/2002/20021106.html]
[www.cw-mccall.com/news/2002/20021021.html]
[www.cw-mccall.com/news/2002/images/NewYorkAVISreversed.jpg]
[www.cw-mccall.com/news/2002/20021007.html]
[www.cw-mccall.com/news/2002/20020916.html]
[www.cw-mccall.com/news/2002/images/fiscus_cityhall.jpg]
[www.cw-mccall.com/news/2002/images/fiscus_cityhall_small.jpg]
[www.cw-mccall.com/news/2002/images/fiscus_garage.jpg]
[www.cw-mccall.com/news/2002/images/fiscus_garage_small.jpg]
[www.cw-mccall.com/news/2002/images/fiscus_park.jpg]
[www.cw-mccall.com/news/2002/images/fiscus_park_small.jpg]
[www.cw-mccall.com/news/2002/20020902.html]
[www.cw-mccall.com/news/2002/20020821.html]
[www.cw-mccall.com/news/2002/images/14milesSEofCouncilBluffs.jpg]
[www.cw-mccall.com/news/2002/images/14milesSEofCouncilBluffssmall.jpg]
[www.cw-mccall.com/news/2002/images/floydmonument.jpg]
[www.cw-mccall.com/news/2002/images/floydmonumentsmall.jpg]
[www.cw-mccall.com/news/2002/20020729.html]
[www.cw-mccall.com/news/2002/images/realmccalldiscs.jpg]
[www.cw-mccall.com/news/2002/images/realmccalldiscs2.jpg]
[www.cw-mccall.com/news/2002/images/blackbearroadgold.jpg]
[www.cw-mccall.com/news/2002/images/clioawards.jpg]
[www.cw-mccall.com/news/2002/images/harpsichord.jpg]
[www.cw-mccall.com/news/2002/images/harpsichordsmall.jpg]
[www.cw-mccall.com/news/2002/images/egyptiansetsource.jpg]
[www.cw-mccall.com/news/2002/images/egyptiansetsourcesmall.jpg]
[www.cw-mccall.com/news/2002/images/chipsmonalisa.jpg]
[www.cw-mccall.com/news/2002/images/chipsmonalisasmall.jpg]
[www.cw-mccall.com/news/2002/images/russiantourposter1.jpg]
[www.cw-mccall.com/news/2002/images/russiantourposter1small.jpg]
[www.cw-mccall.com/news/2002/images/russiantourposter2.jpg]
[www.cw-mccall.com/news/2002/images/russiantourposter2small.jpg]
[www.cw-mccall.com/news/2002/images/greekmask.jpg]
[www.cw-mccall.com/news/2002/images/greekmasksmall.jpg]
[www.cw-mccall.com/news/2002/images/fortcalhounnuclearpowerplant.jpg]
[www.cw-mccall.com/news/2002/20020715.html]
[www.cw-mccall.com/news/2002/images/I-80Iowa.jpg]
[www.cw-mccall.com/news/2002/images/I-80Iowasmall.jpg]
[www.cw-mccall.com/news/2002/images/historicgrinnell1.jpg]
[www.cw-mccall.com/news/2002/images/historicgrinnell1small.jpg]
[www.cw-mccall.com/news/2002/images/historicgrinnell2.jpg]
[www.cw-mccall.com/news/2002/images/historicgrinnell2small.jpg]
[www.cw-mccall.com/news/2002/images/leeandbryan.jpg]
[www.cw-mccall.com/news/2002/images/leeandbryansmall.jpg]
[www.cw-mccall.com/news/2002/images/kiddieconvoy.jpg]
[www.cw-mccall.com/news/2002/images/kiddieconvoysmall.jpg]
[www.cw-mccall.com/news/2002/images/understandingtruckin.jpg]
[www.cw-mccall.com/news/2002/images/cbmched.jpg]
[www.cw-mccall.com/news/2002/20020701.html]
[www.cw-mccall.com/news/2002/images/cafetourists.jpg]
[www.cw-mccall.com/news/2002/images/103SLeroyStAudubon.jpg]
[www.cw-mccall.com/news/2002/images/whitehousecafe.jpg]
[www.cw-mccall.com/news/2002/images/cityhallFiscus.jpg]
[www.cw-mccall.com/news/2002/images/RickettsSign.jpg]
[www.cw-mccall.com/news/2002/images/railroadtracksofpersia.jpg]
[www.cw-mccall.com/news/2002/images/beebeetownramp.jpg]
[www.cw-mccall.com/news/2002/20020617.html]
[www.cw-mccall.com/news/2002/20020603.html]
[www.cw-mccall.com/news/2002/20020520.html]
[www.cw-mccall.com/news/2002/20020506.html]
[www.cw-mccall.com/news/2002/20020429.html]
[www.cw-mccall.com/news/2002/20020415.html]
[www.cw-mccall.com/news/2002/20020401.html]
[www.cw-mccall.com/news/2002/20020318.html]
[www.cw-mccall.com/news/2002/20020304.html]
[www.cw-mccall.com/news/2002/20020218.html]
[www.cw-mccall.com/news/2002/20020204.html]
[www.cw-mccall.com/news/2002/20020121.html]
[www.cw-mccall.com/news/2002/20020107.html]
[www.cw-mccall.com/news/2001/20011224.html]
[www.cw-mccall.com/news/2001/20011210.html]
[www.cw-mccall.com/news/2001/20011126.html]
[www.cw-mccall.com/news/2001/20011115.html]
[www.cw-mccall.com/news/2001/20011105.html]
[www.cw-mccall.com/news/2001/20011022.html]
[www.cw-mccall.com/news/2001/20011008.html]
[www.cw-mccall.com/news/2001/20010924.html]
[www.cw-mccall.com/news/2001/20010910.html]
[www.cw-mccall.com/news/2001/20010827.html]
[www.cw-mccall.com/news/2001/20010813.html]
[www.cw-mccall.com/news/2001/20010730.html]
[www.cw-mccall.com/news/2001/20010716.html]
[www.cw-mccall.com/news/2001/20010702.html]
[www.cw-mccall.com/news/2001/20010618.html]
[www.cw-mccall.com/news/2001/20010606.html]
[www.cw-mccall.com/news/2001/20010521.html]
[www.cw-mccall.com/news/2001/20010507.html]
[www.cw-mccall.com/news/2001/20010423.html]
[www.cw-mccall.com/news/2001/20010409.html]
[www.cw-mccall.com/news/2001/20010326.html]
[www.cw-mccall.com/news/2001/20010312.html]
[www.cw-mccall.com/news/2001/20010226.html]
[www.cw-mccall.com/news/2001/20010212.html]
[www.cw-mccall.com/news/2001/20010129.html]
[www.cw-mccall.com/news/2001/20010115.html]
[www.cw-mccall.com/news/2001/20010101.html]
[www.cw-mccall.com/news/2000/20001218.html]
[www.cw-mccall.com/news/2000/20001211.html]
[www.cw-mccall.com/news/2000/20001204.html]
[www.cw-mccall.com/news/2000/20001127.html]
[www.cw-mccall.com/news/2000/20001120.html]
[www.cw-mccall.com/news/2000/20001113.html]
[www.cw-mccall.com/news/2000/20001106.html]
[www.cw-mccall.com/news/2000/20001030.html]
[www.cw-mccall.com/news/2000/20001016.html]
[www.cw-mccall.com/news/2000/20001009.html]
[www.cw-mccall.com/news/2000/20000925.html]
[www.cw-mccall.com/news/2000/20000918.html]
[www.cw-mccall.com/news/2000/20000911.html]
[www.cw-mccall.com/news/2000/20000904.html]
[www.cw-mccall.com/news/2000/20000828.html]
[www.cw-mccall.com/news/2000/20000821.html]
[www.cw-mccall.com/news/2000/20000814.html]
[www.cw-mccall.com/news/2000/20000807.html]
[www.cw-mccall.com/news/2000/20000731.html]
[www.cw-mccall.com/news/2000/20000724.html]
[www.cw-mccall.com/news/2000/20000717.html]
[www.cw-mccall.com/news/2000/20000710.html]
[www.cw-mccall.com/news/2000/20000703.html]
[www.cw-mccall.com/news/2000/20000626.html]
[www.cw-mccall.com/news/2000/20000618.html]
[www.cw-mccall.com/news/2000/20000605.html]
[www.cw-mccall.com/news/2000/20000529.html]
[www.cw-mccall.com/news/2000/20000522.html]
[www.cw-mccall.com/news/2000/20000515.html]
[www.cw-mccall.com/news/2000/20000508.html]
[www.cw-mccall.com/news/2000/20000501.html]
[www.cw-mccall.com/news/2000/20000417.html]
[www.cw-mccall.com/news/2000/20000410.html]
[www.cw-mccall.com/news/2000/20000403.html]
[www.cw-mccall.com/news/2000/20000327.html]
[www.cw-mccall.com/news/2000/20000320.html]
[www.cw-mccall.com/news/2000/20000313.html]
[www.cw-mccall.com/news/2000/20000306.html]
[www.cw-mccall.com/news/2000/20000228.html]
[www.cw-mccall.com/news/2000/20000221.html]
[www.cw-mccall.com/news/2000/20000214.html]
[www.cw-mccall.com/news/2000/20000207.html]
[www.cw-mccall.com/news/2000/20000131.html]
[www.cw-mccall.com/news/2000/20000124.html]
[www.cw-mccall.com/news/2000/20000110.html]
[www.cw-mccall.com/news/2000/20000103.html]
[www.cw-mccall.com/news/1999/19991227.html]
[www.cw-mccall.com/news/1999/19991220.html]
[www.cw-mccall.com/news/1999/19991213.html]
[www.cw-mccall.com/news/1999/19991129.html]
[www.cw-mccall.com/news/1999/19991122.html]
[www.cw-mccall.com/news/1999/19991115.html]
[www.cw-mccall.com/news/1999/19991108.html]
[narrowgauge.org/images/mark/Ouray-PC-2.516.delayed]
[www.cw-mccall.com/news/1999/19991101.html]
[www.cw-mccall.com/news/1999/19991025.html]
[www.cw-mccall.com/news/1999/19991018.html]
[www.cw-mccall.com/news/1999/19991011.html]
[www.cw-mccall.com/news/1999/19991004.html]
[www.cw-mccall.com/news/1999/19990928.html]
[www.cw-mccall.com/news/1999/19990920.html]
[www.cw-mccall.com/news/1999/19990906.html]
[www.cw-mccall.com/news/1999/19990830.html]
[www.cw-mccall.com/news/1999/19990823.html]
[www.cw-mccall.com/news/1999/19990816.html]
[www.cw-mccall.com/news/1999/19990809.html]
[www.cw-mccall.com/news/1999/19990802.html]
[www.cw-mccall.com/news/1999/19990726.html]
[www.cw-mccall.com/news/1999/19990719.html]
[www.cw-mccall.com/news/1999/19990712.html]
[www.narrowgauge.org/4x4/HTML/autumn.519.delayed]
[www.cw-mccall.com/news/1999/19990704.html]
[www.cw-mccall.com/news/1999/19990628.html]
[www.cw-mccall.com/news/1999/19990621.html]
[www.cw-mccall.com/news/1999/19990614.html]
[www.cw-mccall.com/news/1999/19990612.html]
[www.cw-mccall.com/news/1999/19990610.html]
[www.cw-mccall.com/news/1999/19990609.html]
[www.cw-mccall.com/news/1999/19990607.html]
[www.cw-mccall.com/news/1999/19990606.html]
[www.cw-mccall.com/news/1999/19990530.html]
[www.cw-mccall.com/news/1999/19990524.html]
[www.cw-mccall.com/news/1999/19990516.html]
[www.cw-mccall.com/news/1999/19990509.html]
[www.cw-mccall.com/news/1999/19990429.html]
[www.cw-mccall.com/news/1999/19990418.html]
[www.cw-mccall.com/news/1999/19990411.html]
[www.cw-mccall.com/news/1999/19990404.html]
[www.cw-mccall.com/news/1999/19990329.html]
[www.cw-mccall.com/news/1999/19990319.html]
[www.cw-mccall.com/news/1999/19990314.html]
[www.cw-mccall.com/news/1999/19990307.html]
[www.cw-mccall.com/news/1999/19990226.html]
[www.cw-mccall.com/news/1999/19990219.html]
[www.cw-mccall.com/news/1999/19990211.html]
[www.cw-mccall.com/news/1999/19990203.html]
[www.cw-mccall.com/news/1999/19990128.html]
[www.cw-mccall.com/news/1999/19990118.html]
[www.cw-mccall.com/news/1998/19981222.html]
[www.cw-mccall.com/news/1998/19981213.html]
[www.cw-mccall.com/news/1998/19981129.html]
[www.cw-mccall.com/news/1998/19981122.html]
[www.cw-mccall.com/news/1998/19981115.html]
[www.cw-mccall.com/news/1998/19981108.html]
[www.cw-mccall.com/news/1998/19981025.html]
[www.cw-mccall.com/news/1998/19981011.html]
[www.cw-mccall.com/news/1998/19981004.html]
[www.cw-mccall.com/news/1998/19980920.html]
[www.cw-mccall.com/news/1998/19980913.html]
[www.cw-mccall.com/news/1998/19980901.html]
[www.cw-mccall.com/news/1998/19980823.html]
[www.cw-mccall.com/news/1998/19980815.html]
[www.cw-mccall.com/news/1998/19980810.html]
[www.cw-mccall.com/news/1998/19980802.html]
[www.cw-mccall.com/news/1998/19980725.html]
[www.cw-mccall.com/news/1998/19980719.html]
[www.cw-mccall.com/news/1998/19980712.html]
[www.cw-mccall.com/news/1998/19980710.html]
[www.cw-mccall.com/news/1998/19980709.html]
[www.cw-mccall.com/news/1998/19980708.html]
[www.cw-mccall.com/news/1998/19980707.html]
[www.cw-mccall.com/news/1998/19980706.html]
[www.cw-mccall.com/news/1998/19980705.html]
[www.cw-mccall.com/news/1998/19980624.html]
[www.cw-mccall.com/news/1998/19980621.html]
[www.cw-mccall.com/news/1998/19980615.html]
[www.cw-mccall.com/news/1998/19980315.html]
[www.cw-mccall.com/cafe/nextgen.html]
[www.cw-mccall.com/cafe/tales.html]
[www.cw-mccall.com/critters/swimming_pool.html]
[www.cw-mccall.com/critters/loose.html]
[www.cw-mccall.com/critters/castles.html]
[www.cw-mccall.com/critters/youknow.html]
[www.cw-mccall.com/drive-in/my_name_is_earl.html]
[www.cw-mccall.com/drive-in/convoy_rich_little_show_1976.html]
[www.cw-mccall.com/drive-in/paul_lynde.html]
[www.cw-mccall.com/drive-in/old_home_is_good_buns.html]
[www.cw-mccall.com/drive-in/cold_case.html]
[www.cw-mccall.com/drive-in/ncis.html]
[www.cw-mccall.com/index-2.html]
[www.cw-mccall.com/emporium/old_home_dvd.html]
[www.cw-mccall.com/emporium/tom_claffey.html]
[www.cw-mccall.com/emporium/hood_ornament.html]
[www.cw-mccall.com/emporium/american_spirit.html]
[www.cw-mccall.com/emporium/cw_mccalls_greatest_hits.html]
[www.cw-mccall.com/emporium/best_of_cw_mccall.html]
[www.cw-mccall.com/museum/als_cafe.html]
[www.cw-mccall.com/museum/glossy.html]
[www.cw-mccall.com/museum/fanclub.html]
[www.cw-mccall.com/museum/cookbook.html]
[www.cw-mccall.com/museum/commercialspeech.html]
[www.cw-mccall.com/museum/mack.html]
[www.cw-mccall.com/museum/ticket.html]
[www.cw-mccall.com/museum/InsertMovieHallmarkCard.js]
[www.cw-mccall.com/museum/hallmark.html]
[www.cw-mccall.com/museum/convoy_buddy.html]
[www.cw-mccall.com/museum/mug.html]
[www.cw-mccall.com/museum/popnotes.html]
[www.cw-mccall.com/museum/musicbook.html]
[www.cw-mccall.com/museum/star_magazine.html]
[www.cw-mccall.com/critters/loose_norton.html]
[www.cw-mccall.com/library/concordance.html]
[www.cw-mccall.com/library/convoynovel.html]
[www.cw-mccall.com/library/darkOfTheMoon.html]
[www.cw-mccall.com/library/sheet_music/index.html]
[www.cw-mccall.com/library/simpsons10code.html]
[www.narrowgauge.org/4x4/images/black_bear/mal_4_bbr20.jpg]
[www.narrowgauge.org/4x4/images/black_bear/tnails/tn_mal_4_bbr20.jpg]
[www.narrowgauge.org/4x4/images/black_bear/black1.jpg]
[www.narrowgauge.org/4x4/images/black_bear/tnails/tn_black1.jpg]
[www.narrowgauge.org/4x4/maps/bbmap.jpg]
[www.narrowgauge.org/4x4/maps/bbrtopo.jpg]
[www.narrowgauge.org/4x4/images/bbrtopo_button.jpg]
[www.narrowgauge.org/4x4/images/black_bear/blacka.jpg]
[www.narrowgauge.org/4x4/images/black_bear/tnails/tn_blacka.jpg]
[www.narrowgauge.org/4x4/images/black_bear/blackb.jpg]
[www.narrowgauge.org/4x4/images/black_bear/tnails/tn_blackb.jpg]
[www.narrowgauge.org/4x4/images/black_bear/blackc.jpg]
[www.narrowgauge.org/4x4/images/black_bear/tnails/tn_blackc.jpg]
[www.narrowgauge.org/4x4/images/black_bear/blackd.jpg]
[www.narrowgauge.org/4x4/images/black_bear/tnails/tn_blackd.jpg]
[www.narrowgauge.org/4x4/images/black_bear/blacke.jpg]
[www.narrowgauge.org/4x4/images/black_bear/tnails/tn_blacke.jpg]
[www.narrowgauge.org/4x4/images/black_bear/blackf.jpg]
[www.narrowgauge.org/4x4/images/black_bear/tnails/tn_blackf.jpg]
[www.narrowgauge.org/4x4/images/black_bear/black2.jpg]
[www.narrowgauge.org/4x4/images/black_bear/tnails/tn_black2.jpg]
[www.narrowgauge.org/4x4/images/black_bear/truck1.jpg]
[www.narrowgauge.org/4x4/images/black_bear/tnails/tn_truck1.jpg]
[www.narrowgauge.org/4x4/images/black_bear/black3.jpg]
[www.narrowgauge.org/4x4/images/black_bear/tnails/tn_black3.jpg]
[www.narrowgauge.org/4x4/images/black_bear/black4.jpg]
[www.narrowgauge.org/4x4/images/black_bear/tnails/tn_black4.jpg]
[www.narrowgauge.org/4x4/images/black_bear/black5.jpg]
[www.narrowgauge.org/4x4/images/black_bear/tnails/tn_black5.jpg]
[www.narrowgauge.org/4x4/images/black_bear/black6.jpg]
[www.narrowgauge.org/4x4/images/black_bear/tnails/tn_black6.jpg]
[www.narrowgauge.org/4x4/images/black_bear/black7.jpg]
[www.narrowgauge.org/4x4/images/black_bear/tnails/tn_black7.jpg]
[www.narrowgauge.org/4x4/images/black_bear/black8.jpg]
[www.narrowgauge.org/4x4/images/black_bear/tnails/tn_black8.jpg]
[www.narrowgauge.org/4x4/images/black_bear/black9.jpg]
[www.narrowgauge.org/4x4/images/black_bear/tnails/tn_black9.jpg]
[www.narrowgauge.org/4x4/images/black_bear/black11.jpg]
[www.narrowgauge.org/4x4/images/black_bear/tnails/tn_black11.jpg]
[www.narrowgauge.org/4x4/images/black_bear/black10.jpg]
[www.narrowgauge.org/4x4/images/black_bear/tnails/tn_black10.jpg]
[www.narrowgauge.org/4x4/images/black_bear/black13.jpg]
[www.narrowgauge.org/4x4/images/black_bear/tnails/tn_black13.jpg]
[www.narrowgauge.org/4x4/images/black_bear/black14.jpg]
[www.narrowgauge.org/4x4/images/black_bear/tnails/tn_black14.jpg]
[www.narrowgauge.org/4x4/images/black_bear/003_016.jpg]
[www.narrowgauge.org/4x4/images/black_bear/tnails/tn_003_016.jpg]
[www.narrowgauge.org/4x4/images/black_bear/003_018.jpg]
[www.narrowgauge.org/4x4/images/black_bear/tnails/tn_003_018.jpg]
[www.narrowgauge.org/4x4/images/black_bear/003_023.jpg]
[www.narrowgauge.org/4x4/images/black_bear/tnails/tn_003_023.jpg]
[www.narrowgauge.org/4x4/images/black_bear/003_024.jpg]
[www.narrowgauge.org/4x4/images/black_bear/tnails/tn_003_024.jpg]
[www.narrowgauge.org/4x4/images/black_bear/blackbear_pandora.jpg]
[www.narrowgauge.org/4x4/images/black_bear/tnails/tn_blackbear_pandora.jpg]
[www.narrowgauge.org/4x4/images/black_bear/blackbear_steps.jpg]
[www.narrowgauge.org/4x4/images/black_bear/tnails/tn_blackbear_steps.jpg]
[www.narrowgauge.org/4x4/images/black_bear/mal_4_bbr01.jpg]
[www.narrowgauge.org/4x4/images/black_bear/tnails/tn_mal_4_bbr01.jpg]
[www.narrowgauge.org/4x4/images/black_bear/mal_4_bbr02.jpg]
[www.narrowgauge.org/4x4/images/black_bear/tnails/tn_mal_4_bbr02.jpg]
[www.narrowgauge.org/4x4/images/black_bear/mal_4_bbr03.jpg]
[www.narrowgauge.org/4x4/images/black_bear/tnails/tn_mal_4_bbr03.jpg]
[www.narrowgauge.org/4x4/images/black_bear/mal_4_bbr06.jpg]
[www.narrowgauge.org/4x4/images/black_bear/tnails/tn_mal_4_bbr06.jpg]
[www.narrowgauge.org/4x4/images/black_bear/mal_4_bbr04.jpg]
[www.narrowgauge.org/4x4/images/black_bear/tnails/tn_mal_4_bbr04.jpg]
[www.narrowgauge.org/4x4/images/black_bear/mal_4_bbr05.jpg]
[www.narrowgauge.org/4x4/images/black_bear/tnails/tn_mal_4_bbr05.jpg]
[www.narrowgauge.org/4x4/images/black_bear/mal_4_bbr07.jpg]
[www.narrowgauge.org/4x4/images/black_bear/tnails/tn_mal_4_bbr07.jpg]
[www.narrowgauge.org/4x4/images/black_bear/mal_4_bbr21.jpg]
[www.narrowgauge.org/4x4/images/black_bear/tnails/tn_mal_4_bbr21.jpg]
[www.narrowgauge.org/4x4/images/black_bear/mal_4_bbr09.jpg]
[www.narrowgauge.org/4x4/images/black_bear/tnails/tn_mal_4_bbr09.jpg]
[www.narrowgauge.org/4x4/images/black_bear/mal_4_bbr08.jpg]
[www.narrowgauge.org/4x4/images/black_bear/tnails/tn_mal_4_bbr08.jpg]
[www.narrowgauge.org/4x4/images/black_bear/mal_4_bbr10.jpg]
[www.narrowgauge.org/4x4/images/black_bear/tnails/tn_mal_4_bbr10.jpg]
[www.narrowgauge.org/4x4/images/black_bear/mal_4_bbr11.jpg]
[www.narrowgauge.org/4x4/images/black_bear/tnails/tn_mal_4_bbr11.jpg]
[www.narrowgauge.org/4x4/images/black_bear/mal_4_bbr12.jpg]
[www.narrowgauge.org/4x4/images/black_bear/tnails/tn_mal_4_bbr12.jpg]
[www.narrowgauge.org/4x4/images/black_bear/mal_4_bbr13.jpg]
[www.narrowgauge.org/4x4/images/black_bear/tnails/tn_mal_4_bbr13.jpg]
[www.narrowgauge.org/4x4/images/black_bear/mal_4_bbr14.jpg]
[www.narrowgauge.org/4x4/images/black_bear/tnails/tn_mal_4_bbr14.jpg]
[www.narrowgauge.org/4x4/images/black_bear/mal_4_bbr16.jpg]
[www.narrowgauge.org/4x4/images/black_bear/tnails/tn_mal_4_bbr16.jpg]
[www.narrowgauge.org/4x4/images/black_bear/mal_4_bbr15.jpg]
[www.narrowgauge.org/4x4/images/black_bear/tnails/tn_mal_4_bbr15.jpg]
[www.narrowgauge.org/4x4/images/black_bear/mal_4_bbr17.jpg]
[www.narrowgauge.org/4x4/images/black_bear/tnails/tn_mal_4_bbr17.jpg]
[www.narrowgauge.org/4x4/images/black_bear/mal_4_bbr18.jpg]
[www.narrowgauge.org/4x4/images/black_bear/tnails/tn_mal_4_bbr18.jpg]
[www.narrowgauge.org/4x4/images/black_bear/mal_4_bbr19.jpg]
[www.narrowgauge.org/4x4/images/black_bear/tnails/tn_mal_4_bbr19.jpg]
[www.narrowgauge.org/4x4/images/black_bear/mal_4_bbr12a.jpg]
[www.narrowgauge.org/4x4/images/black_bear/tnails/tn_mal_4_bbr12a.jpg]
[www.narrowgauge.org/4x4/html/blkbear.html]
[www.urbaneagle.com/ds/DS481-2btn.gif]
[www.urbaneagle.com/slim/slimlogo2.gif]
[www.urbaneagle.com/ds/DSlogosm.gif]
[www.urbaneagle.com/rsrc/dot_redorange.gif]
[www.urbaneagle.com/ds/DSloco-ball2.jpg]
[www.urbaneagle.com/ds/DScars-ball2.jpg]
[www.urbaneagle.com/ds/DSmine-ball2.jpg]
[www.urbaneagle.com/ds/DSbridge-ball2.jpg]
[www.urbaneagle.com/ds/DSsilv-ball2.jpg]
[www.urbaneagle.com/rsrc/dot_yelloworange.gif]
[www.urbaneagle.com/rsrc/dot_black.gif]
[www.urbaneagle.com/slim/btnlaws04.gif]
[www.urbaneagle.com/datrains/TT-39sm.jpg]
[www.urbaneagle.com/rsrc/dot_yellow.gif]
[www.urbaneagle.com/ds/durango.html]
[www.urbaneagle.com/slim/sp9lamp.gif]
[www.urbaneagle.com/slim/slim2spacer.gif]
[www.urbaneagle.com/slim/slim2welcome.gif]
[www.urbaneagle.com/slim/slim2map.gif]
[www.urbaneagle.com/slim/index.html]
[www.cw-mccall.com/convoys/convoy2kx/index.html]
[www.cw-mccall.com/convoys/convoy_2000/index.html]
[www.cw-mccall.com/convoys/rockies.html]
[www.cw-mccall.com/detours/cravings.html]
[www.cw-mccall.com/detours/castle.html]
[www.narrowgauge.org/ncmap/whatsnew.html]
[www.narrowgauge.org/index-2.html]
[www.narrowgauge.org/ncmap/ted/www.bayside.net/users/evans/ncmap/ted/final.html]
[www.narrowgauge.org/ngc/html/excursion4/excursion4-tkc-1.html]
[www.narrowgauge.org/ngc/graphics/excursion4/excursion4-denver-como-button.jpg]
[www.narrowgauge.org/ngc/html/excursion4/excursion4-tkc-2.html]
[www.narrowgauge.org/ngc/graphics/excursion4/excursion4-como-leadville-button.jpg]
[www.narrowgauge.org/ncmap/ted/dspphoto_three.html]
[www.narrowgauge.org/ngc/graphics/excursion4/excursion4-como-nathrop-button.jpg]
[www.narrowgauge.org/ngc/html/excursion4/excursion4-tkc-4.html]
[www.narrowgauge.org/ngc/graphics/excursion4/excursion4-nathrop-baldwin-button.jpg]
[www.narrowgauge.org/ngc/html/excursion4/excursion4-tkc-main.html]
[www.narrowgauge.org/ngc/graphics/tkierscey/tkc-banner.jpg]
[www.narrowgauge.org/ngc/graphics/excursion6/excursion6-cccr-map.jpg]
[www.narrowgauge.org/ngc/html/excursion6/excursion6-cccanyon.html]
[www.narrowgauge.org/ngc/html/excursion6/excursion6-beaver-brook.html]
[www.narrowgauge.org/ngc/html/excursion6/excursion6-forkscreek.html]
[www.narrowgauge.org/ngc/html/excursion6/excursion6-golden.html]
[www.narrowgauge.org/ngc/html/excursion6/excursion6-georgetown.html]
[www.narrowgauge.org/ngc/html/excursion6/excursion6-centralcity.html]
[www.narrowgauge.org/ngc/html/excursion6/excursion6-blackhawk.html]
[www.narrowgauge.org/ngc/html/excursion6/excursion6-idahosprings.html]
[www.narrowgauge.org/ngc/html/excursion6/excursion6-other.html]
[www.narrowgauge.org/ngc/graphics/excursion6/excursion6-tkc-return-button.jpg]
[www.narrowgauge.org/ngc/html/excursion6/tkc-colorado-central-rr.html]
[www.narrowgauge.org/images/tkcok/m00290.jpg]
[www.narrowgauge.org/images/tkcok/tnails/s00290.jpg]
[www.narrowgauge.org/images/tkcok/m00246.jpg]
[www.narrowgauge.org/images/tkcok/tnails/s00246.jpg]
[www.narrowgauge.org/images/tkcok/m00162.jpg]
[www.narrowgauge.org/images/tkcok/tnails/s00162.jpg]
[www.narrowgauge.org/images/tkcok/m00158.jpg]
[www.narrowgauge.org/images/tkcok/tnails/s00158.jpg]
[www.narrowgauge.org/images/tkcok/m00153.jpg]
[www.narrowgauge.org/images/tkcok/tnails/s00153.jpg]
[www.narrowgauge.org/images/tkcok/m00139.jpg]
[www.narrowgauge.org/images/tkcok/tnails/s00139.jpg]
[www.narrowgauge.org/images/tkcok/m00129.jpg]
[www.narrowgauge.org/images/tkcok/tnails/s00129.jpg]
[www.narrowgauge.org/images/drg_tkc_return_button.jpg]
[www.narrowgauge.org/ncmap/ted/c&sphoto.html]
[www.narrowgauge.org/maps/drg_tkc_map.jpg]
[www.narrowgauge.org/ncmap/ted/drg_leadville.html]
[www.narrowgauge.org/ncmap/ted/drg_montrose.html]
[www.narrowgauge.org/ncmap/ted/drg_salida.html]
[www.narrowgauge.org/ncmap/ted/drg_royal_gorge.html]
[www.narrowgauge.org/ncmap/ted/drg_muleshoe.html]
[www.narrowgauge.org/ncmap/ted/drg_marshall_pass.html]
[www.narrowgauge.org/ncmap/ted/drg_laveta_pass.html]
[www.narrowgauge.org/ncmap/ted/drg_black_canyon.html]
[www.narrowgauge.org/ncmap/ted/drg_silver_cliff.html]
[www.narrowgauge.org/ncmap/ted/drg_colorado_springs.html]
[www.narrowgauge.org/ncmap/ted/drg_silverton_branch.html]
[www.narrowgauge.org/ncmap/ted/drg_chama_durango.html]
[www.narrowgauge.org/ncmap/ted/drg_ouray.html]
[www.narrowgauge.org/ncmap/ted/drg_other.html]
[www.narrowgauge.org/ncmap/ted/drg_tkc.html]
[www.narrowgauge.org/images/tkcok/m00307.jpg]
[www.narrowgauge.org/images/tkcok/tnails/s00307.jpg]
[www.narrowgauge.org/images/tkcok/m00306.jpg]
[www.narrowgauge.org/images/tkcok/tnails/s00306.jpg]
[www.narrowgauge.org/images/tkcok/m00267.jpg]
[www.narrowgauge.org/images/tkcok/tnails/s00267.jpg]
[www.narrowgauge.org/images/tkcok/m00245.jpg]
[www.narrowgauge.org/images/tkcok/tnails/s00245.jpg]
[www.narrowgauge.org/images/tkcok/m0010.jpg]
[www.narrowgauge.org/images/tkcok/tnails/s0010.jpg]
[www.narrowgauge.org/images/tkcok/m0043.jpg]
[www.narrowgauge.org/images/tkcok/tnails/s0043.jpg]
[www.narrowgauge.org/ngc/graphics/tkierscey/drg/drg055.jpg]
[www.narrowgauge.org/ngc/graphics/tkierscey/drg/tn-drg055.jpg]
[www.narrowgauge.org/ngc/graphics/tkierscey/drg/drg056.jpg]
[www.narrowgauge.org/ngc/graphics/tkierscey/drg/tn-drg056.jpg]
[www.narrowgauge.org/ngc/graphics/tkierscey/drg/drg057.jpg]
[www.narrowgauge.org/ngc/graphics/tkierscey/drg/tn-drg057.jpg]
[www.narrowgauge.org/ngc/graphics/tkierscey/drg/drg058.jpg]
[www.narrowgauge.org/ngc/graphics/tkierscey/drg/tn-drg058.jpg]
[www.narrowgauge.org/ngc/graphics/tkierscey/drg/drg059.jpg]
[www.narrowgauge.org/ngc/graphics/tkierscey/drg/tn-drg059.jpg]
[www.narrowgauge.org/ngc/graphics/tkierscey/drg/drg060.jpg]
[www.narrowgauge.org/ngc/graphics/tkierscey/drg/tn-drg060.jpg]
[www.narrowgauge.org/ngc/graphics/tkierscey/drg/drg062.jpg]
[www.narrowgauge.org/ngc/graphics/tkierscey/drg/tn-drg062.jpg]
[www.narrowgauge.org/ngc/graphics/tkierscey/drg/drg063.jpg]
[www.narrowgauge.org/ngc/graphics/tkierscey/drg/tn-drg063.jpg]
[www.narrowgauge.org/ncmap/ted/final_silphoto.html]
[www.narrowgauge.org/images/tkcok/m00445.jpg]
[www.narrowgauge.org/images/tkcok/tnails/s00445.jpg]
[www.narrowgauge.org/images/tkcok/m00444.jpg]
[www.narrowgauge.org/images/tkcok/tnails/s00444.jpg]
[www.narrowgauge.org/images/tkcok/m00443.jpg]
[www.narrowgauge.org/images/tkcok/tnails/s00443.jpg]
[www.narrowgauge.org/images/tkcok/mx00443.jpg]
[www.narrowgauge.org/images/tkcok/tnails/sx00443.jpg]
[www.narrowgauge.org/images/tkcok/mz00443.jpg]
[www.narrowgauge.org/images/tkcok/tnails/sz00443.jpg]
[www.narrowgauge.org/images/tkcok/m00442.jpg]
[www.narrowgauge.org/images/tkcok/tnails/s00442.jpg]
[www.narrowgauge.org/images/tkcok/m00420.jpg]
[www.narrowgauge.org/images/tkcok/tnails/s00420.jpg]
[www.narrowgauge.org/images/tkcok/m00425.jpg]
[www.narrowgauge.org/images/tkcok/tnails/s00425.jpg]
[www.narrowgauge.org/images/tkcok/m0006.jpg]
[www.narrowgauge.org/images/tkcok/tnails/s0006.jpg]
[www.narrowgauge.org/images/tkcok/m0007.jpg]
[www.narrowgauge.org/images/tkcok/tnails/s0007.jpg]
[www.narrowgauge.org/images/tkcok/m0008.jpg]
[www.narrowgauge.org/images/tkcok/tnails/s0008.jpg]
[www.narrowgauge.org/images/tkcok/m0032.jpg]
[www.narrowgauge.org/images/tkcok/tnails/s0032.jpg]
[www.narrowgauge.org/images/tkcok/m0033.jpg]
[www.narrowgauge.org/images/tkcok/tnails/s0033.jpg]
[www.narrowgauge.org/images/tkcok/m0046.jpg]
[www.narrowgauge.org/images/tkcok/tnails/s0046.jpg]
[www.narrowgauge.org/images/tkcok/m0070.jpg]
[www.narrowgauge.org/images/tkcok/tnails/s0070.jpg]
[www.narrowgauge.org/images/tkcok/m0009.jpg]
[www.narrowgauge.org/images/tkcok/tnails/s0009.jpg]
[www.narrowgauge.org/images/tkcok/m0022.jpg]
[www.narrowgauge.org/images/tkcok/tnails/s0022.jpg]
[www.narrowgauge.org/images/tkcok/m0030.jpg]
[www.narrowgauge.org/images/tkcok/tnails/s0030.jpg]
[www.narrowgauge.org/images/tkcok/m0038.jpg]
[www.narrowgauge.org/images/tkcok/tnails/s0038.jpg]
[www.narrowgauge.org/images/tkcok/m0044.jpg]
[www.narrowgauge.org/images/tkcok/tnails/s0044.jpg]
[www.narrowgauge.org/images/tkcok/m0051.jpg]
[www.narrowgauge.org/images/tkcok/tnails/s0051.jpg]
[www.narrowgauge.org/images/tkcok/m0052.jpg]
[www.narrowgauge.org/images/tkcok/tnails/s0052.jpg]
[www.narrowgauge.org/ngc/graphics/tkierscey/srr/srr0001.jpg]
[www.narrowgauge.org/ngc/graphics/tkierscey/srr/tn-srr0001.jpg]
[www.narrowgauge.org/images/tkcok/m0053.jpg]
[www.narrowgauge.org/images/tkcok/tnails/s0053.jpg]
[www.narrowgauge.org/ncmap/ted/final_srrphoto.html]
[www.narrowgauge.org/images/tkcok/m00402.jpg]
[www.narrowgauge.org/images/tkcok/tnails/s00402.jpg]
[www.narrowgauge.org/images/tkcok/m0039.jpg]
[www.narrowgauge.org/images/tkcok/tnails/s0039.jpg]
[www.narrowgauge.org/images/tkcok/m0040.jpg]
[www.narrowgauge.org/images/tkcok/tnails/s0040.jpg]
[www.narrowgauge.org/images/tkcok/m00233.jpg]
[www.narrowgauge.org/images/tkcok/tnails/s00233.jpg]
[www.narrowgauge.org/ncmap/ted/rgsphoto.html]
[www.narrowgauge.org/ngc/graphics/tkierscey/ouray/ouray001.jpg]
[www.narrowgauge.org/ngc/graphics/tkierscey/ouray/tn-ouray001.jpg]
[www.narrowgauge.org/images/tkcok/m00460.jpg]
[www.narrowgauge.org/images/tkcok/tnails/s00460.jpg]
[www.narrowgauge.org/ngc/graphics/tkierscey/drg/drg001.jpg]
[www.narrowgauge.org/ngc/graphics/tkierscey/drg/tn-drg001.jpg]
[www.narrowgauge.org/images/tkcok/m00418.jpg]
[www.narrowgauge.org/images/tkcok/tnails/s00418.jpg]
[www.narrowgauge.org/images/tkcok/m00370.jpg]
[www.narrowgauge.org/images/tkcok/tnails/s00370.jpg]
[www.narrowgauge.org/images/tkcok/m00305.jpg]
[www.narrowgauge.org/images/tkcok/tnails/s00305.jpg]
[www.narrowgauge.org/images/tkcok/m00304.jpg]
[www.narrowgauge.org/images/tkcok/tnails/s00304.jpg]
[www.narrowgauge.org/images/tkcok/m00303.jpg]
[www.narrowgauge.org/images/tkcok/tnails/s00303.jpg]
[www.narrowgauge.org/images/tkcok/m00302.jpg]
[www.narrowgauge.org/images/tkcok/tnails/s00302.jpg]
[www.narrowgauge.org/images/tkcok/m00301.jpg]
[www.narrowgauge.org/images/tkcok/tnails/s00301.jpg]
[www.narrowgauge.org/images/tkcok/m00268.jpg]
[www.narrowgauge.org/images/tkcok/tnails/s00268.jpg]
[www.narrowgauge.org/images/tkcok/m00262.jpg]
[www.narrowgauge.org/images/tkcok/tnails/s00262.jpg]
[www.narrowgauge.org/images/tkcok/m00128.jpg]
[www.narrowgauge.org/images/tkcok/tnails/s00128.jpg]
[www.narrowgauge.org/images/tkcok/m00260.jpg]
[www.narrowgauge.org/images/tkcok/tnails/s00260.jpg]
[www.narrowgauge.org/images/tkcok/m00261.jpg]
[www.narrowgauge.org/images/tkcok/tnails/s00261.jpg]
[www.narrowgauge.org/images/tkcok/m0011.jpg]
[www.narrowgauge.org/images/tkcok/tnails/s0011.jpg]
[www.narrowgauge.org/images/tkcok/m0012.jpg]
[www.narrowgauge.org/images/tkcok/tnails/s0012.jpg]
[www.narrowgauge.org/images/tkcok/m0013.jpg]
[www.narrowgauge.org/images/tkcok/tnails/s0013.jpg]
[www.narrowgauge.org/images/tkcok/m0014.jpg]
[www.narrowgauge.org/images/tkcok/tnails/s0014.jpg]
[www.narrowgauge.org/images/tkcok/m0015.jpg]
[www.narrowgauge.org/images/tkcok/tnails/s0015.jpg]
[www.narrowgauge.org/images/tkcok/m0016.jpg]
[www.narrowgauge.org/images/tkcok/tnails/s0016.jpg]
[www.narrowgauge.org/images/tkcok/m0028.jpg]
[www.narrowgauge.org/images/tkcok/tnails/s0028.jpg]
[www.narrowgauge.org/images/tkcok/m0037.jpg]
[www.narrowgauge.org/images/tkcok/tnails/s0037.jpg]
[www.narrowgauge.org/images/tkcok/m0047.jpg]
[www.narrowgauge.org/images/tkcok/tnails/s0047.jpg]
[www.narrowgauge.org/images/tkcok/m0066.jpg]
[www.narrowgauge.org/images/tkcok/tnails/s0066.jpg]
[www.narrowgauge.org/images/tkcok/m0067.jpg]
[www.narrowgauge.org/images/tkcok/tnails/s0067.jpg]
[www.narrowgauge.org/ncmap/ted/final_oray_tkc.html]
[www.narrowgauge.org/ngc/html/tkierscey/friends/www.bayside.net/users/evans/ncmap/ted/final.html]
[www.narrowgauge.org/ngc/graphics/newedge.jpg]
[www.narrowgauge.org/ngc/graphics/tkierscey/dspp/dspp0026.jpg]
[www.narrowgauge.org/ngc/graphics/tkierscey/dspp/tn-dspp0026.jpg]
[www.narrowgauge.org/ngc/graphics/tkierscey/friends/tk-001.jpg]
[www.narrowgauge.org/ngc/graphics/tkierscey/friends/tn-tk-001.jpg]
[www.narrowgauge.org/ngc/graphics/tkierscey/friends/tk-002.jpg]
[www.narrowgauge.org/ngc/graphics/tkierscey/friends/tn-tk-002.jpg]
[www.narrowgauge.org/ngc/graphics/tkierscey/friends/tk-003.jpg]
[www.narrowgauge.org/ngc/graphics/tkierscey/friends/tn-tk-003.jpg]
[www.narrowgauge.org/ngc/graphics/tkierscey/friends/tk-004.jpg]
[www.narrowgauge.org/ngc/graphics/tkierscey/friends/tn-tk-004.jpg]
[www.narrowgauge.org/ngc/graphics/tkierscey/friends/tk-005.jpg]
[www.narrowgauge.org/ngc/graphics/tkierscey/friends/tn-tk-005.jpg]
[www.narrowgauge.org/ngc/graphics/tkierscey/friends/tk-006.jpg]
[www.narrowgauge.org/ngc/graphics/tkierscey/friends/tn-tk-006.jpg]
[www.narrowgauge.org/ngc/graphics/tkierscey/friends/tk-007.jpg]
[www.narrowgauge.org/ngc/graphics/tkierscey/friends/tn-tk-007.jpg]
[www.narrowgauge.org/ngc/graphics/tkierscey/tkc_return_button.jpg]
[www.narrowgauge.org/ngc/html/tkierscey/friends/tkierscey-friends.html]
[www.narrowgauge.org/4x4/maps/alta_lakes.jpg]
[www.narrowgauge.org/4x4/images/alta_lakes/j0032.jpg]
[www.narrowgauge.org/4x4/images/alta_lakes/tnails/tn_j0032.jpg]
[www.narrowgauge.org/4x4/images/alta_lakes/951035_office_alta.jpg]
[www.narrowgauge.org/4x4/images/alta_lakes/tnails/tn_951035_office_alta.jpg]
[www.narrowgauge.org/4x4/images/4x4_return_button.jpg]
[www.narrowgauge.org/4x4/html/alta_lake.html]
[www.narrowgauge.org/4x4/html/www.tcd.net/_mevans19/ncmap/sil_af.6ae.delayed]
[www.narrowgauge.org/4x4/images/silverton_animas_forks/mayflower_mill.jpg]
[www.narrowgauge.org/4x4/images/silverton_animas_forks/tnails/tn_mayflower_mill.jpg]
[www.narrowgauge.org/4x4/images/silverton_animas_forks/mal_1_042_snrr_mayflower.jpg]
[www.narrowgauge.org/4x4/images/silverton_animas_forks/tnails/tn_mal_1_042_snrr_mayflower.jpg]
[www.narrowgauge.org/4x4/images/silverton_animas_forks/arastra.jpg]
[www.narrowgauge.org/4x4/images/silverton_animas_forks/tnails/tn_arastra.jpg]
[www.narrowgauge.org/4x4/images/silverton_animas_forks/mal_1_001_arrastra_gulch.jpg]
[www.narrowgauge.org/4x4/images/silverton_animas_forks/tnails/tn_mal_1_001_arrastra_gulch.jpg]
[www.narrowgauge.org/4x4/images/silverton_animas_forks/bufboy.jpg]
[www.narrowgauge.org/4x4/images/silverton_animas_forks/tnails/tn_bufboy.jpg]
[www.narrowgauge.org/4x4/images/silverton_animas_forks/highmary.jpg]
[www.narrowgauge.org/4x4/images/silverton_animas_forks/tnails/tn_highmary.jpg]
[www.narrowgauge.org/4x4/images/silverton_animas_forks/mal_1_045_snrr_ties.jpg]
[www.narrowgauge.org/4x4/images/silverton_animas_forks/tnails/tn_mal_1_045_snrr_ties.jpg]
[www.narrowgauge.org/4x4/images/silverton_animas_forks/eureka3.jpg]
[www.narrowgauge.org/4x4/images/silverton_animas_forks/tnails/tn_eureka3.jpg]
[www.narrowgauge.org/4x4/images/silverton_animas_forks/afgpmill.jpg]
[www.narrowgauge.org/4x4/images/silverton_animas_forks/tnails/tn_afgpmil.jpg]
[www.narrowgauge.org/4x4/html/sil_af.html]
[www.narrowgauge.org/4x4/maps/arrastra_gulch_map.jpg]
[www.narrowgauge.org/4x4/images/arrastra_gulch/mal_1_001_arrastra_gulch.jpg]
[www.narrowgauge.org/4x4/images/arrastra_gulch/tnails/tn_mal_1_001_arrastra_gulch.jpg]
[www.narrowgauge.org/4x4/images/arrastra_gulch/mal_3_arrastra01.jpg]
[www.narrowgauge.org/4x4/images/arrastra_gulch/tnails/tn_mal_3_arrastra01.jpg]
[www.narrowgauge.org/4x4/images/arrastra_gulch/mal_4_arrastra02.jpg]
[www.narrowgauge.org/4x4/images/arrastra_gulch/tnails/tn_mal_4_arrastra02.jpg]
[www.narrowgauge.org/4x4/images/arrastra_gulch/mal_1_043_snrr_arrastra.jpg]
[www.narrowgauge.org/4x4/images/arrastra_gulch/tnails/tn_mal_1_043_snrr_arrastra.jpg]
[www.narrowgauge.org/4x4/images/arrastra_gulch/mal_1_044_snrr_arrastra.jpg]
[www.narrowgauge.org/4x4/images/arrastra_gulch/tnails/tn_mal_1_044_snrr_arrastra.jpg]
[www.narrowgauge.org/4x4/images/arrastra_gulch/mal_1_046_mayflower_mine.jpg]
[www.narrowgauge.org/4x4/images/arrastra_gulch/tnails/tn_mal_1_046_mayflower_mine.jpg]
[www.narrowgauge.org/4x4/images/arrastra_gulch/mal_1_047_tram_arrastra_gulch.jpg]
[www.narrowgauge.org/4x4/images/arrastra_gulch/tnails/tn_mal_1_047_tram_arrastra_gulch.jpg]
[www.narrowgauge.org/4x4/images/arrastra_gulch/mal_1_053_arrastra.jpg]
[www.narrowgauge.org/4x4/images/arrastra_gulch/tnails/tn_mal_1_053_arrastra.jpg]
[www.narrowgauge.org/4x4/images/arrastra_gulch/mal_4_arrastra03.jpg]
[www.narrowgauge.org/4x4/images/arrastra_gulch/tnails/tn_mal_4_arrastra03.jpg]
[www.narrowgauge.org/4x4/images/arrastra_gulch/mal_1_054_arrastra.jpg]
[www.narrowgauge.org/4x4/images/arrastra_gulch/tnails/tn_mal_1_054_arrastra.jpg]
[www.narrowgauge.org/4x4/html/arastra.html]
[www.narrowgauge.org/4x4/maps/box_factory_park_map.jpg]
[www.narrowgauge.org/4x4/images/box_factory/jx001.jpg]
[www.narrowgauge.org/4x4/images/box_factory/mal_3_bfp02.jpg]
[www.narrowgauge.org/4x4/images/box_factory/tnails/tn_mal_3_bfp02.jpg]
[www.narrowgauge.org/4x4/images/box_factory/mal_3_bfp03.jpg]
[www.narrowgauge.org/4x4/images/box_factory/tnails/tn_mal_3_bfp03.jpg]
[www.narrowgauge.org/4x4/images/box_factory/mal_3_bfp04.jpg]
[www.narrowgauge.org/4x4/images/box_factory/tnails/tn_mal_3_bfp04.jpg]
[www.narrowgauge.org/4x4/images/box_factory/j0019.jpg]
[www.narrowgauge.org/4x4/images/box_factory/tnails/tn_j0019.jpg]
[www.narrowgauge.org/4x4/images/box_factory/mal_3_bfp08.jpg]
[www.narrowgauge.org/4x4/images/box_factory/tnails/tn_mal_3_bfp08.jpg]
[www.narrowgauge.org/4x4/images/box_factory/mal_3_bfp07.jpg]
[www.narrowgauge.org/4x4/images/box_factory/tnails/tn_mal_3_bfp07.jpg]
[www.narrowgauge.org/4x4/images/box_factory/j0018.jpg]
[www.narrowgauge.org/4x4/images/box_factory/tnails/tn_j0018.jpg]
[www.narrowgauge.org/4x4/images/box_factory/j0013.jpg]
[www.narrowgauge.org/4x4/images/box_factory/tnails/tn_j0013.jpg]
[www.narrowgauge.org/4x4/images/box_factory/j0017.jpg]
[www.narrowgauge.org/4x4/images/box_factory/tnails/tn_j0017.jpg]
[www.narrowgauge.org/4x4/html/bfptrip.html]
[www.narrowgauge.org/4x4/maps/browntopo.jpg]
[www.narrowgauge.org/4x4/maps/browntopo1.jpg]
[www.narrowgauge.org/4x4/images/brown_mtn/mal_4_brown01.jpg]
[www.narrowgauge.org/4x4/images/brown_mtn/tnails/tn_mal_4_brown01.jpg]
[www.narrowgauge.org/4x4/images/brown_mtn/mal_4_brown02.jpg]
[www.narrowgauge.org/4x4/images/brown_mtn/tnails/tn_mal_4_brown02.jpg]
[www.narrowgauge.org/4x4/images/brown_mtn/mal_4_brown04.jpg]
[www.narrowgauge.org/4x4/images/brown_mtn/tnails/tn_mal_4_brown04.jpg]
[www.narrowgauge.org/4x4/images/brown_mtn/mal_4_brown03.jpg]
[www.narrowgauge.org/4x4/images/brown_mtn/tnails/tn_mal_4_brown03.jpg]
[www.narrowgauge.org/4x4/images/brown_mtn/mal_4_brown05.jpg]
[www.narrowgauge.org/4x4/images/brown_mtn/tnails/tn_mal_4_brown05.jpg]
[www.narrowgauge.org/4x4/images/brown_mtn/mal_4_brown06.jpg]
[www.narrowgauge.org/4x4/images/brown_mtn/tnails/tn_mal_4_brown06.jpg]
[www.narrowgauge.org/4x4/images/brown_mtn/mal_4_brown14.jpg]
[www.narrowgauge.org/4x4/images/brown_mtn/tnails/tn_mal_4_brown14.jpg]
[www.narrowgauge.org/4x4/images/brown_mtn/mal_4_brown07.jpg]
[www.narrowgauge.org/4x4/images/brown_mtn/tnails/tn_mal_4_brown07.jpg]
[www.narrowgauge.org/4x4/images/brown_mtn/mal_4_brown08.jpg]
[www.narrowgauge.org/4x4/images/brown_mtn/tnails/tn_mal_4_brown08.jpg]
[www.narrowgauge.org/4x4/images/brown_mtn/mal_4_brown09.jpg]
[www.narrowgauge.org/4x4/images/brown_mtn/tnails/tn_mal_4_brown09.jpg]
[www.narrowgauge.org/4x4/images/brown_mtn/mal_4_brown10.jpg]
[www.narrowgauge.org/4x4/images/brown_mtn/tnails/tn_mal_4_brown10.jpg]
[www.narrowgauge.org/4x4/images/brown_mtn/mal_4_brown11.jpg]
[www.narrowgauge.org/4x4/images/brown_mtn/tnails/tn_mal_4_brown11.jpg]
[www.narrowgauge.org/4x4/images/brown_mtn/mal_4_brown13.jpg]
[www.narrowgauge.org/4x4/images/brown_mtn/tnails/tn_mal_4_brown13.jpg]
[www.narrowgauge.org/4x4/images/brown_mtn/mal_4_brown12.jpg]
[www.narrowgauge.org/4x4/images/brown_mtn/tnails/tn_mal_4_brown12.jpg]
[www.narrowgauge.org/4x4/html/brown_mountain.html]
[www.narrowgauge.org/4x4/images/bachelor_syracuse/mal_3_bachelorsyracuse1.jpg]
[www.narrowgauge.org/4x4/images/bachelor_syracuse/tnails/tn_mal_3_bachelorsyracuse1.jpg]
[www.narrowgauge.org/4x4/images/bachelor_syracuse/mal_3_bachelorsyracuse2.jpg]
[www.narrowgauge.org/4x4/images/bachelor_syracuse/tnails/tn_mal_3_bachelorsyracuse2.jpg]
[www.narrowgauge.org/4x4/images/bachelor_syracuse/mal_3_bachelorsyracuse4.jpg]
[www.narrowgauge.org/4x4/images/bachelor_syracuse/tnails/tn_mal_3_bachelorsyracuse4.jpg]
[www.narrowgauge.org/4x4/images/bachelor_syracuse/mal_3_bachelorsyracuse5.jpg]
[www.narrowgauge.org/4x4/images/bachelor_syracuse/tnails/tn_mal_3_bachelorsyracuse5.jpg]
[www.narrowgauge.org/4x4/images/bachelor_syracuse/mal_3_bachelorsyracuse3.jpg]
[www.narrowgauge.org/4x4/images/bachelor_syracuse/tnails/tn_mal_3_bachelorsyracuse3.jpg]
[www.narrowgauge.org/4x4/images/bachelor_syracuse/mal_3_bachelorsyracuse7.jpg]
[www.narrowgauge.org/4x4/images/bachelor_syracuse/tnails/tn_mal_3_bachelorsyracuse7.jpg]
[www.narrowgauge.org/4x4/images/bachelor_syracuse/mal_3_bachelorsyracuse6.jpg]
[www.narrowgauge.org/4x4/images/bachelor_syracuse/tnails/tn_mal_3_bachelorsyracuse6.jpg]
[www.narrowgauge.org/4x4/images/bachelor_syracuse/mal_3_bachelorsyracuse08.jpg]
[www.narrowgauge.org/4x4/images/bachelor_syracuse/tnails/tn_mal_3_bachelorsyracuse08.jpg]
[www.narrowgauge.org/4x4/html/bachelor_syracuse.html]
[www.narrowgauge.org/4x4/images/cinnamon/mal_2_033_cinnamon.jpg]
[www.narrowgauge.org/4x4/images/cinnamon/tnails/tn_mal_2_033_cinnamon.jpg]
[www.narrowgauge.org/4x4/images/cinnamon/mal_2_034_cinnamon.jpg]
[www.narrowgauge.org/4x4/images/cinnamon/tnails/tn_mal_2_034_cinnamon.jpg]
[www.narrowgauge.org/4x4/images/cinnamon/mal_2_035_cinnamon.jpg]
[www.narrowgauge.org/4x4/images/cinnamon/tnails/tn_mal_2_035_cinnamon.jpg]
[www.narrowgauge.org/4x4/images/cinnamon/mal_2_036_cinnamon.jpg]
[www.narrowgauge.org/4x4/images/cinnamon/tnails/tn_mal_2_036_cinnamon.jpg]
[www.narrowgauge.org/4x4/html/cinnamon_pass.html]
[www.narrowgauge.org/4x4/maps/corkscrew_map.jpg]
[www.narrowgauge.org/4x4/images/corkscrew/mal_2_018_corkscrew.jpg]
[www.narrowgauge.org/4x4/images/corkscrew/tnails/tn_mal_2_018.jpg]
[www.narrowgauge.org/4x4/images/corkscrew/mal_2_017_corkscrew.jpg]
[www.narrowgauge.org/4x4/images/corkscrew/tnails/tn_mal_2_017.jpg]
[www.narrowgauge.org/4x4/images/corkscrew/jx005.jpg]
[www.narrowgauge.org/4x4/images/corkscrew/tnails/tn_jx005.jpg]
[www.narrowgauge.org/4x4/images/corkscrew/jx006.jpg]
[www.narrowgauge.org/4x4/images/corkscrew/tnails/tn_jx006.jpg]
[www.narrowgauge.org/4x4/images/corkscrew/mal_2_019_corkscrew.jpg]
[www.narrowgauge.org/4x4/images/corkscrew/tnails/tn_mal_2_019.jpg]
[www.narrowgauge.org/4x4/images/corkscrew/mal_1_051_minnehaha.jpg]
[www.narrowgauge.org/4x4/images/corkscrew/tnails/tn_mal_1_051_minnehaha.jpg]
[www.narrowgauge.org/4x4/images/corkscrew/mal_2_007_corkscrew.jpg]
[www.narrowgauge.org/4x4/images/corkscrew/tnails/tn_mal_2_007.jpg]
[www.narrowgauge.org/4x4/images/corkscrew/mal_2_009_corkscrew.jpg]
[www.narrowgauge.org/4x4/images/corkscrew/tnails/tn_mal_2_009.jpg]
[www.narrowgauge.org/4x4/images/corkscrew/mal_2_010_corkscrew.jpg]
[www.narrowgauge.org/4x4/images/corkscrew/tnails/tn_mal_2_010.jpg]
[www.narrowgauge.org/4x4/images/corkscrew/mal_2_011_corkscrew.jpg]
[www.narrowgauge.org/4x4/images/corkscrew/tnails/tn_mal_2_011.jpg]
[www.narrowgauge.org/4x4/images/corkscrew/mal_2_012_corkscrew.jpg]
[www.narrowgauge.org/4x4/images/corkscrew/tnails/tn_mal_2_012.jpg]
[www.narrowgauge.org/4x4/images/corkscrew/mal_2_013_corkscrew.jpg]
[www.narrowgauge.org/4x4/images/corkscrew/tnails/tn_mal_2_013.jpg]
[www.narrowgauge.org/4x4/images/corkscrew/mal_2_014_corkscrew.jpg]
[www.narrowgauge.org/4x4/images/corkscrew/tnails/tn_mal_2_014.jpg]
[www.narrowgauge.org/4x4/images/corkscrew/mal_2_015_corkscrew.jpg]
[www.narrowgauge.org/4x4/images/corkscrew/tnails/tn_mal_2_015.jpg]
[www.narrowgauge.org/4x4/images/corkscrew/mal_2_016_corkscrew.jpg]
[www.narrowgauge.org/4x4/images/corkscrew/tnails/tn_mal_2_016.jpg]
[www.narrowgauge.org/4x4/images/corkscrew/mal_1_005_srr_corkscrew.jpg]
[www.narrowgauge.org/4x4/images/corkscrew/tnails/tn_mal_1_005_srr_corkscrew.jpg]
[www.narrowgauge.org/4x4/images/corkscrew/mal_1_006_srr_corkscrew.jpg]
[www.narrowgauge.org/4x4/images/corkscrew/tnails/tn_mal_1_006_srr_corkscrew.jpg]
[www.narrowgauge.org/4x4/images/corkscrew/mal_1_007_srr_corkscrew.jpg]
[www.narrowgauge.org/4x4/images/corkscrew/tnails/tn_mal_1_007_srr_corkscrew.jpg]
[www.narrowgauge.org/4x4/images/corkscrew/mal_1_008_srr_corkscrew.jpg]
[www.narrowgauge.org/4x4/images/corkscrew/tnails/tn_mal_1_008_srr_corkscrew.jpg]
[www.narrowgauge.org/4x4/images/corkscrew/mal_1_009_srr_corkscrew.jpg]
[www.narrowgauge.org/4x4/images/corkscrew/tnails/tn_mal_1_009_srr_corkscrew.jpg]
[www.narrowgauge.org/4x4/images/corkscrew/mal_1_010_srr_corkscrew.jpg]
[www.narrowgauge.org/4x4/images/corkscrew/tnails/tn_mal_1_010_srr_corkscrew.jpg]
[www.narrowgauge.org/4x4/images/corkscrew/mal_1_011_srr_corkscrew.jpg]
[www.narrowgauge.org/4x4/images/corkscrew/tnails/tn_mal_1_011_srr_corkscrew.jpg]
[www.narrowgauge.org/4x4/html/corkscrw.html]
[www.narrowgauge.org/4x4/maps/cunningham_gulch.jpg]
[www.narrowgauge.org/4x4/images/cunningham/truck3.jpg]
[www.narrowgauge.org/4x4/images/cunningham/tnails/tn_truck3.jpg]
[www.narrowgauge.org/4x4/images/cunningham/mal_1_048_gm_mill_cgulch.jpg]
[www.narrowgauge.org/4x4/images/cunningham/tnails/tn_mal_1_048_gm_mill_cgulch.jpg]
[www.narrowgauge.org/4x4/images/cunningham/mal_1_049_cunngulch.jpg]
[www.narrowgauge.org/4x4/images/cunningham/tnails/tn_mal_1_049_cunngulch.jpg]
[www.narrowgauge.org/4x4/images/cunningham/mal_1_055_old_hundred.jpg]
[www.narrowgauge.org/4x4/images/cunningham/tnails/tn_mal_1_055_old_hundred.jpg]
[www.narrowgauge.org/4x4/images/cunningham/mal_4_cunningham01.jpg]
[www.narrowgauge.org/4x4/images/cunningham/tnails/tn_mal_4_cunningham01.jpg]
[www.narrowgauge.org/4x4/images/cunningham/bufboy.jpg]
[www.narrowgauge.org/4x4/images/cunningham/tnails/tn_bufboy.jpg]
[www.narrowgauge.org/4x4/images/cunningham/highmary.jpg]
[www.narrowgauge.org/4x4/images/cunningham/tnails/tn_highmary.jpg]
[www.narrowgauge.org/4x4/html/cungulch.html]
[www.narrowgauge.org/4x4/maps/engineer_pass.jpg]
[www.narrowgauge.org/4x4/images/engineer/engineerpass_sign.jpg]
[www.narrowgauge.org/4x4/images/engineer/tnails/tn_engineerpass_sign.jpg]
[www.narrowgauge.org/4x4/images/engineer/gs_engineer_pass.jpg]
[www.narrowgauge.org/4x4/images/engineer/tnails/tn_gs_engineer_pass.jpg]
[www.narrowgauge.org/4x4/images/engineer/mal_1_002_engineer_pass.jpg]
[www.narrowgauge.org/4x4/images/engineer/tnails/tn_mal_1_002_engineer_pass.jpg]
[www.narrowgauge.org/4x4/images/engineer/95876_view_from_ep.jpg]
[www.narrowgauge.org/4x4/images/engineer/tnails/tn_95876_view_from_ep.jpg]
[www.narrowgauge.org/4x4/images/engineer/9654_sjc_from_ep.jpg]
[www.narrowgauge.org/4x4/images/engineer/tnails/tn_9654_sjc_from_ep.jpg]
[www.narrowgauge.org/4x4/images/engineer/9651_sjc_mill.jpg]
[www.narrowgauge.org/4x4/images/engineer/tnails/tn_9651_sjc_mill.jpg]
[www.narrowgauge.org/4x4/images/engineer/96491_sjc_float_tables.jpg]
[www.narrowgauge.org/4x4/images/engineer/tnails/tn_96491_sjc_float_tables.jpg]
[www.narrowgauge.org/4x4/images/engineer/96483_sjc_mill_boilers.jpg]
[www.narrowgauge.org/4x4/images/engineer/tnails/tn_96483_sjc_mill_boilers.jpg]
[www.narrowgauge.org/4x4/images/engineer/96480_sjc_mill_office.jpg]
[www.narrowgauge.org/4x4/images/engineer/tnails/tn_96480_sjc_mill_office.jpg]
[www.narrowgauge.org/4x4/images/engineer/mal_1_063_sj_chief.jpg]
[www.narrowgauge.org/4x4/images/engineer/tnails/tn_mal_1_063_sj_chief.jpg]
[www.narrowgauge.org/4x4/images/engineer/mal_1_064_sj_chief.jpg]
[www.narrowgauge.org/4x4/images/engineer/tnails/tn_mal_1_064_sj_chief.jpg]
[www.narrowgauge.org/4x4/images/engineer/mal_1_065_sj_chief.jpg]
[www.narrowgauge.org/4x4/images/engineer/tnails/tn_mal_1_065_sj_chief.jpg]
[www.narrowgauge.org/4x4/images/engineer/mal_1_066_sj_chief.jpg]
[www.narrowgauge.org/4x4/images/engineer/tnails/tn_mal_1_066_sj_chief.jpg]
[www.narrowgauge.org/4x4/images/engineer/mal_1_067_sj_chief.jpg]
[www.narrowgauge.org/4x4/images/engineer/tnails/tn_mal_1_067_sj_chief.jpg]
[www.narrowgauge.org/4x4/images/engineer/mal_1_068_sj_hief.jpg]
[www.narrowgauge.org/4x4/images/engineer/tnails/tn_mal_1_068_sj_hief.jpg]
[www.narrowgauge.org/4x4/images/engineer/mal_1_069_sj_hief.jpg]
[www.narrowgauge.org/4x4/images/engineer/tnails/tn_mal_1_069_sj_hief.jpg]
[www.narrowgauge.org/4x4/html/engineer.html]
[www.narrowgauge.org/4x4/maps/eurekamap1.jpg]
[www.narrowgauge.org/4x4/maps/eurekatopo.jpg]
[www.narrowgauge.org/4x4/images/eurekatopobutton.jpg]
[www.narrowgauge.org/4x4/images/eureka_gulch/mal_3_eureka01.jpg]
[www.narrowgauge.org/4x4/images/eureka_gulch/tnails/tn_mal_3_eureka01.jpg]
[www.narrowgauge.org/4x4/images/eureka_gulch/mal_4_eureka10.jpg]
[www.narrowgauge.org/4x4/images/eureka_gulch/tnails/tn_mal_4_eureka10.jpg]
[www.narrowgauge.org/4x4/images/eureka_gulch/mal_3_eureka02.jpg]
[www.narrowgauge.org/4x4/images/eureka_gulch/tnails/tn_mal_3_eureka02.jpg]
[www.narrowgauge.org/4x4/images/eureka_gulch/mal_3_eureka04.jpg]
[www.narrowgauge.org/4x4/images/eureka_gulch/tnails/tn_mal_3_eureka04.jpg]
[www.narrowgauge.org/4x4/images/eureka_gulch/mal_3_eureka03.jpg]
[www.narrowgauge.org/4x4/images/eureka_gulch/tnails/tn_mal_3_eureka03.jpg]
[www.narrowgauge.org/4x4/images/eureka_gulch/mal_3_eureka05.jpg]
[www.narrowgauge.org/4x4/images/eureka_gulch/tnails/tn_mal_3_eureka05.jpg]
[www.narrowgauge.org/4x4/images/eureka_gulch/185_022.jpg]
[www.narrowgauge.org/4x4/images/eureka_gulch/tnails/tn_185_022.jpg]
[www.narrowgauge.org/4x4/images/eureka_gulch/mal_3_eureka06.jpg]
[www.narrowgauge.org/4x4/images/eureka_gulch/tnails/tn_mal_3_eureka06.jpg]
[www.narrowgauge.org/4x4/images/eureka_gulch/mal_3_eureka07.jpg]
[www.narrowgauge.org/4x4/images/eureka_gulch/tnails/tn_mal_3_eureka07.jpg]
[www.narrowgauge.org/4x4/images/eureka_gulch/mal_3_eureka08.jpg]
[www.narrowgauge.org/4x4/images/eureka_gulch/tnails/tn_mal_3_eureka08.jpg]
[www.narrowgauge.org/4x4/images/eureka_gulch/mal_3_eureka09.jpg]
[www.narrowgauge.org/4x4/images/eureka_gulch/tnails/tn_mal_3_eureka09.jpg]
[www.narrowgauge.org/4x4/html/eureka.html]
[www.narrowgauge.org/4x4/maps/yankee_boy_basin_map.jpg]
[www.narrowgauge.org/4x4/maps/govenor_topo.jpg]
[www.narrowgauge.org/4x4/images/govenortopo_button.jpg]
[www.narrowgauge.org/4x4/images/govenor/mal_4_gvnr05.jpg]
[www.narrowgauge.org/4x4/images/govenor/tnails/tn_mal_4_gvnr05.jpg]
[www.narrowgauge.org/4x4/images/govenor/mal_4_gvnr03.jpg]
[www.narrowgauge.org/4x4/images/govenor/tnails/tn_mal_4_gvnr03.jpg]
[www.narrowgauge.org/4x4/images/govenor/mal_4_gvnr04.jpg]
[www.narrowgauge.org/4x4/images/govenor/tnails/tn_mal_4_gvnr04.jpg]
[www.narrowgauge.org/4x4/images/govenor/mal_4_gvnr10.jpg]
[www.narrowgauge.org/4x4/images/govenor/tnails/tn_mal_4_gvnr10.jpg]
[www.narrowgauge.org/4x4/images/govenor/mal_4_gvnr13.jpg]
[www.narrowgauge.org/4x4/images/govenor/tnails/tn_mal_4_gvnr13.jpg]
[www.narrowgauge.org/4x4/images/govenor/mal_4_gvnr06.jpg]
[www.narrowgauge.org/4x4/images/govenor/tnails/tn_mal_4_gvnr06.jpg]
[www.narrowgauge.org/4x4/images/govenor/mal_4_gvnr07.jpg]
[www.narrowgauge.org/4x4/images/govenor/tnails/tn_mal_4_gvnr07.jpg]
[www.narrowgauge.org/4x4/images/govenor/mal_4_gvnr11.jpg]
[www.narrowgauge.org/4x4/images/govenor/tnails/tn_mal_4_gvnr11.jpg]
[www.narrowgauge.org/4x4/images/govenor/mal_4_gvnr12.jpg]
[www.narrowgauge.org/4x4/images/govenor/tnails/tn_mal_4_gvnr12.jpg]
[www.narrowgauge.org/4x4/images/govenor/mal_4_gvnr08.jpg]
[www.narrowgauge.org/4x4/images/govenor/tnails/tn_mal_4_gvnr08.jpg]
[www.narrowgauge.org/4x4/images/govenor/mal_4_gvnr09.jpg]
[www.narrowgauge.org/4x4/images/govenor/tnails/tn_mal_4_gvnr09.jpg]
[www.narrowgauge.org/4x4/images/govenor/mal_4_gvnr14.jpg]
[www.narrowgauge.org/4x4/images/govenor/tnails/tn_mal_4_gvnr14.jpg]
[www.narrowgauge.org/4x4/images/govenor/mal_4_gvnr15.jpg]
[www.narrowgauge.org/4x4/images/govenor/tnails/tn_mal_4_gvnr15.jpg]
[www.narrowgauge.org/4x4/images/govenor/mal_4_gvnr16.jpg]
[www.narrowgauge.org/4x4/images/govenor/tnails/tn_mal_4_gvnr16.jpg]
[www.narrowgauge.org/4x4/images/govenor/mountain_top_1.jpg]
[www.narrowgauge.org/4x4/images/govenor/tnails/tn_mountain_top_1.jpg]
[www.narrowgauge.org/4x4/images/govenor/mountain_top_2.jpg]
[www.narrowgauge.org/4x4/images/govenor/tnails/tn_mountain_top_2.jpg]
[www.narrowgauge.org/4x4/images/govenor/mountain_top_3.jpg]
[www.narrowgauge.org/4x4/images/govenor/tnails/tn_mountain_top_3.jpg]
[www.narrowgauge.org/4x4/images/govenor/mountain_top_4.jpg]
[www.narrowgauge.org/4x4/images/govenor/tnails/tn_mountain_top_4.jpg]
[www.narrowgauge.org/4x4/images/govenor/mountain_top_5.jpg]
[www.narrowgauge.org/4x4/images/govenor/tnails/tn_mountain_top_5.jpg]
[www.narrowgauge.org/4x4/images/govenor/mountain_top_6.jpg]
[www.narrowgauge.org/4x4/images/govenor/tnails/tn_mountain_top_6.jpg]
[www.narrowgauge.org/4x4/images/govenor/mal_4_gvnr01.jpg]
[www.narrowgauge.org/4x4/images/govenor/tnails/tn_mal_4_gvnr01.jpg]
[www.narrowgauge.org/4x4/images/govenor/mal_4_gvnr02.jpg]
[www.narrowgauge.org/4x4/images/govenor/tnails/tn_mal_4_gvnr02.jpg]
[www.narrowgauge.org/4x4/images/ybb_button.jpg]
[www.narrowgauge.org/4x4/html/govenor.html]
[www.narrowgauge.org/4x4/maps/imogene_pass_map.jpg]
[www.narrowgauge.org/4x4/images/imogene/003_029.jpg]
[www.narrowgauge.org/4x4/images/imogene/tnails/tn_003_029.jpg]
[www.narrowgauge.org/4x4/images/imogene/003_030.jpg]
[www.narrowgauge.org/4x4/images/imogene/tnails/tn_003_030.jpg]
[www.narrowgauge.org/4x4/images/imogene/mal_1_023_imogene_pass.jpg]
[www.narrowgauge.org/4x4/images/imogene/tnails/tn_mal_1_023_imogene_pass.jpg]
[www.narrowgauge.org/4x4/images/imogene/003_034.jpg]
[www.narrowgauge.org/4x4/images/imogene/tnails/tn_003_034.jpg]
[www.narrowgauge.org/4x4/images/imogene/mal_1_024_imogene_pass.jpg]
[www.narrowgauge.org/4x4/images/imogene/tnails/tn_mal_1_024_imogene_pass.jpg]
[www.narrowgauge.org/4x4/images/imogene/147_001.jpg]
[www.narrowgauge.org/4x4/images/imogene/tnails/tn_147_001.jpg]
[www.narrowgauge.org/4x4/images/imogene/147_006.jpg]
[www.narrowgauge.org/4x4/images/imogene/tnails/tn_147_006.jpg]
[www.narrowgauge.org/4x4/images/imogene/mal_1_025_imogene_pass.jpg]
[www.narrowgauge.org/4x4/images/imogene/tnails/tn_mal_1_025_imogene_pass.jpg]
[www.narrowgauge.org/4x4/images/imogene/mal_1_026_imogene_pass.jpg]
[www.narrowgauge.org/4x4/images/imogene/tnails/tn_mal_1_026_imogene_pass.jpg]
[www.narrowgauge.org/4x4/images/imogene/147_009.jpg]
[www.narrowgauge.org/4x4/images/imogene/tnails/tn_147_009.jpg]
[www.narrowgauge.org/4x4/images/imogene/147_013.jpg]
[www.narrowgauge.org/4x4/images/imogene/tnails/tn_147_013.jpg]
[www.narrowgauge.org/4x4/images/imogene/mal_1_027_imogene_pass.jpg]
[www.narrowgauge.org/4x4/images/imogene/tnails/tn_mal_1_027_imogene_pass.jpg]
[www.narrowgauge.org/4x4/images/imogene/mal_1_028_imogene_pass.jpg]
[www.narrowgauge.org/4x4/images/imogene/tnails/tn_mal_1_028_imogene_pass.jpg]
[www.narrowgauge.org/4x4/images/imogene/147_021.jpg]
[www.narrowgauge.org/4x4/images/imogene/tnails/tn_147_021.jpg]
[www.narrowgauge.org/4x4/images/imogene/147_024.jpg]
[www.narrowgauge.org/4x4/images/imogene/tnails/tn_147_024.jpg]
[www.narrowgauge.org/4x4/images/imogene/147_025.jpg]
[www.narrowgauge.org/4x4/images/imogene/tnails/tn_147_025.jpg]
[www.narrowgauge.org/4x4/html/imogene.html]
[www.narrowgauge.org/4x4/images/last_dollar/951024_last_dollar_1.jpg]
[www.narrowgauge.org/4x4/images/last_dollar/tnails/tn_951024_last_dollar_1.jpg]
[www.narrowgauge.org/4x4/images/last_dollar/951027_last_dollar_2.jpg]
[www.narrowgauge.org/4x4/images/last_dollar/tnails/tn_951027_last_dollar_2.jpg]
[www.narrowgauge.org/4x4/html/ldollar.html]
[www.narrowgauge.org/4x4/maps/maggiemap.jpg]
[www.narrowgauge.org/4x4/images/maggie_gulch/j0042.jpg]
[www.narrowgauge.org/4x4/images/maggie_gulch/tnails/tn_j0042.jpg]
[www.narrowgauge.org/4x4/images/maggie_gulch/j0041.jpg]
[www.narrowgauge.org/4x4/images/maggie_gulch/tnails/tn_j0041.jpg]
[www.narrowgauge.org/4x4/images/maggie_gulch/j0039.jpg]
[www.narrowgauge.org/4x4/images/maggie_gulch/tnails/tn_j0039.jpg]
[www.narrowgauge.org/4x4/images/maggie_gulch/j0040.jpg]
[www.narrowgauge.org/4x4/images/maggie_gulch/tnails/tn_j0040.jpg]
[www.narrowgauge.org/4x4/html/maggie.html]
[www.narrowgauge.org/4x4/maps/minniemap.jpg]
[www.narrowgauge.org/4x4/images/minnie/087_013.jpg]
[www.narrowgauge.org/4x4/images/minnie/tnails/tn_087_013.jpg]
[www.narrowgauge.org/4x4/images/minnie/087_010.jpg]
[www.narrowgauge.org/4x4/images/minnie/tnails/tn_087_010.jpg]
[www.narrowgauge.org/4x4/images/minnie/mal_3_minnie02.jpg]
[www.narrowgauge.org/4x4/images/minnie/tnails/tn_mal_3_minnie02.jpg]
[www.narrowgauge.org/4x4/images/minnie/mal_3_minnie03.jpg]
[www.narrowgauge.org/4x4/images/minnie/tnails/tn_mal_3_minnie03.jpg]
[www.narrowgauge.org/4x4/images/minnie/mal_3_minnie04.jpg]
[www.narrowgauge.org/4x4/images/minnie/tnails/tn_mal_3_minnie04.jpg]
[www.narrowgauge.org/4x4/images/minnie/mal_3_minnie05.jpg]
[www.narrowgauge.org/4x4/images/minnie/tnails/tn_mal_3_minnie05.jpg]
[www.narrowgauge.org/4x4/html/minnie.html]
[www.narrowgauge.org/4x4/maps/minniehahamap.jpg]
[www.narrowgauge.org/4x4/images/minnehaha/mal_4_minnehaha01.jpg]
[www.narrowgauge.org/4x4/images/minnehaha/tnails/tn_mal_4_minnehaha01.jpg]
[www.narrowgauge.org/4x4/images/minnehaha/mal_4_minnehaha02.jpg]
[www.narrowgauge.org/4x4/images/minnehaha/tnails/tn_mal_4_minnehaha02.jpg]
[www.narrowgauge.org/4x4/images/minnehaha/mal_4_minnehaha03.jpg]
[www.narrowgauge.org/4x4/images/minnehaha/tnails/tn_mal_4_minnehaha03.jpg]
[www.narrowgauge.org/4x4/images/minnehaha/mal_3_minnehaha04.jpg]
[www.narrowgauge.org/4x4/images/minnehaha/tnails/tn_mal_3_minnehaha04.jpg]
[www.narrowgauge.org/4x4/images/minnehaha/mal_3_minnehaha05.jpg]
[www.narrowgauge.org/4x4/images/minnehaha/tnails/tn_mal_3_minnehaha05.jpg]
[www.narrowgauge.org/4x4/images/minnehaha/mal_4_minnehaha06.jpg]
[www.narrowgauge.org/4x4/images/minnehaha/tnails/tn_mal_4_minnehaha06.jpg]
[www.narrowgauge.org/4x4/images/minnehaha/mal_4_minnehaha07.jpg]
[www.narrowgauge.org/4x4/images/minnehaha/tnails/tn_mal_4_minnehaha07.jpg]
[www.narrowgauge.org/4x4/html/minnehaha.html]
[www.narrowgauge.org/4x4/maps/ophir_pass_map.jpg]
[www.narrowgauge.org/4x4/images/ophir_pass/mal_1_019_ophir_pass.jpg]
[www.narrowgauge.org/4x4/images/ophir_pass/tnails/tn_mal_1_019_ophir_pass.jpg]
[www.narrowgauge.org/4x4/images/ophir_pass/mal_1_020_ophir_pass.jpg]
[www.narrowgauge.org/4x4/images/ophir_pass/tnails/tn_mal_1_020_ophir_pass.jpg]
[www.narrowgauge.org/4x4/images/ophir_pass/mal_1_021_ophir_pass.jpg]
[www.narrowgauge.org/4x4/images/ophir_pass/tnails/tn_mal_1_021_ophir_pass.jpg]
[www.narrowgauge.org/4x4/images/ophir_pass/mal_1_022_ophir_pass.jpg]
[www.narrowgauge.org/4x4/images/ophir_pass/tnails/tn_mal_1_022_ophir_pass.jpg]
[www.narrowgauge.org/4x4/images/ophir_pass/j0035.jpg]
[www.narrowgauge.org/4x4/images/ophir_pass/tnails/tn_j0035.jpg]
[www.narrowgauge.org/4x4/images/ophir_pass/j0037.jpg]
[www.narrowgauge.org/4x4/images/ophir_pass/tnails/tn_j0037.jpg]
[www.narrowgauge.org/4x4/images/ophir_pass/j0038.jpg]
[www.narrowgauge.org/4x4/images/ophir_pass/tnails/tn_j0038.jpg]
[www.narrowgauge.org/4x4/images/ophir_pass/j0036.jpg]
[www.narrowgauge.org/4x4/images/ophir_pass/tnails/tn_j0036.jpg]
[www.narrowgauge.org/4x4/images/ophir_pass/j0033.jpg]
[www.narrowgauge.org/4x4/images/ophir_pass/tnails/tn_j0033.jpg]
[www.narrowgauge.org/4x4/images/ophir_pass/j0034.jpg]
[www.narrowgauge.org/4x4/images/ophir_pass/tnails/tn_j0034.jpg]
[www.narrowgauge.org/4x4/html/ophir.html]
[www.narrowgauge.org/4x4/images/placer_gulch/mal_3_placer01.jpg]
[www.narrowgauge.org/4x4/images/placer_gulch/tnails/tn_mal_3_placer01.jpg]
[www.narrowgauge.org/4x4/images/placer_gulch/mal_4_placer02.jpg]
[www.narrowgauge.org/4x4/images/placer_gulch/tnails/tn_mal_4_placer02.jpg]
[www.narrowgauge.org/4x4/images/placer_gulch/mal_4_placer01.jpg]
[www.narrowgauge.org/4x4/images/placer_gulch/tnails/tn_mal_4_placer01.jpg]
[www.narrowgauge.org/4x4/images/placer_gulch/96518_sd_mill.jpg]
[www.narrowgauge.org/4x4/images/placer_gulch/tnails/tn_96518_sd_mill.jpg]
[www.narrowgauge.org/4x4/images/placer_gulch/jx003.jpg]
[www.narrowgauge.org/4x4/images/placer_gulch/tnails/tn_jx003.jpg]
[www.narrowgauge.org/4x4/images/placer_gulch/mal_3_placermill01.jpg]
[www.narrowgauge.org/4x4/images/placer_gulch/tnails/tn_mal_3_placermill01.jpg]
[www.narrowgauge.org/4x4/images/placer_gulch/jx004.jpg]
[www.narrowgauge.org/4x4/images/placer_gulch/tnails/tn_x004.jpg]
[www.narrowgauge.org/4x4/images/placer_gulch/mal_3_placermill03.jpg]
[www.narrowgauge.org/4x4/images/placer_gulch/tnails/tn_mal_3_placermill03.jpg]
[www.narrowgauge.org/4x4/images/placer_gulch/mal_3_placermill04.jpg]
[www.narrowgauge.org/4x4/images/placer_gulch/tnails/tn_mal_3_placermill04.jpg]
[www.narrowgauge.org/4x4/images/placer_gulch/mal_3_placermill05.jpg]
[www.narrowgauge.org/4x4/images/placer_gulch/tnails/tn_mal_3_placermill05.jpg]
[www.narrowgauge.org/4x4/images/placer_gulch/jx002.jpg]
[www.narrowgauge.org/4x4/images/placer_gulch/tnails/tn_jx002.jpg]
[www.narrowgauge.org/4x4/images/placer_gulch/mal_3_placermill07.jpg]
[www.narrowgauge.org/4x4/images/placer_gulch/tnails/tn_mal_3_placermill07.jpg]
[www.narrowgauge.org/4x4/images/placer_gulch/96516_pgulch_tram.jpg]
[www.narrowgauge.org/4x4/images/placer_gulch/tnails/tn_96516_pgulch_tram.jpg]
[www.narrowgauge.org/4x4/images/placer_gulch/mal_3_placer03.jpg]
[www.narrowgauge.org/4x4/images/placer_gulch/tnails/tn_mal_3_placer03.jpg]
[www.narrowgauge.org/4x4/images/placer_gulch/mal_3_placer04.jpg]
[www.narrowgauge.org/4x4/images/placer_gulch/tnails/tn_mal_3_placer04.jpg]
[www.narrowgauge.org/4x4/html/pgulch.html]
[www.narrowgauge.org/4x4/images/poughkeepsie_gulch/147_028.jpg]
[www.narrowgauge.org/4x4/images/poughkeepsie_gulch/tnails/tn_147_028.jpg]
[www.narrowgauge.org/4x4/images/poughkeepsie_gulch/002_27.jpg]
[www.narrowgauge.org/4x4/images/poughkeepsie_gulch/tnails/tn_002_27.jpg]
[www.narrowgauge.org/4x4/images/poughkeepsie_gulch/147_029.jpg]
[www.narrowgauge.org/4x4/images/poughkeepsie_gulch/tnails/tn_147_029.jpg]
[www.narrowgauge.org/4x4/images/poughkeepsie_gulch/147_030.jpg]
[www.narrowgauge.org/4x4/images/poughkeepsie_gulch/tnails/tn_147_030.jpg]
[www.narrowgauge.org/4x4/images/poughkeepsie_gulch/147_033.jpg]
[www.narrowgauge.org/4x4/images/poughkeepsie_gulch/tnails/tn_147_033.jpg]
[www.narrowgauge.org/4x4/images/poughkeepsie_gulch/002_28.jpg]
[www.narrowgauge.org/4x4/images/poughkeepsie_gulch/tnails/tn_002_28.jpg]
[www.narrowgauge.org/4x4/images/poughkeepsie_gulch/002_31.jpg]
[www.narrowgauge.org/4x4/images/poughkeepsie_gulch/tnails/tn_002_31.jpg]
[www.narrowgauge.org/4x4/images/poughkeepsie_gulch/147_034.jpg]
[www.narrowgauge.org/4x4/images/poughkeepsie_gulch/tnails/tn_147_034.jpg]
[www.narrowgauge.org/4x4/images/poughkeepsie_gulch/185_004.jpg]
[www.narrowgauge.org/4x4/images/poughkeepsie_gulch/tnails/tn_185_004.jpg]
[www.narrowgauge.org/4x4/images/poughkeepsie_gulch/185_005.jpg]
[www.narrowgauge.org/4x4/images/poughkeepsie_gulch/tnails/tn_185_005.jpg]
[www.narrowgauge.org/4x4/images/poughkeepsie_gulch/185_009.jpg]
[www.narrowgauge.org/4x4/images/poughkeepsie_gulch/tnails/tn_185_009.jpg]
[www.narrowgauge.org/4x4/images/poughkeepsie_gulch/185_003.jpg]
[www.narrowgauge.org/4x4/images/poughkeepsie_gulch/tnails/tn_185_003.jpg]
[www.narrowgauge.org/4x4/html/poughkeepsie_gulch.html]
[www.narrowgauge.org/4x4/images/prospect_gulch/mal_3_prospect01.jpg]
[www.narrowgauge.org/4x4/images/prospect_gulch/tnails/tn_mal_3_prospect01.jpg]
[www.narrowgauge.org/4x4/images/prospect_gulch/mal_3_prospect02.jpg]
[www.narrowgauge.org/4x4/images/prospect_gulch/tnails/tn_mal_3_prospect02.jpg]
[www.narrowgauge.org/4x4/images/prospect_gulch/mal_3_prospect04.jpg]
[www.narrowgauge.org/4x4/images/prospect_gulch/tnails/tn_mal_3_prospect04.jpg]
[www.narrowgauge.org/4x4/images/prospect_gulch/mal_3_prospect05.jpg]
[www.narrowgauge.org/4x4/images/prospect_gulch/tnails/tn_mal_3_prospect05.jpg]
[www.narrowgauge.org/4x4/images/prospect_gulch/mal_3_prospect03.jpg]
[www.narrowgauge.org/4x4/images/prospect_gulch/tnails/tn_mal_3_prospect03.jpg]
[www.narrowgauge.org/4x4/images/prospect_gulch/mal_3_prospect06.jpg]
[www.narrowgauge.org/4x4/images/prospect_gulch/tnails/tn_mal_3_prospect06.jpg]
[www.narrowgauge.org/4x4/images/prospect_gulch/j0004.jpg]
[www.narrowgauge.org/4x4/images/prospect_gulch/tnails/tn_j0004.jpg]
[www.narrowgauge.org/4x4/images/prospect_gulch/j0007.jpg]
[www.narrowgauge.org/4x4/images/prospect_gulch/tnails/tn_j0007.jpg]
[www.narrowgauge.org/4x4/images/prospect_gulch/j0005.jpg]
[www.narrowgauge.org/4x4/images/prospect_gulch/tnails/tn_j0005.jpg]
[www.narrowgauge.org/4x4/images/prospect_gulch/j0006.jpg]
[www.narrowgauge.org/4x4/images/prospect_gulch/tnails/tn_j0006.jpg]
[www.narrowgauge.org/4x4/html/prospect.html]
[www.narrowgauge.org/4x4/images/stony_pass/087_003.jpg]
[www.narrowgauge.org/4x4/images/stony_pass/tnails/tn_087_003.jpg]
[www.narrowgauge.org/4x4/images/stony_pass/185_033.jpg]
[www.narrowgauge.org/4x4/images/stony_pass/tnails/tn_185_033.jpg]
[www.narrowgauge.org/4x4/images/stony_pass/185_032.jpg]
[www.narrowgauge.org/4x4/images/stony_pass/tnails/tn_185_032.jpg]
[www.narrowgauge.org/4x4/images/stony_pass/185_029.jpg]
[www.narrowgauge.org/4x4/images/stony_pass/tnails/tn_185_029.jpg]
[www.narrowgauge.org/4x4/images/stony_pass/185_025.jpg]
[www.narrowgauge.org/4x4/images/stony_pass/tnails/tn_185_025.jpg]
[www.narrowgauge.org/4x4/images/stony_pass/087_006.jpg]
[www.narrowgauge.org/4x4/images/stony_pass/tnails/tn_087_006.jpg]
[www.narrowgauge.org/4x4/images/stony_pass/185_036.jpg]
[www.narrowgauge.org/4x4/images/stony_pass/tnails/tn_185_036.jpg]
[www.narrowgauge.org/4x4/html/stoney_pass.html]
[www.narrowgauge.org/4x4/images/ybbtopo_button.jpg]
[www.narrowgauge.org/4x4/images/yankee_boy/mal_4_ybb01.jpg]
[www.narrowgauge.org/4x4/images/yankee_boy/tnails/tn_mal_4_ybb01.jpg]
[www.narrowgauge.org/4x4/images/yankee_boy/95844_cb_road.jpg]
[www.narrowgauge.org/4x4/images/yankee_boy/tnails/tn_95844_cb_road.jpg]
[www.narrowgauge.org/4x4/images/yankee_boy/mal_4_ybb12.jpg]
[www.narrowgauge.org/4x4/images/yankee_boy/tnails/tn_mal_4_ybb12.jpg]
[www.narrowgauge.org/4x4/images/yankee_boy/jx009.jpg]
[www.narrowgauge.org/4x4/images/yankee_boy/tnails/tn_jx009.jpg]
[www.narrowgauge.org/4x4/images/yankee_boy/mal_4_ybb02.jpg]
[www.narrowgauge.org/4x4/images/yankee_boy/tnails/tn_mal_4_ybb02.jpg]
[www.narrowgauge.org/4x4/images/yankee_boy/mal_4_ybb03.jpg]
[www.narrowgauge.org/4x4/images/yankee_boy/tnails/tn_mal_4_ybb03.jpg]
[www.narrowgauge.org/4x4/images/yankee_boy/mal_4_ybb04.jpg]
[www.narrowgauge.org/4x4/images/yankee_boy/tnails/tn_mal_4_ybb04.jpg]
[www.narrowgauge.org/4x4/images/yankee_boy/mal_4_ybb05.jpg]
[www.narrowgauge.org/4x4/images/yankee_boy/tnails/tn_mal_4_ybb05.jpg]
[www.narrowgauge.org/4x4/images/yankee_boy/95830_atlas_mill.jpg]
[www.narrowgauge.org/4x4/images/yankee_boy/tnails/tn_95830_atlas_mill.jpg]
[www.narrowgauge.org/4x4/images/yankee_boy/jx008.jpg]
[www.narrowgauge.org/4x4/images/yankee_boy/tnails/tn_jx008.jpg]
[www.narrowgauge.org/4x4/images/yankee_boy/mal_4_ybb06.jpg]
[www.narrowgauge.org/4x4/images/yankee_boy/tnails/tn_mal_4_ybb06.jpg]
[www.narrowgauge.org/4x4/images/yankee_boy/mal_4_ybb07.jpg]
[www.narrowgauge.org/4x4/images/yankee_boy/tnails/tn_mal_4_ybb07.jpg]
[www.narrowgauge.org/4x4/images/yankee_boy/mal_1_071_ouray_yankee_boy.jpg]
[www.narrowgauge.org/4x4/images/yankee_boy/tnails/tn_mal_1_071_ouray_yankee_boy.jpg]
[www.narrowgauge.org/4x4/images/yankee_boy/95824_yb_basin.jpg]
[www.narrowgauge.org/4x4/images/yankee_boy/tnails/tn_95824_yb_basin.jpg]
[www.narrowgauge.org/4x4/images/yankee_boy/mal_4_ybb08.jpg]
[www.narrowgauge.org/4x4/images/yankee_boy/tnails/tn_mal_4_ybb08.jpg]
[www.narrowgauge.org/4x4/images/yankee_boy/mal_4_ybb09.jpg]
[www.narrowgauge.org/4x4/images/yankee_boy/tnails/tn_mal_4_ybb09.jpg]
[www.narrowgauge.org/4x4/images/yankee_boy/mal_4_ybb10.jpg]
[www.narrowgauge.org/4x4/images/yankee_boy/tnails/tn_mal_4_ybb10.jpg]
[www.narrowgauge.org/4x4/images/yankee_boy/mal_4_ybb11.jpg]
[www.narrowgauge.org/4x4/images/yankee_boy/tnails/tn_mal_4_ybb11.jpg]
[www.narrowgauge.org/4x4/images/yankee_boy/mal_1_012_yankee_boy.jpg]
[www.narrowgauge.org/4x4/images/yankee_boy/tnails/tn_mal_1_012_yankee_boy.jpg]
[www.narrowgauge.org/4x4/images/yankee_boy/mal_1_013_yankee_boy.jpg]
[www.narrowgauge.org/4x4/images/yankee_boy/tnails/tn_mal_1_013_yankee_boy.jpg]
[www.narrowgauge.org/4x4/images/yankee_boy/mal_4_ybb13.jpg]
[www.narrowgauge.org/4x4/images/yankee_boy/tnails/tn_mal_4_ybb13.jpg]
[www.narrowgauge.org/4x4/images/govenor_button.jpg]
[www.narrowgauge.org/4x4/html/yankee.html]
[www.narrowgauge.org/4x4/images/autumn/mal_3_autumn01.jpg]
[www.narrowgauge.org/4x4/images/autumn/tnails/tn_mal_3_autumn01.jpg]
[www.narrowgauge.org/4x4/images/autumn/mal_3_autumn02.jpg]
[www.narrowgauge.org/4x4/images/autumn/tnails/tn_mal_3_autumn02.jpg]
[www.narrowgauge.org/4x4/images/autumn/mal_3_autumn03.jpg]
[www.narrowgauge.org/4x4/images/autumn/tnails/tn_mal_3_autumn03.jpg]
[www.narrowgauge.org/4x4/images/autumn/mal_3_autumn04.jpg]
[www.narrowgauge.org/4x4/images/autumn/tnails/tn_mal_3_autumn04.jpg]
[www.narrowgauge.org/4x4/images/autumn/mal_3_autumn05.jpg]
[www.narrowgauge.org/4x4/images/autumn/tnails/tn_mal_3_autumn05.jpg]
[www.narrowgauge.org/4x4/images/autumn/mal_3_autumn13.jpg]
[www.narrowgauge.org/4x4/images/autumn/tnails/tn_mal_3_autumn13.jpg]
[www.narrowgauge.org/4x4/images/autumn/mal_3_autumn11.jpg]
[www.narrowgauge.org/4x4/images/autumn/tnails/tn_mal_3_autumn11.jpg]
[www.narrowgauge.org/4x4/images/autumn/mal_1_autumn24.jpg]
[www.narrowgauge.org/4x4/images/autumn/tnails/tn_mal_1_autumn24.jpg]
[www.narrowgauge.org/4x4/images/autumn/mal_1_autumn28.jpg]
[www.narrowgauge.org/4x4/images/autumn/tnails/tn_mal_1_autumn28.jpg]
[www.narrowgauge.org/4x4/images/autumn/mal_3_autumn15.jpg]
[www.narrowgauge.org/4x4/images/autumn/tnails/tn_mal_3_autumn15.jpg]
[www.narrowgauge.org/4x4/images/autumn/mal_3_autumn16.jpg]
[www.narrowgauge.org/4x4/images/autumn/tnails/tn_mal_3_autumn16.jpg]
[www.narrowgauge.org/4x4/images/autumn/mal_1_autumn26.jpg]
[www.narrowgauge.org/4x4/images/autumn/tnails/tn_mal_1_autumn26.jpg]
[www.narrowgauge.org/4x4/images/autumn/mal_1_autumn27.jpg]
[www.narrowgauge.org/4x4/images/autumn/tnails/tn_mal_1_autumn27.jpg]
[www.narrowgauge.org/4x4/images/autumn/mal_1_autumn22.jpg]
[www.narrowgauge.org/4x4/images/autumn/tnails/tn_mal_1_autumn22.jpg]
[www.narrowgauge.org/4x4/images/autumn/mal_1_autumn25.jpg]
[www.narrowgauge.org/4x4/images/autumn/tnails/tn_mal_1_autumn25.jpg]
[www.narrowgauge.org/4x4/images/autumn/mal_3_autumn17.jpg]
[www.narrowgauge.org/4x4/images/autumn/tnails/tn_mal_3_autumn17.jpg]
[www.narrowgauge.org/4x4/images/autumn/mal_3_autumn18.jpg]
[www.narrowgauge.org/4x4/images/autumn/tnails/tn_mal_3_autumn18.jpg]
[www.narrowgauge.org/4x4/images/autumn/mal_1_autumn21.jpg]
[www.narrowgauge.org/4x4/images/autumn/tnails/tn_mal_1_autumn21.jpg]
[www.narrowgauge.org/4x4/images/autumn/mal_3_autumn19.jpg]
[www.narrowgauge.org/4x4/images/autumn/tnails/tn_mal_3_autumn19.jpg]
[www.narrowgauge.org/4x4/images/autumn/mal_3_autumn20.jpg]
[www.narrowgauge.org/4x4/images/autumn/tnails/tn_mal_3_autumn20.jpg]
[www.narrowgauge.org/4x4/images/autumn/mal_3_autumn06.jpg]
[www.narrowgauge.org/4x4/images/autumn/tnails/tn_mal_3_autumn06.jpg]
[www.narrowgauge.org/4x4/images/autumn/portland96389.jpg]
[www.narrowgauge.org/4x4/images/autumn/tnails/tn_portland96389.jpg]
[www.narrowgauge.org/4x4/images/autumn/portland96399.jpg]
[www.narrowgauge.org/4x4/images/autumn/tnails/tn_portland96399.jpg]
[www.narrowgauge.org/4x4/images/autumn/mal_3_autumn07.jpg]
[www.narrowgauge.org/4x4/images/autumn/tnails/tn_mal_3_autumn07.jpg]
[www.narrowgauge.org/4x4/images/autumn/mal_3_autumn12.jpg]
[www.narrowgauge.org/4x4/images/autumn/tnails/tn_mal_3_autumn12.jpg]
[www.narrowgauge.org/4x4/images/autumn/mal_3_autumn14.jpg]
[www.narrowgauge.org/4x4/images/autumn/tnails/tn_mal_3_autumn14.jpg]
[www.narrowgauge.org/4x4/images/autumn/mal_3_autumn08.jpg]
[www.narrowgauge.org/4x4/images/autumn/tnails/tn_mal_3_autumn08.jpg]
[www.narrowgauge.org/4x4/images/autumn/mal_3_autumn09.jpg]
[www.narrowgauge.org/4x4/images/autumn/tnails/tn_mal_3_autumn09.jpg]
[www.narrowgauge.org/4x4/images/autumn/mal_3_bfp01.jpg]
[www.narrowgauge.org/4x4/images/autumn/tnails/tn_mal_3_bfp01.jpg]
[www.narrowgauge.org/4x4/images/autumn/mal_3_bfp02.jpg]
[www.narrowgauge.org/4x4/images/autumn/tnails/tn_mal_3_bfp02.jpg]
[www.narrowgauge.org/4x4/images/autumn/mal_3_bfp03.jpg]
[www.narrowgauge.org/4x4/images/autumn/tnails/tn_mal_3_bfp03.jpg]
[www.narrowgauge.org/4x4/images/autumn/mal_3_bfp04.jpg]
[www.narrowgauge.org/4x4/images/autumn/tnails/tn_mal_3_bfp04.jpg]
[www.narrowgauge.org/4x4/images/autumn/mal_3_bfp05.jpg]
[www.narrowgauge.org/4x4/images/autumn/tnails/tn_mal_3_bfp05.jpg]
[www.narrowgauge.org/4x4/images/autumn/mal_3_bfp07.jpg]
[www.narrowgauge.org/4x4/images/autumn/tnails/tn_mal_3_bfp07.jpg]
[www.narrowgauge.org/4x4/images/autumn/mal_3_bfp08.jpg]
[www.narrowgauge.org/4x4/images/autumn/tnails/tn_mal_3_bfp08.jpg]
[www.narrowgauge.org/4x4/html/autumn.html]
[www.narrowgauge.org/4x4/images/4x4_160x55.gif]
[www.narrowgauge.org/4x4/images/links/orct.jpg]
[www.narrowgauge.org/4x4/html/4X4_links.html]
[www.narrowgauge.org/4x4/images/sjo2000/4x4_sjo2000_masthead.jpg]
[www.narrowgauge.org/4x4/html/sjo2000_sunday.html]
[www.narrowgauge.org/4x4/images/sjo2000/sjo2000_sunday_button.jpg]
[www.narrowgauge.org/4x4/html/sjo2000_monday.html]
[www.narrowgauge.org/4x4/images/sjo2000/sjo2000_monday_button.jpg]
[www.narrowgauge.org/4x4/html/sjo2000_wednesday.html]
[www.narrowgauge.org/4x4/images/sjo2000/sjo2000_wednesday_button.jpg]
[www.narrowgauge.org/4x4/html/sjo2000_thursday.html]
[www.narrowgauge.org/4x4/images/sjo2000/sjo2000_thursday_button.jpg]
[www.narrowgauge.org/4x4/html/sjo2000_friday.html]
[www.narrowgauge.org/4x4/images/sjo2000/sjo2000_friday_button.jpg]
[www.narrowgauge.org/4x4/html/sjo2000-main.html]
[www.narrowgauge.org/4x4/images/sjo99/4x4_sjo99_masthead.jpg]
[www.narrowgauge.org/4x4/images/sjo99/alpineglo.jpg]
[www.narrowgauge.org/4x4/images/sjo99/tn_alpineglo.jpg]
[www.narrowgauge.org/4x4/images/sjo99/sj099_miles.jpg]
[www.narrowgauge.org/4x4/images/sjo99/tn_sj099_miles.jpg]
[www.narrowgauge.org/4x4/images/sjo99/usbasin_5_72799.jpg]
[www.narrowgauge.org/4x4/images/sjo99/tn_usbasin_5_72799.jpg]
[www.narrowgauge.org/ngc/graphics/mevans-collection/colorado/outlaw.jpg]
[www.narrowgauge.org/ngc/graphics/mevans-collection/colorado/tnails/tn_outlaw.jpg]
[www.narrowgauge.org/4x4/images/sjo99/sjo99_725_016.jpg]
[www.narrowgauge.org/4x4/images/sjo99/tn_sjo99_725_016.jpg]
[www.narrowgauge.org/4x4/html/sjo99_sunday_25.html]
[www.narrowgauge.org/4x4/images/sjo99/sjo99_sunday_button.jpg]
[www.narrowgauge.org/4x4/html/sjo99_monday_26.html]
[www.narrowgauge.org/4x4/images/sjo99/sjo99_monday_button.jpg]
[www.narrowgauge.org/4x4/html/sjo99_tuesday_27.html]
[www.narrowgauge.org/4x4/images/sjo99/sjo99_tuesday_button.jpg]
[www.narrowgauge.org/4x4/html/sjo99_wednesday_maggie.html]
[www.narrowgauge.org/4x4/images/sjo99/sjo99_wednesday_maggie_button.jpg]
[www.narrowgauge.org/4x4/html/sjo99_wednesday_minnie.html]
[www.narrowgauge.org/4x4/images/sjo99/sjo99_wednesday_minnie_button.jpg]
[www.narrowgauge.org/4x4/html/sjo99_thursday_giant.html]
[www.narrowgauge.org/4x4/images/sjo99/sjo99_thursday_giant_button.jpg]
[www.narrowgauge.org/4x4/html/sjo99_thursday_picayune.html]
[www.narrowgauge.org/4x4/images/sjo99/sjo99_thursday_picayune_button.jpg]
[www.narrowgauge.org/4x4/html/sjo99_friday_velocity.html]
[www.narrowgauge.org/4x4/images/sjo99/sjo99_friday_velocity_button.jpg]
[www.narrowgauge.org/4x4/html/sjo99_friday_minniehaha.html]
[www.narrowgauge.org/4x4/images/sjo99/sjo99_friday_minniehaha_button.jpg]
[www.narrowgauge.org/4x4/html/sjo99_saturday_brown.html]
[www.narrowgauge.org/4x4/images/sjo99/sjo99_saturday_button.jpg]
[www.narrowgauge.org/4x4/html/sjo99.html]
[www.narrowgauge.org/ngc/graphics/mevans-collection/colorado/1889-pass-front.jpg]
[www.narrowgauge.org/ngc/graphics/mevans-collection/colorado/tnails/tn_1889-pass-front.jpg]
[www.narrowgauge.org/ngc/graphics/mevans-collection/colorado/paper/rgs-1897-pass.jpg]
[www.narrowgauge.org/ngc/graphics/mevans-collection/colorado/tnails/tn_rgs-1897-pass.jpg]
[www.narrowgauge.org/ngc/graphics/mevans-collection/colorado/rgs-pass-1892.jpg]
[www.narrowgauge.org/ngc/graphics/mevans-collection/colorado/tnails/tn_rgs-pass-1892.jpg]
[www.narrowgauge.org/ngc/graphics/mevans-collection/colorado/paper/mears-filegree-pass-1892.jpg]
[www.narrowgauge.org/ngc/graphics/mevans-collection/colorado/tnails/tn-mears-filegree-pass-1892.jpg]
[www.narrowgauge.org/ngc/graphics/mevans-collection/colorado/paper/mears-pass-1892.jpg]
[www.narrowgauge.org/ngc/graphics/mevans-collection/colorado/tnails/tn_mears-pass-1892.jpg]
[www.narrowgauge.org/ngc/graphics/mevans-collection/colorado/paper/mears-pass-368-1889.jpg]
[www.narrowgauge.org/ngc/graphics/mevans-collection/colorado/tnails/tn-mears-pass-368-1889.jpg]
[www.narrowgauge.org/ngc/graphics/mevans-collection/colorado/paper/mears-pass-1890-front.jpg]
[www.narrowgauge.org/ngc/graphics/mevans-collection/colorado/tnails/tn-mears-pass-1890-front.jpg]
[www.narrowgauge.org/ngc/graphics/mevans-collection/colorado/paper/mears-pass-1890-back.jpg]
[www.narrowgauge.org/ngc/graphics/mevans-collection/colorado/tnails/tn-mears-pass-1890-back.jpg]
[www.narrowgauge.org/ngc/graphics/mevans-collection/colorado/rmms-stock-certificate.jpg]
[www.narrowgauge.org/ngc/graphics/mevans-collection/colorado/tnails/tn_rmms-stock-certificate.jpg]
[www.narrowgauge.org/ngc/graphics/mevans-collection/colorado/snr-stationary.jpg]
[www.narrowgauge.org/ngc/graphics/mevans-collection/colorado/tnails/tn_snr-stationary.jpg]
[www.narrowgauge.org/ngc/graphics/mevans-collection/colorado/rgs-voucher-1945.jpg]
[www.narrowgauge.org/ngc/graphics/mevans-collection/colorado/tnails/tn_rgs-voucher-1945.jpg]
[www.narrowgauge.org/ngc/graphics/mevans-collection/colorado/rmt-letter.jpg]
[www.narrowgauge.org/ngc/graphics/mevans-collection/colorado/tnails/tn_rmt-letter.jpg]
[www.narrowgauge.org/ngc/graphics/mevans-collection/colorado/snrr-ticket.jpg]
[www.narrowgauge.org/ngc/graphics/mevans-collection/colorado/tnails/tn_snrr-ticket.jpg]
[www.narrowgauge.org/ngc/graphics/mevans-collection/colorado/snr-wine-list.jpg]
[www.narrowgauge.org/ngc/graphics/mevans-collection/colorado/tnails/tn_snr-wine-list.jpg]
[www.narrowgauge.org/ngc/graphics/mevans-collection/colorado/paper/goose-ticket-RW-LH.jpg]
[www.narrowgauge.org/ngc/graphics/mevans-collection/colorado/tnails/tn-goose-ticket-RW-LH.jpg]
[www.narrowgauge.org/ngc/graphics/mevans-collection/colorado/goose-sign.jpg]
[www.narrowgauge.org/ngc/graphics/mevans-collection/colorado/tnails/tn_goose-sign.jpg]
[www.narrowgauge.org/ngc/graphics/mevans-collection/colorado/goose3-ridgway.jpg]
[www.narrowgauge.org/ngc/graphics/mevans-collection/colorado/tnails/tn-goose3-ridgway.jpg]
[www.narrowgauge.org/ngc/graphics/mevans-collection/colorado/goose4-durango.jpg]
[www.narrowgauge.org/ngc/graphics/mevans-collection/colorado/tnails/tn-goose4-durango.jpg]
[www.narrowgauge.org/ngc/graphics/mevans-collection/colorado/goose5-dolores.jpg]
[www.narrowgauge.org/ngc/graphics/mevans-collection/colorado/tnails/tn-goose5-dolores.jpg]
[www.narrowgauge.org/ngc/graphics/mevans-collection/standard-return-button.jpg]
[www.narrowgauge.org/ngc/html/mevans-collection/colorado/mevans-colorado-paper.html]
[www.narrowgauge.org/ngc/graphics/mevans-collection/colorado/mdh-molas-1948.jpg]
[www.narrowgauge.org/ngc/graphics/mevans-collection/colorado/tnails/tn_mdh-molas-1948.jpg]
[www.narrowgauge.org/ngc/graphics/mevans-collection/colorado/mdh-monarch-1948.jpg]
[www.narrowgauge.org/ngc/graphics/mevans-collection/colorado/tnails/tn_mdh-monarch-1948.jpg]
[www.narrowgauge.org/ngc/graphics/mevans-collection/colorado/mdh-ramparts-1948.jpg]
[www.narrowgauge.org/ngc/graphics/mevans-collection/colorado/tnails/tn_mdh-ramparts-1948.jpg]
[www.narrowgauge.org/ngc/graphics/mevans-collection/colorado/mdh-tunnel-1948.jpg]
[www.narrowgauge.org/ngc/graphics/mevans-collection/colorado/tnails/tn_mdh-tunnel-1948.jpg]
[www.narrowgauge.org/ngc/graphics/mevans-collection/colorado/mdh-wagon-1948.jpg]
[www.narrowgauge.org/ngc/graphics/mevans-collection/colorado/tnails/tn_mdh-wagon-1948.jpg]
[www.narrowgauge.org/ngc/graphics/mevans-collection/colorado/ouray-aerial.jpg]
[www.narrowgauge.org/ngc/graphics/mevans-collection/colorado/tnails/tn_ouray-aerial.jpg]
[www.narrowgauge.org/ngc/graphics/mevans-collection/colorado/red-mountain-67.jpg]
[www.narrowgauge.org/ngc/graphics/mevans-collection/colorado/tnails/tn_red-mountain-67.jpg]
[www.narrowgauge.org/ngc/graphics/mevans-collection/colorado/jackson-abrams.jpg]
[www.narrowgauge.org/ngc/graphics/mevans-collection/colorado/tnails/tn_jackson-abrams.jpg]
[www.narrowgauge.org/ngc/graphics/mevans-collection/colorado/mhh-100.jpg]
[www.narrowgauge.org/ngc/graphics/mevans-collection/colorado/tnails/tn_mhh-100.jpg]
[www.narrowgauge.org/ngc/graphics/mevans-collection/colorado/color-mt-abrams.jpg]
[www.narrowgauge.org/ngc/graphics/mevans-collection/colorado/tnails/tn_color-mt-abrams.jpg]
[www.narrowgauge.org/ngc/graphics/mevans-collection/colorado/mdh-tunnel-1946.jpg]
[www.narrowgauge.org/ngc/graphics/mevans-collection/colorado/tnails/tn_mdh-tunnel-1946.jpg]
[www.narrowgauge.org/ngc/graphics/mevans-collection/colorado/ouray-toll-road.jpg]
[www.narrowgauge.org/ngc/graphics/mevans-collection/colorado/tnails/tn_ouray-toll-road.jpg]
[www.narrowgauge.org/ngc/graphics/mevans-collection/colorado/mdh-1950-2.jpg]
[www.narrowgauge.org/ngc/graphics/mevans-collection/colorado/tnails/tn_mdh-1950-2.jpg]
[www.narrowgauge.org/ngc/graphics/mevans-collection/colorado/mdh-1950.jpg]
[www.narrowgauge.org/ngc/graphics/mevans-collection/colorado/tnails/tn_mdh-1950.jpg]
[www.narrowgauge.org/ngc/graphics/mevans-collection/colorado/mdh-1950-3.jpg]
[www.narrowgauge.org/ngc/graphics/mevans-collection/colorado/tnails/tn_mdh-1950-3.jpg]
[www.narrowgauge.org/ngc/graphics/mevans-collection/colorado/bear-creek-falls.jpg]
[www.narrowgauge.org/ngc/graphics/mevans-collection/colorado/tnails/tn_bear-creek-falls.jpg]
[www.narrowgauge.org/ngc/graphics/mevans-collection/colorado/bear-mountain.jpg]
[www.narrowgauge.org/ngc/graphics/mevans-collection/colorado/tnails/tn_bear-mountain.jpg]
[www.narrowgauge.org/ngc/graphics/mevans-collection/colorado/ironton-loops.jpg]
[www.narrowgauge.org/ngc/graphics/mevans-collection/colorado/tnails/tn_ironton-loops.jpg]
[www.narrowgauge.org/ngc/graphics/mevans-collection/colorado/ouray-pc11.jpg]
[www.narrowgauge.org/ngc/graphics/mevans-collection/colorado/tnails/tn_ouray-pc11.jpg]
[www.narrowgauge.org/ngc/graphics/mevans-collection/colorado/chattanooga-valley.jpg]
[www.narrowgauge.org/ngc/graphics/mevans-collection/colorado/tnails/tn_chattanooga-valley.jpg]
[www.narrowgauge.org/ngc/html/mevans-collection/colorado/mevans-colorado-us550.html]
[www.narrowgauge.org/ngc/graphics/mevans-collection/gewehr/ouray-stage.jpg]
[www.narrowgauge.org/ngc/graphics/mevans-collection/gewehr/tnails/tn-ouray-stage.jpg]
[www.narrowgauge.org/ngc/graphics/mevans-collection/gewehr/delivery-wagon-ouray.jpg]
[www.narrowgauge.org/ngc/graphics/mevans-collection/gewehr/tnails/tn-delivery-wagon-ouray.jpg]
[www.narrowgauge.org/ngc/graphics/mevans-collection/gewehr/ouray-beaumont.jpg]
[www.narrowgauge.org/ngc/graphics/mevans-collection/gewehr/tnails/tn-ouray-beaumont.jpg]
[www.narrowgauge.org/ngc/graphics/mevans-collection/colorado/ouray-depot.jpg]
[www.narrowgauge.org/ngc/graphics/mevans-collection/colorado/tnails/tn_ouray-depot.jpg]
[www.narrowgauge.org/ngc/graphics/mevans-collection/colorado/ouray-depot-detail.jpg]
[www.narrowgauge.org/ngc/graphics/mevans-collection/colorado/tnails/tn_ouray-depot-detail.jpg]
[www.narrowgauge.org/ngc/graphics/mevans-collection/colorado/ouray-pc4.jpg]
[www.narrowgauge.org/ngc/graphics/mevans-collection/colorado/tnails/tn_ouray-pc4.jpg]
[www.narrowgauge.org/ngc/graphics/mevans-collection/colorado/ouray-pc-icehouse-1.jpg]
[www.narrowgauge.org/ngc/graphics/mevans-collection/colorado/tnails/tn_ouray-pc-icehouse-1.jpg]
[www.narrowgauge.org/ngc/graphics/mevans-collection/colorado/ouray-depot-T-12.jpg]
[www.narrowgauge.org/ngc/graphics/mevans-collection/colorado/tnails/tn_ouray-depot-T-12.jpg]
[www.narrowgauge.org/ngc/graphics/mevans-collection/colorado/ouray-depot-2.jpg]
[www.narrowgauge.org/ngc/graphics/mevans-collection/colorado/tnails/tn_ouray-depot-2.jpg]
[www.narrowgauge.org/ngc/graphics/mevans-collection/colorado/ouray-hot-springs.jpg]
[www.narrowgauge.org/ngc/graphics/mevans-collection/colorado/tnails/tn_ouray-hot-springs.jpg]
[www.narrowgauge.org/ngc/graphics/mevans-collection/colorado/ouray-color.jpg]
[www.narrowgauge.org/ngc/graphics/mevans-collection/colorado/tnails/tn_ouray-color.jpg]
[www.narrowgauge.org/ngc/graphics/mevans-collection/colorado/ouray-1950.jpg]
[www.narrowgauge.org/ngc/graphics/mevans-collection/colorado/tnails/tn_ouray-1950.jpg]
[www.narrowgauge.org/ngc/graphics/mevans-collection/colorado/ouray-sanborn-w944.jpg]
[www.narrowgauge.org/ngc/graphics/mevans-collection/colorado/tnails/tn_ouray-sanborn-w944.jpg]
[www.narrowgauge.org/ngc/graphics/mevans-collection/colorado/ouray-pc12.jpg]
[www.narrowgauge.org/ngc/graphics/mevans-collection/colorado/tnails/tn_ouray-pc12.jpg]
[www.narrowgauge.org/ngc/graphics/mevans-collection/colorado/ouray-color-1924.jpg]
[www.narrowgauge.org/ngc/graphics/mevans-collection/colorado/tnails/tn_ouray-color-1924.jpg]
[www.narrowgauge.org/ngc/graphics/mevans-collection/colorado/ouray-pc9.jpg]
[www.narrowgauge.org/ngc/graphics/mevans-collection/colorado/tnails/tn_ouray-pc9.jpg]
[www.narrowgauge.org/ngc/graphics/mevans-collection/colorado/ouray-birdseye-bw1.jpg]
[www.narrowgauge.org/ngc/graphics/mevans-collection/colorado/tnails/tn-ouray-birdseye-bw1.jpg]
[www.narrowgauge.org/ngc/graphics/mevans-collection/colorado/ouray-birdseye-bw2.jpg]
[www.narrowgauge.org/ngc/graphics/mevans-collection/colorado/tnails/tn-ouray-birdseye-bw2.jpg]
[www.narrowgauge.org/ngc/graphics/mevans-collection/colorado/ouray-birdseye-bw3.jpg]
[www.narrowgauge.org/ngc/graphics/mevans-collection/colorado/tnails/tn-ouray-birdseye-bw3.jpg]
[www.narrowgauge.org/ngc/graphics/mevans-collection/colorado/ouray-color-birdseye.jpg]
[www.narrowgauge.org/ngc/graphics/mevans-collection/colorado/tnails/tn-ouray-color-birdseye.jpg]
[www.narrowgauge.org/ngc/graphics/mevans-collection/colorado/ouray-pc-mainstreet-1.jpg]
[www.narrowgauge.org/ngc/graphics/mevans-collection/colorado/tnails/tn-ouray-pc-mainstreet-1.jpg]
[www.narrowgauge.org/ngc/graphics/mevans-collection/colorado/ouray-pc-mainstreet-2.jpg]
[www.narrowgauge.org/ngc/graphics/mevans-collection/colorado/tnails/tn-ouray-pc-mainstreet-2.jpg]
[www.narrowgauge.org/ngc/graphics/mevans-collection/colorado/ouray-main-street-1907.jpg]
[www.narrowgauge.org/ngc/graphics/mevans-collection/colorado/tnails/tn-ouray-main-street-1907.jpg]
[www.narrowgauge.org/ngc/graphics/mevans-collection/colorado/sanborn-mainstreet.jpg]
[www.narrowgauge.org/ngc/graphics/mevans-collection/colorado/tnails/tn_sanborn-mainstreet.jpg]
[www.narrowgauge.org/ngc/graphics/mevans-collection/colorado/ouray-sanborn1940.jpg]
[www.narrowgauge.org/ngc/graphics/mevans-collection/colorado/tnails/tn-ouray-sanborn1940.jpg]
[www.narrowgauge.org/ngc/graphics/mevans-collection/colorado/ouray-pc17.jpg]
[www.narrowgauge.org/ngc/graphics/mevans-collection/colorado/tnails/tn_ouray-pc17.jpg]
[www.narrowgauge.org/ngc/graphics/mevans-collection/colorado/ouray-pc2.jpg]
[www.narrowgauge.org/ngc/graphics/mevans-collection/colorado/tnails/tn_ouray-pc2.jpg]
[www.narrowgauge.org/ngc/graphics/mevans-collection/colorado/ouray-pc3.jpg]
[www.narrowgauge.org/ngc/graphics/mevans-collection/colorado/tnails/tn_ouray-pc3.jpg]
[www.narrowgauge.org/ngc/graphics/mevans-collection/colorado/ouray-pc1.jpg]
[www.narrowgauge.org/ngc/graphics/mevans-collection/colorado/tnails/tn_ouray-pc1.jpg]
[www.narrowgauge.org/ngc/graphics/mevans-collection/colorado/campbird-mill-1.jpg]
[www.narrowgauge.org/ngc/graphics/mevans-collection/colorado/tnails/tn-campbird-mill-1.jpg]
[www.narrowgauge.org/ngc/graphics/mevans-collection/colorado/campbird-mill-2.jpg]
[www.narrowgauge.org/ngc/graphics/mevans-collection/colorado/tnails/tn-campbird-mill-2.jpg]
[www.narrowgauge.org/ngc/graphics/mevans-collection/colorado/campbird-mill-3.jpg]
[www.narrowgauge.org/ngc/graphics/mevans-collection/colorado/tnails/tn-campbird-mill-3.jpg]
[www.narrowgauge.org/ngc/graphics/mevans-collection/colorado/campbird-mill-4.jpg]
[www.narrowgauge.org/ngc/graphics/mevans-collection/colorado/tnails/tn-campbird-mill-4.jpg]
[www.narrowgauge.org/ngc/graphics/mevans-collection/colorado/camp-bird 1923.jpg]
[www.narrowgauge.org/ngc/graphics/mevans-collection/colorado/tnails/tn-camp-bird 1923.jpg]
[www.narrowgauge.org/ngc/graphics/mevans-collection/colorado/ouray-pc5.jpg]
[www.narrowgauge.org/ngc/graphics/mevans-collection/colorado/tnails/tn_ouray-pc5.jpg]
[www.narrowgauge.org/ngc/graphics/mevans-collection/colorado/ouray-pc-nugget.jpg]
[www.narrowgauge.org/ngc/graphics/mevans-collection/colorado/tnails/tn_ouray-pc-nugget.jpg]
[www.narrowgauge.org/ngc/graphics/mevans-collection/colorado/ouray-walsh-office-1.jpg]
[www.narrowgauge.org/ngc/graphics/mevans-collection/colorado/tnails/tn_ouray-walsh-office-1.jpg]
[www.narrowgauge.org/ngc/graphics/mevans-collection/colorado/ouray-pc6.jpg]
[www.narrowgauge.org/ngc/graphics/mevans-collection/colorado/tnails/tn_ouray-pc6.jpg]
[www.narrowgauge.org/ngc/graphics/mevans-collection/colorado/ouray-walsh-office-2.jpg]
[www.narrowgauge.org/ngc/graphics/mevans-collection/colorado/tnails/tn_ouray-walsh-office-2.jpg]
[www.narrowgauge.org/ngc/graphics/mevans-collection/colorado/ouray-pc14.jpg]
[www.narrowgauge.org/ngc/graphics/mevans-collection/colorado/tnails/tn_ouray-pc14.jpg]
[www.narrowgauge.org/ngc/graphics/mevans-collection/colorado/ouray-pc7.jpg]
[www.narrowgauge.org/ngc/graphics/mevans-collection/colorado/tnails/tn_ouray-pc7.jpg]
[www.narrowgauge.org/ngc/graphics/mevans-collection/colorado/ouray-pc8.jpg]
[www.narrowgauge.org/ngc/graphics/mevans-collection/colorado/tnails/tn_ouray-pc8.jpg]
[www.narrowgauge.org/ngc/graphics/mevans-collection/colorado/ouray-pc16.jpg]
[www.narrowgauge.org/ngc/graphics/mevans-collection/colorado/tnails/tn_ouray-pc16.jpg]
[www.narrowgauge.org/ngc/graphics/mevans-collection/colorado/ouray-pc15.jpg]
[www.narrowgauge.org/ngc/graphics/mevans-collection/colorado/tnails/tn_ouray-pc15.jpg]
[www.narrowgauge.org/ngc/graphics/mevans-collection/colorado/horseshoe-mine.jpg]
[www.narrowgauge.org/ngc/graphics/mevans-collection/colorado/tnails/tn_horseshoe-mine.jpg]
[www.narrowgauge.org/ngc/graphics/mevans-collection/colorado/ouray-pc10.jpg]
[www.narrowgauge.org/ngc/graphics/mevans-collection/colorado/tnails/tn_ouray-pc10.jpg]
[www.narrowgauge.org/ngc/graphics/mevans-collection/colorado/yankee-boy-tf.jpg]
[www.narrowgauge.org/ngc/graphics/mevans-collection/colorado/tnails/tn_yankee-boy-tf.jpg]
[www.narrowgauge.org/ngc/graphics/mevans-collection/colorado/gfmine-ouray.jpg]
[www.narrowgauge.org/ngc/graphics/mevans-collection/colorado/tnails/tn_gfmine-ouray.jpg]
[www.narrowgauge.org/ngc/graphics/mevans-collection/colorado/ouray-pc13.jpg]
[www.narrowgauge.org/ngc/graphics/mevans-collection/colorado/tnails/tn_ouray-pc13.jpg]
[www.narrowgauge.org/ngc/graphics/mevans-collection/colorado/jeeping-ouray.jpg]
[www.narrowgauge.org/ngc/graphics/mevans-collection/colorado/tnails/tn-jeeping-ouray.jpg]
[www.narrowgauge.org/ngc/graphics/mevans-collection/colorado/ouray-switchbacks.jpg]
[www.narrowgauge.org/ngc/graphics/mevans-collection/colorado/tnails/tn_ouray-switchbacks.jpg]
[www.narrowgauge.org/ngc/html/mevans-collection/colorado/mevans-colorado-ouray.html]
[www.narrowgauge.org/ngc/html/mevans-collection/colorado/mevans-colorado-sneffels.html]
[www.narrowgauge.org/ngc/graphics/mevans-collection/gewehr/red-mountain-fire-1892-a.jpg]
[www.narrowgauge.org/ngc/graphics/mevans-collection/gewehr/tnails/tn-red-mountain-fire-1892-a.jpg]
[www.narrowgauge.org/ngc/graphics/mevans-collection/gewehr/silverton-parade.jpg]
[www.narrowgauge.org/ngc/graphics/mevans-collection/gewehr/tnails/tn-silverton-parade.jpg]
[www.narrowgauge.org/ngc/graphics/mevans-collection/gewehr/red-mountain-fire-1892-b.jpg]
[www.narrowgauge.org/ngc/graphics/mevans-collection/gewehr/tnails/tn-red-mountain-fire-1892-b.jpg]
[www.narrowgauge.org/ngc/graphics/mevans-collection/gewehr/snow-tunnel-red-mountain.jpg]
[www.narrowgauge.org/ngc/graphics/mevans-collection/gewehr/tnails/tn-snow-tunnel-red-mountain.jpg]
[www.narrowgauge.org/ngc/graphics/mevans-collection/gewehr/tollgate-red-mountain.jpg]
[www.narrowgauge.org/ngc/graphics/mevans-collection/gewehr/tnails/tn-tollgate-red-mountain.jpg]
[www.narrowgauge.org/ngc/graphics/mevans-collection/gewehr/wreck-red-mountain.jpg]
[www.narrowgauge.org/ngc/graphics/mevans-collection/gewehr/tnails/tn-wreck-red-mountain.jpg]
[www.narrowgauge.org/ngc/graphics/mevans-collection/colorado/whj-animas-canyon.jpg]
[www.narrowgauge.org/ngc/graphics/mevans-collection/colorado/tnails/tn_whj-animas-canyon.jpg]
[www.narrowgauge.org/ngc/graphics/mevans-collection/colorado/casey1.jpg]
[www.narrowgauge.org/ngc/graphics/mevans-collection/colorado/tnails/tn_casey1.jpg]
[www.narrowgauge.org/ngc/graphics/mevans-collection/colorado/SGN-1001.jpg]
[www.narrowgauge.org/ngc/graphics/mevans-collection/colorado/tnails/tn_SGN-1001.jpg]
[www.narrowgauge.org/ngc/graphics/mevans-collection/colorado/SGN-2005-2006.jpg]
[www.narrowgauge.org/ngc/graphics/mevans-collection/colorado/tnails/tn_SGN-2005-2006.jpg]
[www.narrowgauge.org/ngc/graphics/mevans-collection/colorado/silver-lake-mill-1901.jpg]
[www.narrowgauge.org/ngc/graphics/mevans-collection/colorado/tnails/tn_silver-lake-mill-1901.jpg]
[www.narrowgauge.org/ngc/graphics/mevans-collection/colorado/old-hundred-mill.jpg]
[www.narrowgauge.org/ngc/graphics/mevans-collection/colorado/tnails/tn_old-hundred-mill.jpg]
[www.narrowgauge.org/ngc/graphics/mevans-collection/colorado/mayflower.jpg]
[www.narrowgauge.org/ngc/graphics/mevans-collection/colorado/tnails/tn_mayflower.jpg]
[www.narrowgauge.org/ngc/graphics/mevans-collection/colorado/silverton_color.jpg]
[www.narrowgauge.org/ngc/graphics/mevans-collection/colorado/tnails/tn_silverton_color.jpg]
[www.narrowgauge.org/ngc/graphics/mevans-collection/colorado/silverton-town.jpg]
[www.narrowgauge.org/ngc/graphics/mevans-collection/colorado/tnails/tn_silverton-town.jpg]
[www.narrowgauge.org/ngc/graphics/mevans-collection/colorado/silverton_1901_color.jpg]
[www.narrowgauge.org/ngc/graphics/mevans-collection/colorado/tnails/tn_silverton_1901_color.jpg]
[www.narrowgauge.org/ngc/graphics/mevans-collection/colorado/silverton_1950_color.jpg]
[www.narrowgauge.org/ngc/graphics/mevans-collection/colorado/tnails/tn_silverton_1950_color.jpg]
[www.narrowgauge.org/ngc/graphics/mevans-collection/colorado/sultan-mountain.jpg]
[www.narrowgauge.org/ngc/graphics/mevans-collection/colorado/tnails/tn_sultan-mountain.jpg]
[www.narrowgauge.org/ngc/graphics/mevans-collection/colorado/silverton_bw.jpg]
[www.narrowgauge.org/ngc/graphics/mevans-collection/colorado/tnails/tn_silverton_bw.jpg]
[www.narrowgauge.org/ngc/html/mevans-collection/colorado/mevans-colorado-silverton.html]
[www.narrowgauge.org/ngc/graphics/mevans-collection/colorado/telluride-colorado.jpg]
[www.narrowgauge.org/ngc/graphics/mevans-collection/colorado/tnails/tn_telluride-colorado.jpg]
[www.narrowgauge.org/ngc/graphics/mevans-collection/colorado/telluride-1.jpg]
[www.narrowgauge.org/ngc/graphics/mevans-collection/colorado/tnails/tn_telluride-1.jpg]
[www.narrowgauge.org/ngc/graphics/mevans-collection/colorado/bridal-veil-falls.jpg]
[www.narrowgauge.org/ngc/graphics/mevans-collection/colorado/tnails/tn_bridal-veil-falls.jpg]
[www.narrowgauge.org/ngc/graphics/mevans-collection/colorado/bbr-boarding-house.jpg]
[www.narrowgauge.org/ngc/graphics/mevans-collection/colorado/tnails/tn_bbr-boarding-house.jpg]
[www.narrowgauge.org/ngc/graphics/mevans-collection/colorado/telluride-1880.jpg]
[www.narrowgauge.org/ngc/graphics/mevans-collection/colorado/tnails/tn-telluride-1880.jpg]
[www.narrowgauge.org/ngc/graphics/mevans-collection/colorado/pandora-1.jpg]
[www.narrowgauge.org/ngc/graphics/mevans-collection/colorado/tnails/tn_pandora-1.jpg]
[www.narrowgauge.org/ngc/graphics/mevans-collection/colorado/pandora-smuggler.jpg]
[www.narrowgauge.org/ngc/graphics/mevans-collection/colorado/tnails/tn_pandora-smuggler.jpg]
[www.narrowgauge.org/ngc/graphics/mevans-collection/colorado/telluride-pandora-mill.jpg]
[www.narrowgauge.org/ngc/graphics/mevans-collection/colorado/tnails/tn-telluride-pandora-mill.jpg]
[www.narrowgauge.org/ngc/graphics/mevans-collection/colorado/telluride-st-elmo-hotel.jpg]
[www.narrowgauge.org/ngc/graphics/mevans-collection/colorado/tnails/tn-telluride-st-elmo-hotel.jpg]
[www.narrowgauge.org/ngc/graphics/mevans-collection/colorado/ophir-loop-color.jpg]
[www.narrowgauge.org/ngc/graphics/mevans-collection/colorado/tnails/tn-ophir-loop-color.jpg]
[www.narrowgauge.org/ngc/graphics/mevans-collection/colorado/society-tunnel.jpg]
[www.narrowgauge.org/ngc/graphics/mevans-collection/colorado/tnails/tn_society-tunnel.jpg]
[www.narrowgauge.org/ngc/graphics/mevans-collection/colorado/telluride-color-postcard.jpg]
[www.narrowgauge.org/ngc/graphics/mevans-collection/colorado/tnails/tn-telluride-color-postcard.jpg]
[www.narrowgauge.org/ngc/graphics/mevans-collection/colorado/lace-house.jpg]
[www.narrowgauge.org/ngc/graphics/mevans-collection/colorado/tnails/tn_lace-house.jpg]
[www.narrowgauge.org/ngc/graphics/mevans-collection/colorado/idaho-springs.jpg]
[www.narrowgauge.org/ngc/graphics/mevans-collection/colorado/tnails/tn_idaho-springs.jpg]
[www.narrowgauge.org/ngc/graphics/mevans-collection/colorado/idaho-springs-ore-teams.jpg]
[www.narrowgauge.org/ngc/graphics/mevans-collection/colorado/tnails/tn_idaho-springs-ore-teams.jpg]
[www.narrowgauge.org/ngc/graphics/mevans-collection/colorado/ore-wagons-idaho-springs.jpg]
[www.narrowgauge.org/ngc/graphics/mevans-collection/colorado/tnails/tn_ore-wagons-idaho-springs.jpg]
[www.narrowgauge.org/ngc/graphics/mevans-collection/colorado/gtloop.jpg]
[www.narrowgauge.org/ngc/graphics/mevans-collection/colorado/tnails/tn_gtloop.jpg]
[www.narrowgauge.org/ngc/graphics/mevans-collection/colorado/blackhawk-color.jpg]
[www.narrowgauge.org/ngc/graphics/mevans-collection/colorado/tnails/tn_blackhawk-color.jpg]
[www.narrowgauge.org/ngc/graphics/mevans-collection/colorado/argo-tunnel.jpg]
[www.narrowgauge.org/ngc/graphics/mevans-collection/colorado/tnails/tn_argo-tunnel.jpg]
[www.narrowgauge.org/ngc/graphics/mevans-collection/colorado/central-city-1950.jpg]
[www.narrowgauge.org/ngc/graphics/mevans-collection/colorado/tnails/tn_central-city-1950.jpg]
[www.narrowgauge.org/ngc/graphics/mevans-collection/colorado/salida-colorado.jpg]
[www.narrowgauge.org/ngc/graphics/mevans-collection/colorado/tnails/tn_salida-colorado.jpg]
[www.narrowgauge.org/ngc/graphics/mevans-collection/colorado/salida-colorado-1906.jpg]
[www.narrowgauge.org/ngc/graphics/mevans-collection/colorado/tnails/tn_salida-colorado-1906.jpg]
[www.narrowgauge.org/ngc/graphics/mevans-collection/colorado/hagerman-pass.jpg]
[www.narrowgauge.org/ngc/graphics/mevans-collection/colorado/tnails/tn_hagerman-pass.jpg]
[www.narrowgauge.org/ngc/graphics/mevans-collection/colorado/johnwayne.jpg]
[www.narrowgauge.org/ngc/graphics/mevans-collection/colorado/tnails/tn_johnwayne.jpg]
[www.narrowgauge.org/ngc/graphics/mevans-collection/colorado/1960-decal.jpg]
[www.narrowgauge.org/ngc/graphics/mevans-collection/colorado/tnails/tn_1960-decal.jpg]
[www.narrowgauge.org/ngc/graphics/mevans-collection/colorado/victor-colorado.jpg]
[www.narrowgauge.org/ngc/graphics/mevans-collection/colorado/tnails/tn_victor-colorado.jpg]
[www.narrowgauge.org/ngc/graphics/mevans-collection/colorado/aspen-silver-mines.jpg]
[www.narrowgauge.org/ngc/graphics/mevans-collection/colorado/tnails/tn_aspen-silver-mines.jpg]
[www.narrowgauge.org/ngc/graphics/mevans-collection/colorado/stelmo-pc.jpg]
[www.narrowgauge.org/ngc/graphics/mevans-collection/colorado/tnails/tn_stelmo-pc.jpg]
[www.narrowgauge.org/ngc/graphics/mevans-collection/colorado/chicago-creek.jpg]
[www.narrowgauge.org/ngc/graphics/mevans-collection/colorado/tnails/tn_chicago-creek.jpg]
[www.narrowgauge.org/ngc/graphics/mevans-collection/colorado/dspp-palisades.jpg]
[www.narrowgauge.org/ngc/graphics/mevans-collection/colorado/tnails/tn-dspp-palisades.jpg]
[www.narrowgauge.org/ngc/graphics/mevans-collection/colorado/rock-creek-loop.jpg]
[www.narrowgauge.org/ngc/graphics/mevans-collection/colorado/tnails/tn_rock-creek-loop.jpg]
[www.narrowgauge.org/ngc/html/mevans-collection/colorado/mevans-colorado-other.html]
[www.narrowgauge.org/ngc/graphics/mevans-collection/colorado/paper/SNR748.jpg]
[www.narrowgauge.org/ngc/graphics/mevans-collection/colorado/paper/SNR749.jpg]
[www.narrowgauge.org/ngc/graphics/mevans-collection/colorado/paper/SNR750.jpg]
[www.narrowgauge.org/ngc/graphics/mevans-collection/colorado/paper/SNR752.jpg]
[www.narrowgauge.org/ngc/graphics/mevans-collection/colorado/paper/SNR759.jpg]
[www.narrowgauge.org/ngc/graphics/mevans-collection/colorado/paper/SNR760.jpg]
[www.narrowgauge.org/ngc/graphics/mevans-collection/colorado/paper/SRR1533.jpg]
[www.narrowgauge.org/ngc/graphics/mevans-collection/colorado/paper/SRR1548.jpg]
[www.narrowgauge.org/ngc/graphics/mevans-collection/colorado/paper/SRR512.jpg]
[www.narrowgauge.org/ngc/graphics/mevans-collection/colorado/paper/SRR514.jpg]
[www.narrowgauge.org/ngc/graphics/mevans-collection/colorado/paper/snrr-ticket.jpg]
[www.narrowgauge.org/ngc/graphics/mevans-collection/colorado/paper/snr-wine-list.jpg]
[www.narrowgauge.org/ngc/graphics/mevans-collection/colorado/paper/snr-stationary.jpg]
[www.narrowgauge.org/ngc/html/mevans-collection/paper/mevans-collection-srr-paper.html]
[www.narrowgauge.org/ngc/graphics/mevans-collection/colorado/paper/rgs-voucher-1945.jpg]
[www.narrowgauge.org/ngc/graphics/mevans-collection/colorado/paper/jh-acridgway-r.jpg]
[www.narrowgauge.org/ngc/graphics/mevans-collection/colorado/paper/jh-etjeffrey-r.jpg]
[www.narrowgauge.org/ngc/graphics/mevans-collection/colorado/paper/jh-gazetteprntmears-1r.jpg]
[www.narrowgauge.org/ngc/graphics/mevans-collection/colorado/paper/jh-gazettevchrmears-1r.jpg]
[www.narrowgauge.org/ngc/graphics/mevans-collection/colorado/paper/jh-graden-r.jpg]
[www.narrowgauge.org/ngc/graphics/mevans-collection/colorado/paper/jh-hallackhoward-1r.jpg]
[www.narrowgauge.org/ngc/graphics/mevans-collection/colorado/paper/jh-scoops-1r.jpg]
[www.narrowgauge.org/ngc/graphics/mevans-collection/colorado/paper/jh-scoops-2r.jpg]
[www.narrowgauge.org/ngc/graphics/mevans-collection/colorado/paper/OMears-1.jpg]
[www.narrowgauge.org/ngc/graphics/mevans-collection/colorado/paper/OMears-2.jpg]
[www.narrowgauge.org/ngc/graphics/mevans-collection/colorado/paper/RGS_1.jpg]
[www.narrowgauge.org/ngc/graphics/mevans-collection/colorado/paper/RGS_2.jpg]
[www.narrowgauge.org/ngc/graphics/mevans-collection/colorado/paper/RGS_3.jpg]
[www.narrowgauge.org/ngc/graphics/mevans-collection/colorado/paper/RGS_4.jpg]
[www.narrowgauge.org/ngc/graphics/mevans-collection/colorado/paper/RGS_5.jpg]
[www.narrowgauge.org/ngc/graphics/mevans-collection/colorado/paper/RGS_6.jpg]
[www.narrowgauge.org/ngc/graphics/mevans-collection/colorado/paper/RGS_7.jpg]
[www.narrowgauge.org/ngc/graphics/mevans-collection/colorado/paper/RGS_8a.jpg]
[www.narrowgauge.org/ngc/graphics/mevans-collection/colorado/paper/RGS_8b.jpg]
[www.narrowgauge.org/ngc/graphics/mevans-collection/colorado/paper/RGS_9.jpg]
[www.narrowgauge.org/ngc/graphics/mevans-collection/colorado/paper/RGS_10a.jpg]
[www.narrowgauge.org/ngc/graphics/mevans-collection/colorado/paper/RGS_10b.jpg]
[www.narrowgauge.org/ngc/graphics/mevans-collection/colorado/paper/RGS_10c.jpg]
[www.narrowgauge.org/ngc/html/mevans-collection/paper/mevans-collection-rgs-paper.html]
[www.narrowgauge.org/ngc/graphics/mevans-collection/parkcity/park-city-consolidated.jpg]
[www.narrowgauge.org/ngc/graphics/mevans-collection/parkcity/tnails/tn_park-city-consolidated.jpg]
[www.narrowgauge.org/ngc/graphics/mevans-collection/parkcity/park-city-silver-king.jpg]
[www.narrowgauge.org/ngc/graphics/mevans-collection/parkcity/tnails/tn_park-city-silver-king.jpg]
[www.narrowgauge.org/ngc/graphics/mevans-collection/parkcity/park-city-silver-king-mill.jpg]
[www.narrowgauge.org/ngc/graphics/mevans-collection/parkcity/tnails/tn_park-city-silver-king-mill.jpg]
[www.narrowgauge.org/ngc/graphics/mevans-collection/bingham/bingham-1965.jpg]
[www.narrowgauge.org/ngc/graphics/mevans-collection/bingham/tnails/tn_bingham-1965.jpg]
[www.narrowgauge.org/ngc/graphics/mevans-collection/bingham/kcc-shovel.jpg]
[www.narrowgauge.org/ngc/graphics/mevans-collection/bingham/tnails/tn_kcc-shovel.jpg]
[www.narrowgauge.org/ngc/graphics/mevans-collection/bingham/bingham-track-shifter.jpg]
[www.narrowgauge.org/ngc/graphics/mevans-collection/bingham/tnails/tn_bingham-track-shifter.jpg]
[www.narrowgauge.org/ngc/graphics/mevans-collection/bingham/bingham-canyon-color.jpg]
[www.narrowgauge.org/ngc/graphics/mevans-collection/bingham/tnails/tn_bingham-canyon-color.jpg]
[www.narrowgauge.org/ngc/graphics/mevans-collection/bingham/carr-fork.jpg]
[www.narrowgauge.org/ngc/graphics/mevans-collection/bingham/tnails/tn_carr-fork.jpg]
[www.narrowgauge.org/ngc/graphics/mevans-collection/bingham/carr-fork-1930.jpg]
[www.narrowgauge.org/ngc/graphics/mevans-collection/bingham/tnails/tn_carr-fork-1930.jpg]
[www.narrowgauge.org/ngc/graphics/mevans-collection/bingham/green-bingham-view.jpg]
[www.narrowgauge.org/ngc/graphics/mevans-collection/bingham/tnails/tn_green-bingham-view.jpg]
[www.narrowgauge.org/ngc/graphics/mevans-collection/bingham/bingham-tunnel-1.jpg]
[www.narrowgauge.org/ngc/graphics/mevans-collection/bingham/tnails/tn_bingham-tunnel-1.jpg]
[www.narrowgauge.org/ngc/graphics/mevans-collection/bingham/bingham-canyon-upper-portol.jpg]
[www.narrowgauge.org/ngc/graphics/mevans-collection/bingham/tnails/tn_bingham-canyon-upper-portol.jpg]
[www.narrowgauge.org/ngc/graphics/mevans-collection/bingham/bingham4.jpg]
[www.narrowgauge.org/ngc/graphics/mevans-collection/bingham/tnails/tn_bingham4.jpg]
[www.narrowgauge.org/ngc/graphics/mevans-collection/bingham/bingham-canyon-lower-portal-2.jpg]
[www.narrowgauge.org/ngc/graphics/mevans-collection/bingham/tnails/tn_bingham-canyon-lower-portal-2.jpg]
[www.narrowgauge.org/ngc/graphics/mevans-collection/bingham/bingham-canyon-linen.jpg]
[www.narrowgauge.org/ngc/graphics/mevans-collection/bingham/tnails/tn_bingham-canyon-linen.jpg]
[www.narrowgauge.org/ngc/graphics/mevans-collection/bingham/bingham_canyon_1.jpg]
[www.narrowgauge.org/ngc/graphics/mevans-collection/bingham/tnails/tn_bingham_canyon_1.jpg]
[www.narrowgauge.org/ngc/graphics/mevans-collection/bingham/kcc-1.jpg]
[www.narrowgauge.org/ngc/graphics/mevans-collection/bingham/tnails/tn_kcc-1.jpg]
[www.narrowgauge.org/ngc/graphics/mevans-collection/bingham/copperfield.jpg]
[www.narrowgauge.org/ngc/graphics/mevans-collection/bingham/tnails/tn_copperfield.jpg]
[www.narrowgauge.org/ngc/graphics/mevans-collection/bingham/bingham-canyon-ore-bin.jpg]
[www.narrowgauge.org/ngc/graphics/mevans-collection/bingham/tnails/tn_bingham-canyon-ore-bin.jpg]
[www.narrowgauge.org/ngc/graphics/mevans-collection/bingham/bingham-canyon-1904.jpg]
[www.narrowgauge.org/ngc/graphics/mevans-collection/bingham/tnails/tn_bingham-canyon-1904.jpg]
[www.narrowgauge.org/ngc/graphics/mevans-collection/bingham/bingham-canyon-carr-fork.jpg]
[www.narrowgauge.org/ngc/graphics/mevans-collection/bingham/tnails/tn_bingham-canyon-carr-fork.jpg]
[www.narrowgauge.org/ngc/graphics/mevans-collection/bingham/bingham-canyon-business-district.jpg]
[www.narrowgauge.org/ngc/graphics/mevans-collection/bingham/tnails/tn_bingham-canyon-business-district.jpg]
[www.narrowgauge.org/ngc/graphics/mevans-collection/bingham/bingham-canyon-street.jpg]
[www.narrowgauge.org/ngc/graphics/mevans-collection/bingham/tnails/tn_bingham-canyon-street.jpg]
[www.narrowgauge.org/ngc/graphics/mevans-collection/bingham/bingham-close.jpg]
[www.narrowgauge.org/ngc/graphics/mevans-collection/bingham/tnails/tn_bingham-close.jpg]
[www.narrowgauge.org/ngc/graphics/mevans-collection/bingham/bingham-canyon-100.jpg]
[www.narrowgauge.org/ngc/graphics/mevans-collection/bingham/tnails/tn_bingham-canyon-100.jpg]
[www.narrowgauge.org/ngc/graphics/mevans-collection/bingham/bingham-canyon-terraces.jpg]
[www.narrowgauge.org/ngc/graphics/mevans-collection/bingham/tnails/tn_bingham-canyon-terraces.jpg]
[www.narrowgauge.org/ngc/graphics/mevans-collection/bingham/bingham-canyon-lower-portol.jpg]
[www.narrowgauge.org/ngc/graphics/mevans-collection/bingham/tnails/tn_bingham-canyon-lower-portol.jpg]
[www.narrowgauge.org/ngc/graphics/mevans-collection/bingham/bingham-1950.jpg]
[www.narrowgauge.org/ngc/graphics/mevans-collection/bingham/tnails/tn_bingham-1950.jpg]
[www.narrowgauge.org/ngc/graphics/mevans-collection/bingham/bingham-town-color.jpg]
[www.narrowgauge.org/ngc/graphics/mevans-collection/bingham/tnails/tn_bingham-town-color.jpg]
[www.narrowgauge.org/ngc/graphics/mevans-collection/bingham/marion.jpg]
[www.narrowgauge.org/ngc/graphics/mevans-collection/bingham/tnails/tn_marion.jpg]
[www.narrowgauge.org/ngc/graphics/mevans-collection/bingham/bingham-canyon-marion-5.jpg]
[www.narrowgauge.org/ngc/graphics/mevans-collection/bingham/tnails/tn_bingham-canyon-marion-5.jpg]
[www.narrowgauge.org/ngc/graphics/mevans-collection/bingham/bingham-canyon-business-district-2x.jpg]
[www.narrowgauge.org/ngc/graphics/mevans-collection/bingham/tnails/tn_bingham-canyon-business-district-2x.jpg]
[www.narrowgauge.org/ngc/graphics/mevans-collection/bingham/bingham_canyon_2.jpg]
[www.narrowgauge.org/ngc/graphics/mevans-collection/bingham/tnails/tn_bingham_canyon_2.jpg]
[www.narrowgauge.org/ngc/html/mevans-collection/utah/mevans-collection-utah.html]
[www.narrowgauge.org/4x4/cw_pages/images/cw_bbr_back.jpg]
[www.narrowgauge.org/4x4/cw_pages/images/cw_sherrif.jpg]
[www.narrowgauge.org/4x4/cw_pages/images/cw_mavis.jpg]
[www.narrowgauge.org/4x4/cw_pages/images/cw_button_cwhome.jpg]
[www.narrowgauge.org/4x4/cw_pages/html/mcwho.html]
[www.narrowgauge.org/4x4/cw_pages/html/wcp.html]
[www.narrowgauge.org/4x4/cw_pages/images/cw_wcp_cover.jpg]
[www.narrowgauge.org/4x4/cw_pages/html/bbr.html]
[www.narrowgauge.org/4x4/cw_pages/images/cw_bbr_cover.jpg]
[www.narrowgauge.org/4x4/cw_pages/html/wild.html]
[www.narrowgauge.org/4x4/cw_pages/images/cw_wild_cover.jpg]
[www.narrowgauge.org/4x4/cw_pages/html/rduck.html]
[www.narrowgauge.org/4x4/cw_pages/images/cw_rd_cover.jpg]
[www.narrowgauge.org/4x4/cw_pages/html/rfm.html]
[www.narrowgauge.org/4x4/cw_pages/images/cw_rfm_cover.jpg]
[www.narrowgauge.org/4x4/cw_pages/html/cwandco.html]
[www.narrowgauge.org/4x4/cw_pages/images/cw_cwandco_cover.jpg]
[www.narrowgauge.org/4x4/cw_pages/html/real.html]
[www.narrowgauge.org/4x4/cw_pages/images/cw_real_cover.jpg]
[www.narrowgauge.org/4x4/cw_pages/html/albums_main.html]
[www.narrowgauge.org/4x4/cw_pages/html/sjo_narration.html]
[www.narrowgauge.org/4x4/cw_pages/images/cw_sjo_cover.jpg]
[www.narrowgauge.org/4x4/cw_pages/images/cw_sjovideo.jpg]
[www.narrowgauge.org/4x4/cw_pages/html/sjo_main.html]
[www.narrowgauge.org/4x4/cw_pages/html/freshaire.html]
[www.narrowgauge.org/4x4/cw_pages/images/cw_freshaire.jpg]
[www.narrowgauge.org/4x4/cw_pages/images/cw_steamroller.jpg]
[www.narrowgauge.org/4x4/cw_pages/images/cw_visions.jpg]
[www.narrowgauge.org/4x4/cw_pages/html/ptw.html]
[www.narrowgauge.org/4x4/cw_pages/images/cw_ptw.jpg]
[www.narrowgauge.org/4x4/cw_pages/images/cw_dsng.jpg]
[www.narrowgauge.org/4x4/cw_pages/images/cw_searchers.jpg]
[www.narrowgauge.org/4x4/cw_pages/images/cw_techren_logo_new.jpg]
[www.narrowgauge.org/4x4/cw_pages/html/other.html]
[www.narrowgauge.org/4x4/cw_pages/images/cw_milestombill.jpg]
[www.narrowgauge.org/4x4/cw_pages/html/who_why.html]
[www.narrowgauge.org/4x4/cw_pages/html/legal.html]
[www.narrowgauge.org/ngc/graphics/excursion1/excur1_masthead.jpg]
[www.narrowgauge.org/ngc/graphics/tkierscey/durango/m0042.jpg]
[www.narrowgauge.org/ngc/graphics/tkierscey/durango/tn-m0042.jpg]
[www.narrowgauge.org/ngc/graphics/tkierscey/durango/m0043.jpg]
[www.narrowgauge.org/ngc/graphics/tkierscey/durango/tn-m0043.jpg]
[www.narrowgauge.org/ngc/graphics/tkierscey/durango/m0010.jpg]
[www.narrowgauge.org/ngc/graphics/tkierscey/durango/tn-m0010.jpg]
[www.narrowgauge.org/ngc/graphics/excursion1/mevans/durango/durango-1.jpg]
[www.narrowgauge.org/ngc/graphics/excursion1/mevans/durango/tn-durango-1.jpg]
[www.narrowgauge.org/ngc/graphics/excursion1/mevans/durango/durango-2.jpg]
[www.narrowgauge.org/ngc/graphics/excursion1/mevans/durango/tn-durango-2.jpg]
[www.narrowgauge.org/ngc/graphics/excursion1/mevans/durango/durango-3.jpg]
[www.narrowgauge.org/ngc/graphics/excursion1/mevans/durango/tn-durango-3.jpg]
[www.narrowgauge.org/ngc/graphics/excursion1/excur1_return_button.jpg]
[www.narrowgauge.org/ngc/html/excursion1/excursion1-durango.html]
[www.narrowgauge.org/ngc/graphics/excursion1/maps/excrusion1-ridgway-map.jpg]
[www.narrowgauge.org/ngc/graphics/excursion1/mevans/ridgway/ridgway-1.jpg]
[www.narrowgauge.org/ngc/graphics/excursion1/mevans/ridgway/tn-ridgway-1.jpg]
[www.narrowgauge.org/ngc/graphics/excursion1/mevans/ridgway/ridgway-3.jpg]
[www.narrowgauge.org/ngc/graphics/excursion1/mevans/ridgway/tn-ridgway-3.jpg]
[www.narrowgauge.org/ngc/graphics/excursion1/mevans/ridgway/ridgway-4.jpg]
[www.narrowgauge.org/ngc/graphics/excursion1/mevans/ridgway/tn-ridgway-4.jpg]
[www.narrowgauge.org/ngc/graphics/excursion1/mevans/ridgway/ridgway-6.jpg]
[www.narrowgauge.org/ngc/graphics/excursion1/mevans/ridgway/tn-ridgway-6.jpg]
[www.narrowgauge.org/ngc/graphics/excursion1/mevans/ridgway/ridgway-5.jpg]
[www.narrowgauge.org/ngc/graphics/excursion1/mevans/ridgway/tn-ridgway-5.jpg]
[www.narrowgauge.org/ngc/graphics/excursion1/tcruse/ridgway/ridgway-2.jpg]
[www.narrowgauge.org/ngc/graphics/excursion1/tcruse/ridgway/tn-ridgway-2.jpg]
[www.narrowgauge.org/ngc/graphics/excursion1/tcruse/ridgway/ridgway-3.jpg]
[www.narrowgauge.org/ngc/graphics/excursion1/tcruse/ridgway/tn-ridgway-3.jpg]
[www.narrowgauge.org/ngc/graphics/excursion1/mevans/ridgway/ridgway-2.jpg]
[www.narrowgauge.org/ngc/graphics/excursion1/mevans/ridgway/tn-ridgway-2.jpg]
[www.narrowgauge.org/ngc/graphics/excursion1/tcruse/ridgway/ridgway-1.jpg]
[www.narrowgauge.org/ngc/graphics/excursion1/tcruse/ridgway/tn-ridgway-1.jpg]
[www.narrowgauge.org/ngc/html/excursion1/excursion1-ridgway.html]
[www.narrowgauge.org/images/jerry/j0021.jpg]
[www.narrowgauge.org/images/jerry/tnails/sj0021.jpg]
[www.narrowgauge.org/images/jerry/j0022.jpg]
[www.narrowgauge.org/images/jerry/tnails/sj0022.jpg]
[www.narrowgauge.org/images/jerry/j0023.jpg]
[www.narrowgauge.org/images/jerry/tnails/sj0023.jpg]
[www.narrowgauge.org/images/jerry/j0024.jpg]
[www.narrowgauge.org/images/jerry/tnails/sj0024.jpg]
[www.narrowgauge.org/images/excur1_return_button.jpg]
[www.narrowgauge.org/ncmap/excur1_dallas.html]
[www.narrowgauge.org/ncmap/www.tcd.net/_mevans19/ncmap/placrvil.html]
[www.narrowgauge.org/maps/placerville_map.jpg]
[www.narrowgauge.org/images/mark/placerville_depot.jpg]
[www.narrowgauge.org/images/mark/tnails/splacerville_depot.jpg]
[www.narrowgauge.org/images/mark/placerville_store_1.jpg]
[www.narrowgauge.org/images/mark/tnails/splacerville_store_1.jpg]
[www.narrowgauge.org/images/mark/placerville_store_2.jpg]
[www.narrowgauge.org/images/mark/tnails/splacerville_store_2.jpg]
[www.narrowgauge.org/ncmap/excur1_placrvil.html]
[www.narrowgauge.org/ncmap/excur1_hesperus.html]
[www.narrowgauge.org/maps/vance_junction_map.jpg]
[www.narrowgauge.org/images/jerry/95-9-67_rgs_grade_vance_trout.jpg]
[www.narrowgauge.org/images/jerry/tnails/s95-9-67_rgs_grade_vance_trout.jpg]
[www.narrowgauge.org/images/jerry/j0031.jpg]
[www.narrowgauge.org/images/jerry/tnails/sj0031.jpg]
[www.narrowgauge.org/images/craig/vj001.jpg]
[www.narrowgauge.org/images/craig/tnails/svj001.jpg]
[www.narrowgauge.org/images/craig/vj002.jpg]
[www.narrowgauge.org/images/craig/tnails/svj002.jpg]
[www.narrowgauge.org/images/craig/vj003.jpg]
[www.narrowgauge.org/images/craig/tnails/svj003.jpg]
[www.narrowgauge.org/images/craig/vj004.jpg]
[www.narrowgauge.org/images/craig/tnails/svj004.jpg]
[www.narrowgauge.org/images/craig/vj005.jpg]
[www.narrowgauge.org/images/craig/tnails/svj005.jpg]
[www.narrowgauge.org/images/craig/vj006.jpg]
[www.narrowgauge.org/images/craig/tnails/svj006.jpg]
[www.narrowgauge.org/images/craig/vj007.jpg]
[www.narrowgauge.org/images/craig/tnails/svj007.jpg]
[www.narrowgauge.org/images/craig/vj008.jpg]
[www.narrowgauge.org/images/craig/tnails/svj008.jpg]
[www.narrowgauge.org/images/craig/vj009.jpg]
[www.narrowgauge.org/images/craig/tnails/svj009.jpg]
[www.narrowgauge.org/images/craig/vj010.jpg]
[www.narrowgauge.org/images/craig/tnails/svj010.jpg]
[www.narrowgauge.org/images/craig/vj011.jpg]
[www.narrowgauge.org/images/craig/tnails/svj011.jpg]
[www.narrowgauge.org/ncmap/excur1_vancejct.html]
[www.narrowgauge.org/ngc/graphics/excursion1/ted/m0039.jpg]
[www.narrowgauge.org/ngc/graphics/excursion1/ted/s0039.jpg]
[www.narrowgauge.org/ngc/graphics/excursion1/ted/m00402.jpg]
[www.narrowgauge.org/ngc/graphics/excursion1/ted/s00402.jpg]
[www.narrowgauge.org/ngc/html/excursion1/excursion1-telluride.html]
[www.narrowgauge.org/ngc/graphics/excursion1/maps/excursion1-ophir-loop-map.jpg]
[www.narrowgauge.org/ngc/graphics/excursion1/tcruse/ophir/ophir-4-buildings-1900.jpg]
[www.narrowgauge.org/ngc/graphics/excursion1/tcruse/ophir/tn-ophir-4-buildings-1900.jpg]
[www.narrowgauge.org/ngc/graphics/excursion1/tcruse/ophir/ophir-3-buildings-1985.jpg]
[www.narrowgauge.org/ngc/graphics/excursion1/tcruse/ophir/tn-ophir-3-buildings-1985.jpg]
[www.narrowgauge.org/ngc/graphics/excursion1/tcruse/ophir/ophir-2-cathedral-spires.jpg]
[www.narrowgauge.org/ngc/graphics/excursion1/tcruse/ophir/tn-ophir-2-cathedral-spires.jpg]
[www.narrowgauge.org/ngc/graphics/excursion1/tcruse/ophir/ophir-5-cathedral-spires.jpg]
[www.narrowgauge.org/ngc/graphics/excursion1/tcruse/ophir/tn-ophir-5-cathedral-spires.jpg]
[www.narrowgauge.org/ngc/graphics/excursion1/tcruse/ophir/ophir-1-windy-point.jpg]
[www.narrowgauge.org/ngc/graphics/excursion1/tcruse/ophir/tn-ophir-1-windy-point.jpg]
[www.narrowgauge.org/ngc/graphics/excursion1/tcruse/ophir/ophir-7-near-ophir.jpg]
[www.narrowgauge.org/ngc/graphics/excursion1/tcruse/ophir/tn-ophir-7-near-ophir.jpg]
[www.narrowgauge.org/ngc/graphics/excursion1/tcruse/ophir/ophir-8-old-ophir.jpg]
[www.narrowgauge.org/ngc/graphics/excursion1/tcruse/ophir/tn-ophir-8-old-ophir.jpg]
[www.narrowgauge.org/ngc/graphics/excursion1/tcruse/ophir/ophir-6-ames-slide.jpg]
[www.narrowgauge.org/ngc/graphics/excursion1/tcruse/ophir/tn-ophir-6-ames-slide.jpg]
[www.narrowgauge.org/ngc/graphics/excursion1/tcruse/ophir/ophir-9-windy-point.jpg]
[www.narrowgauge.org/ngc/graphics/excursion1/tcruse/ophir/tn-ophir-9-windy-point.jpg]
[www.narrowgauge.org/ngc/graphics/excursion1/tcruse/ophir/ophir-10-ophir-needles.jpg]
[www.narrowgauge.org/ngc/graphics/excursion1/tcruse/ophir/tn-ophir-10-ophir-needles.jpg]
[www.narrowgauge.org/ngc/html/excursion1/excursion1-ophir.html]
[www.narrowgauge.org/ngc/graphics/excursion1/maps/excursion1-trout-lake-map.jpg]
[www.narrowgauge.org/ngc/graphics/excursion1/mevans/troutlake/trout-lake-1-1915.jpg]
[www.narrowgauge.org/ngc/graphics/excursion1/mevans/troutlake/tn-trout-lake-1-1915.jpg]
[www.narrowgauge.org/ngc/graphics/excursion1/mevans/troutlake/trout-lake-2-1910.jpg]
[www.narrowgauge.org/ngc/graphics/excursion1/mevans/troutlake/tn-trout-lake-2-1910.jpg]
[www.narrowgauge.org/ngc/graphics/excursion1/mevans/troutlake/trout-lake-3-1900.jpg]
[www.narrowgauge.org/ngc/graphics/excursion1/mevans/troutlake/tn-trout-lake-3-1900.jpg]
[www.narrowgauge.org/ngc/graphics/excursion1/tcruse/troutlake/trout-lake-1.jpg]
[www.narrowgauge.org/ngc/graphics/excursion1/tcruse/troutlake/tn-trout-lake-1.jpg]
[www.narrowgauge.org/ngc/graphics/excursion1/tcruse/troutlake/trout-lake-2.jpg]
[www.narrowgauge.org/ngc/graphics/excursion1/tcruse/troutlake/tn-trout-lake-2.jpg]
[www.narrowgauge.org/ngc/graphics/excursion1/tcruse/troutlake/trout-lake-3.jpg]
[www.narrowgauge.org/ngc/graphics/excursion1/tcruse/troutlake/tn-trout-lake-3.jpg]
[www.narrowgauge.org/ngc/graphics/excursion1/ryan/trout-lake-1.jpg]
[www.narrowgauge.org/ngc/graphics/excursion1/ryan/tn-trout-lake-1.jpg]
[www.narrowgauge.org/ngc/graphics/excursion1/ryan/trout-lake-2.jpg]
[www.narrowgauge.org/ngc/graphics/excursion1/ryan/tn-trout-lake-2.jpg]
[www.narrowgauge.org/ngc/graphics/excursion1/tcruse/troutlake/trout-lake-4.jpg]
[www.narrowgauge.org/ngc/graphics/excursion1/tcruse/troutlake/tn-trout-lake-4.jpg]
[www.narrowgauge.org/ngc/graphics/excursion1/ryan/trout-lake-4.jpg]
[www.narrowgauge.org/ngc/graphics/excursion1/ryan/tn-trout-lake-4.jpg]
[www.narrowgauge.org/ngc/graphics/excursion1/ryan/trout-lake-3.jpg]
[www.narrowgauge.org/ngc/graphics/excursion1/ryan/tn-trout-lake-3.jpg]
[www.narrowgauge.org/ngc/graphics/excursion1/tcruse/troutlake/trout-lake-5.jpg]
[www.narrowgauge.org/ngc/graphics/excursion1/tcruse/troutlake/tn-trout-lake-5.jpg]
[www.narrowgauge.org/ngc/graphics/excursion1/ryan/trout-lake-51a-1.jpg]
[www.narrowgauge.org/ngc/graphics/excursion1/ryan/tn-trout-lake-51a-1.jpg]
[www.narrowgauge.org/ngc/graphics/excursion1/ryan/trout-lake-51a-2.jpg]
[www.narrowgauge.org/ngc/graphics/excursion1/ryan/tn-trout-lake-51a-2.jpg]
[www.narrowgauge.org/ngc/graphics/excursion1/ryan/trout-lake-51a-3.jpg]
[www.narrowgauge.org/ngc/graphics/excursion1/ryan/tn-trout-lake-51a-3.jpg]
[www.narrowgauge.org/ngc/graphics/excursion1/ryan/trout-lake-51a-4.jpg]
[www.narrowgauge.org/ngc/graphics/excursion1/ryan/tn-trout-lake-51a-4.jpg]
[www.narrowgauge.org/ngc/graphics/excursion1/ryan/trout-lake-51a-5.jpg]
[www.narrowgauge.org/ngc/graphics/excursion1/ryan/tn-trout-lake-51a-5.jpg]
[www.narrowgauge.org/ngc/graphics/excursion1/ryan/trout-lake-51a-6.jpg]
[www.narrowgauge.org/ngc/graphics/excursion1/ryan/tn-trout-lake-51a-6.jpg]
[www.narrowgauge.org/ngc/graphics/excursion1/mevans/troutlake/trout-lake-nmaynes-2003-A.jpg]
[www.narrowgauge.org/ngc/graphics/excursion1/mevans/troutlake/tn-trout-lake-nmaynes-2003-A.jpg]
[www.narrowgauge.org/ngc/graphics/excursion1/mevans/troutlake/trout-lake-nmaynes-2003-B.jpg]
[www.narrowgauge.org/ngc/graphics/excursion1/mevans/troutlake/tn-trout-lake-nmaynes-2003-B.jpg]
[www.narrowgauge.org/ngc/graphics/excursion1/mevans/troutlake/trout-lake-nmaynes-2003-C.jpg]
[www.narrowgauge.org/ngc/graphics/excursion1/mevans/troutlake/tn-trout-lake-nmaynes-2003-C.jpg]
[www.narrowgauge.org/ngc/html/excursion1/excursion1-troutlake.html]
[www.narrowgauge.org/images/jerry/169_015.jpg]
[www.narrowgauge.org/images/jerry/tnails/s169_015.jpg]
[www.narrowgauge.org/images/jerry/169_008.jpg]
[www.narrowgauge.org/images/jerry/tnails/s169_008.jpg]
[www.narrowgauge.org/images/jerry/95-11-99_rgs20.jpg]
[www.narrowgauge.org/images/jerry/tnails/s95-11-99_rgs20.jpg]
[www.narrowgauge.org/images/jerry/95-11-45_cnw_30.jpg]
[www.narrowgauge.org/images/jerry/tnails/s95-11-45_cnw_30.jpg]
[www.narrowgauge.org/images/jerry/95-11-44_cnw_30.jpg]
[www.narrowgauge.org/images/jerry/tnails/s95-11-44_cnw_30.jpg]
[www.narrowgauge.org/ncmap/excur1_rgs_locomotives.html]
[www.narrowgauge.org/ngc/graphics/excursion1/ted/m0040.jpg]
[www.narrowgauge.org/ngc/graphics/excursion1/ted/s0040.jpg]
[www.narrowgauge.org/ngc/graphics/excursion1/maps/excursion1-lizard-head-map.jpg]
[www.narrowgauge.org/ngc/graphics/excursion1/tcruse/lizard-head/lizard-head-pan.jpg]
[www.narrowgauge.org/ngc/graphics/excursion1/tcruse/lizard-head/tn-lizard-head-pan.jpg]
[www.narrowgauge.org/ngc/graphics/excursion1/tcruse/lizard-head/lizard-head-1.jpg]
[www.narrowgauge.org/ngc/graphics/excursion1/tcruse/lizard-head/tn-lizard-head-1.jpg]
[www.narrowgauge.org/ngc/graphics/excursion1/tcruse/lizard-head/lizard-head-2.jpg]
[www.narrowgauge.org/ngc/graphics/excursion1/tcruse/lizard-head/tn-lizard-head-2.jpg]
[www.narrowgauge.org/ngc/graphics/excursion1/tcruse/lizard-head/lizard-head-wye.jpg]
[www.narrowgauge.org/ngc/graphics/excursion1/tcruse/lizard-head/tn-lizard-head-wye.jpg]
[www.narrowgauge.org/ngc/graphics/excursion1/mevans/lizardhead/lizard-head-nmaynes-2008-C.jpg]
[www.narrowgauge.org/ngc/graphics/excursion1/mevans/lizardhead/tn-lizard-head-nmaynes-2008-C.jpg]
[www.narrowgauge.org/ngc/graphics/excursion1/ted/m00233.jpg]
[www.narrowgauge.org/ngc/graphics/excursion1/ted/tn-m00233.jpg]
[www.narrowgauge.org/ngc/html/excursion1/excursion1-lizard-head.html]
[www.narrowgauge.org/ngc/graphics/excursion1/maps/excursion1-rico-map.jpg]
[www.narrowgauge.org/ngc/html/excursion1/excursion1-rico.html]
[www.narrowgauge.org/ngc/graphics/excursion1/tcruse/dolores/dolores-1.jpg]
[www.narrowgauge.org/ngc/graphics/excursion1/tcruse/dolores/tn-dolores-1.jpg]
[www.narrowgauge.org/ngc/graphics/excursion1/tcruse/dolores/dolores-2.jpg]
[www.narrowgauge.org/ngc/graphics/excursion1/tcruse/dolores/tn-dolores-2.jpg]
[www.narrowgauge.org/ngc/graphics/excursion1/tcruse/dolores/dolores-3.jpg]
[www.narrowgauge.org/ngc/graphics/excursion1/tcruse/dolores/tn-dolores-3.jpg]
[www.narrowgauge.org/ngc/graphics/excursion1/tcruse/dolores/dolores-4.jpg]
[www.narrowgauge.org/ngc/graphics/excursion1/tcruse/dolores/tn-dolores-4.jpg]
[www.narrowgauge.org/ngc/graphics/excursion1/tcruse/dolores/dolores-6.jpg]
[www.narrowgauge.org/ngc/graphics/excursion1/tcruse/dolores/tn-dolores-6.jpg]
[www.narrowgauge.org/ngc/graphics/excursion1/tcruse/dolores/dolores-5.jpg]
[www.narrowgauge.org/ngc/graphics/excursion1/tcruse/dolores/tn-dolores-5.jpg]
[www.narrowgauge.org/ngc/graphics/excursion1/tcruse/dolores/dolores-7.jpg]
[www.narrowgauge.org/ngc/graphics/excursion1/tcruse/dolores/tn-dolores-7.jpg]
[www.narrowgauge.org/ngc/graphics/excursion1/tcruse/dolores/dolores-8.jpg]
[www.narrowgauge.org/ngc/graphics/excursion1/tcruse/dolores/tn-dolores-8.jpg]
[www.narrowgauge.org/ngc/html/excursion1/excursion1-delores.html]
[www.narrowgauge.org/ngc/html/excursion1/www.tcd.net/_mevans19/ncmap/mancos.html]
[www.narrowgauge.org/ngc/graphics/excursion1/mevans/mancos/mancos-water-tower-1998.jpg]
[www.narrowgauge.org/ngc/graphics/excursion1/mevans/mancos/tn_mancos-water-tower-1998.jpg]
[www.narrowgauge.org/ngc/html/excursion1/excursion1-mancos.html]
[www.narrowgauge.org/ngc/html/excursion1/excursion1-paper.html]
[www.narrowgauge.org/ngc/graphics/excursion1/stan/railfest99/eureka1.jpg]
[www.narrowgauge.org/ngc/graphics/excursion1/stan/railfest99/tn_eureka1.jpg]
[www.narrowgauge.org/ngc/graphics/excursion1/stan/railfest99/eureka2.jpg]
[www.narrowgauge.org/ngc/graphics/excursion1/stan/railfest99/tn_eureka2.jpg]
[www.narrowgauge.org/ngc/graphics/excursion1/stan/railfest99/goose5_8.jpg]
[www.narrowgauge.org/ngc/graphics/excursion1/stan/railfest99/tn_goose5_8.jpg]
[www.narrowgauge.org/ngc/graphics/excursion1/stan/railfest99/eureka3.jpg]
[www.narrowgauge.org/ngc/graphics/excursion1/stan/railfest99/tn_eureka3.jpg]
[www.narrowgauge.org/ngc/graphics/excursion1/stan/railfest99/eureka4.jpg]
[www.narrowgauge.org/ngc/graphics/excursion1/stan/railfest99/tn_eureka4.jpg]
[www.narrowgauge.org/ngc/graphics/excursion1/stan/railfest99/eureka7.jpg]
[www.narrowgauge.org/ngc/graphics/excursion1/stan/railfest99/tn_eureka7.jpg]
[www.narrowgauge.org/ngc/graphics/excursion1/stan/railfest99/goose5_7.jpg]
[www.narrowgauge.org/ngc/graphics/excursion1/stan/railfest99/tn_goose5_7.jpg]
[www.narrowgauge.org/ngc/graphics/excursion1/stan/railfest99/eureka6.jpg]
[www.narrowgauge.org/ngc/graphics/excursion1/stan/railfest99/tn_eureka6.jpg]
[www.narrowgauge.org/ngc/graphics/excursion1/stan/railfest99/goose5_18.jpg]
[www.narrowgauge.org/ngc/graphics/excursion1/stan/railfest99/tn_goose5_18.jpg]
[www.narrowgauge.org/ngc/graphics/excursion1/stan/railfest99/eureka5.jpg]
[www.narrowgauge.org/ngc/graphics/excursion1/stan/railfest99/tn_eureka5.jpg]
[www.narrowgauge.org/ngc/graphics/excursion1/stan/railfest99/goose5_10.jpg]
[www.narrowgauge.org/ngc/graphics/excursion1/stan/railfest99/tn_goose5_10.jpg]
[www.narrowgauge.org/ngc/graphics/excursion1/stan/railfest99/goose5_11.jpg]
[www.narrowgauge.org/ngc/graphics/excursion1/stan/railfest99/tn_goose5_11.jpg]
[www.narrowgauge.org/ngc/graphics/excursion1/stan/railfest99/goose5_12.jpg]
[www.narrowgauge.org/ngc/graphics/excursion1/stan/railfest99/tn_goose5_12.jpg]
[www.narrowgauge.org/ngc/graphics/excursion1/stan/railfest99/goose5_13.jpg]
[www.narrowgauge.org/ngc/graphics/excursion1/stan/railfest99/tn_goose5_13.jpg]
[www.narrowgauge.org/ngc/graphics/excursion1/stan/railfest99/goose5_14.jpg]
[www.narrowgauge.org/ngc/graphics/excursion1/stan/railfest99/tn_goose5_14.jpg]
[www.narrowgauge.org/ngc/graphics/excursion1/stan/railfest99/goose5_15.jpg]
[www.narrowgauge.org/ngc/graphics/excursion1/stan/railfest99/tn_goose5_15.jpg]
[www.narrowgauge.org/ngc/graphics/excursion1/stan/railfest99/goose5_16.jpg]
[www.narrowgauge.org/ngc/graphics/excursion1/stan/railfest99/tn_goose5_16.jpg]
[www.narrowgauge.org/ngc/graphics/excursion1/stan/railfest99/goose5_17.jpg]
[www.narrowgauge.org/ngc/graphics/excursion1/stan/railfest99/tn_goose5_17.jpg]
[www.narrowgauge.org/ngc/graphics/excursion1/stan/railfest99/goose5_19.jpg]
[www.narrowgauge.org/ngc/graphics/excursion1/stan/railfest99/tn_goose5_19.jpg]
[www.narrowgauge.org/ngc/graphics/excursion1/stan/railfest99/goose5_20.jpg]
[www.narrowgauge.org/ngc/graphics/excursion1/stan/railfest99/tn_goose5_20.jpg]
[www.narrowgauge.org/ngc/graphics/excursion1/stan/railfest99/goose5_21.jpg]
[www.narrowgauge.org/ngc/graphics/excursion1/stan/railfest99/tn_goose5_21.jpg]
[www.narrowgauge.org/ngc/html/excursion1/stan/railfest99/excursion1-railfest99.html]
[www.narrowgauge.org/ngc/graphics/excursion1/stan/brokenaxle/Goose5-1.jpg]
[www.narrowgauge.org/ngc/graphics/excursion1/stan/brokenaxle/tn_Goose5-1.jpg]
[www.narrowgauge.org/ngc/graphics/excursion1/stan/brokenaxle/Goose5-2.jpg]
[www.narrowgauge.org/ngc/graphics/excursion1/stan/brokenaxle/tn_Goose5-2.jpg]
[www.narrowgauge.org/ngc/graphics/excursion1/stan/brokenaxle/Goose5-3.jpg]
[www.narrowgauge.org/ngc/graphics/excursion1/stan/brokenaxle/tn_Goose5-3.jpg]
[www.narrowgauge.org/ngc/graphics/excursion1/stan/brokenaxle/Goose5-4.jpg]
[www.narrowgauge.org/ngc/graphics/excursion1/stan/brokenaxle/tn_Goose5-4.jpg]
[www.narrowgauge.org/ngc/graphics/excursion1/stan/brokenaxle/Goose5-5.jpg]
[www.narrowgauge.org/ngc/graphics/excursion1/stan/brokenaxle/tn_Goose5-5.jpg]
[www.narrowgauge.org/ngc/graphics/excursion1/stan/brokenaxle/Goose5-6.jpg]
[www.narrowgauge.org/ngc/graphics/excursion1/stan/brokenaxle/tn_Goose5-6.jpg]
[www.narrowgauge.org/ngc/html/excursion1/stan/brokenaxle/excursion1-broken-axle.html]
[www.narrowgauge.org/ngc/html/excursion1/stan/rgs-returns/excursion1-rgs-returns.html]
[www.narrowgauge.org/ngc/graphics/excursion1/stan/wild-goose/Ring.jpg]
[www.narrowgauge.org/ngc/graphics/excursion1/stan/wild-goose/tn_Ring.jpg]
[www.narrowgauge.org/ngc/graphics/excursion1/stan/wild-goose/Invitation.jpg]
[www.narrowgauge.org/ngc/graphics/excursion1/stan/wild-goose/tn_Invetation.jpg]
[www.narrowgauge.org/ngc/html/excursion1/stan/wild-goose/excur1-wild-goose-stan.html]
[www.narrowgauge.org/ngc/graphics/excursion1/steve/goose5_silverton_1.jpg]
[www.narrowgauge.org/ngc/graphics/excursion1/steve/tn_goose5_silverton_1.jpg]
[www.narrowgauge.org/ngc/graphics/excursion1/steve/goose5_silverton_2.jpg]
[www.narrowgauge.org/ngc/graphics/excursion1/steve/tn_goose5_silverton_2.jpg]
[www.narrowgauge.org/ngc/graphics/excursion1/steve/goose5_silverton_3.jpg]
[www.narrowgauge.org/ngc/graphics/excursion1/steve/tn_goose5_silverton_3.jpg]
[www.narrowgauge.org/ngc/graphics/excursion1/steve/goose5_silverton_4.jpg]
[www.narrowgauge.org/ngc/graphics/excursion1/steve/tn_goose5_silverton_4.jpg]
[www.narrowgauge.org/ngc/html/excursion1/steve/excur1-goose5-steve.html]
[www.narrowgauge.org/ngc/graphics/excursion1/larry/goose5_1.jpg]
[www.narrowgauge.org/ngc/graphics/excursion1/larry/tn_goose5_1.jpg]
[www.narrowgauge.org/ngc/graphics/excursion1/larry/goose5_2.jpg]
[www.narrowgauge.org/ngc/graphics/excursion1/larry/tn_goose5_2.jpg]
[www.narrowgauge.org/ngc/graphics/excursion1/larry/goose5_3.jpg]
[www.narrowgauge.org/ngc/graphics/excursion1/larry/tn_goose5_3.jpg]
[www.narrowgauge.org/ngc/graphics/excursion1/larry/goose5_4.jpg]
[www.narrowgauge.org/ngc/graphics/excursion1/larry/tn_goose5_4.jpg]
[www.narrowgauge.org/ngc/graphics/excursion1/larry/goose5_5.jpg]
[www.narrowgauge.org/ngc/graphics/excursion1/larry/tn_goose5_5.jpg]
[www.narrowgauge.org/ngc/graphics/excursion1/larry/goose5_6.jpg]
[www.narrowgauge.org/ngc/graphics/excursion1/larry/tn_goose5_6.jpg]
[www.narrowgauge.org/ngc/graphics/excursion1/larry/goose5_7.jpg]
[www.narrowgauge.org/ngc/graphics/excursion1/larry/tn_goose5_7.jpg]
[www.narrowgauge.org/ngc/graphics/excursion1/larry/goose5_8.jpg]
[www.narrowgauge.org/ngc/graphics/excursion1/larry/tn_goose5_8.jpg]
[www.narrowgauge.org/ngc/graphics/excursion1/larry/goose5_9.jpg]
[www.narrowgauge.org/ngc/graphics/excursion1/larry/tn_goose5_9.jpg]
[www.narrowgauge.org/ngc/graphics/excursion1/larry/goose5_10.jpg]
[www.narrowgauge.org/ngc/graphics/excursion1/larry/tn_goose5_10.jpg]
[www.narrowgauge.org/ngc/graphics/excursion1/larry/goosewp.jpg]
[www.narrowgauge.org/ngc/html/excursion1/larry/excursion1-goose5-larry.html]
[www.narrowgauge.org/ngc/graphics/excursion1/stan/goose5-cumbres-toltec/goose1.jpg]
[www.narrowgauge.org/ngc/graphics/excursion1/stan/goose5-cumbres-toltec/tn_goose1.jpg]
[www.narrowgauge.org/ngc/graphics/excursion1/stan/goose5-cumbres-toltec/goose2.jpg]
[www.narrowgauge.org/ngc/graphics/excursion1/stan/goose5-cumbres-toltec/tn_goose2.jpg]
[www.narrowgauge.org/ngc/graphics/excursion1/stan/goose5-cumbres-toltec/tn_goose3.jpg]
[www.narrowgauge.org/ngc/graphics/excursion1/stan/goose5-cumbres-toltec/goose3.jpg]
[www.narrowgauge.org/ngc/graphics/excursion1/stan/goose5-cumbres-toltec/goose4.jpg]
[www.narrowgauge.org/ngc/graphics/excursion1/stan/goose5-cumbres-toltec/tn_goose4.jpg]
[www.narrowgauge.org/ngc/graphics/excursion1/stan/goose5-cumbres-toltec/goose5.jpg]
[www.narrowgauge.org/ngc/graphics/excursion1/stan/goose5-cumbres-toltec/tn_goose5.jpg]
[www.narrowgauge.org/ngc/graphics/excursion1/stan/goose5-cumbres-toltec/goose6.jpg]
[www.narrowgauge.org/ngc/graphics/excursion1/stan/goose5-cumbres-toltec/tn_goose6.jpg]
[www.narrowgauge.org/ngc/graphics/excursion1/stan/goose5-cumbres-toltec/goose7.jpg]
[www.narrowgauge.org/ngc/graphics/excursion1/stan/goose5-cumbres-toltec/tn_goose7.jpg]
[www.narrowgauge.org/ngc/graphics/excursion1/stan/goose5-cumbres-toltec/goose8.jpg]
[www.narrowgauge.org/ngc/graphics/excursion1/stan/goose5-cumbres-toltec/tn_goose8.jpg]
[www.narrowgauge.org/ngc/graphics/excursion1/stan/goose5-cumbres-toltec/goose9.jpg]
[www.narrowgauge.org/ngc/graphics/excursion1/stan/goose5-cumbres-toltec/tn_goose9.jpg]
[www.narrowgauge.org/ngc/graphics/excursion1/stan/goose5-cumbres-toltec/goose10.jpg]
[www.narrowgauge.org/ngc/graphics/excursion1/stan/goose5-cumbres-toltec/tn_goose10.jpg]
[www.narrowgauge.org/ngc/graphics/excursion1/stan/goose5-cumbres-toltec/goose11.jpg]
[www.narrowgauge.org/ngc/graphics/excursion1/stan/goose5-cumbres-toltec/tn_goose11.jpg]
[www.narrowgauge.org/ngc/graphics/excursion1/stan/goose5-cumbres-toltec/goose12.jpg]
[www.narrowgauge.org/ngc/graphics/excursion1/stan/goose5-cumbres-toltec/tn_goose12.jpg]
[www.narrowgauge.org/ngc/graphics/excursion1/stan/goose5-cumbres-toltec/goose13.jpg]
[www.narrowgauge.org/ngc/graphics/excursion1/stan/goose5-cumbres-toltec/tn_goose13.jpg]
[www.narrowgauge.org/ngc/graphics/excursion1/stan/goose5-cumbres-toltec/goose14.jpg]
[www.narrowgauge.org/ngc/graphics/excursion1/stan/goose5-cumbres-toltec/tn_goose14.jpg]
[www.narrowgauge.org/ngc/graphics/excursion1/stan/goose5-cumbres-toltec/goose15.jpg]
[www.narrowgauge.org/ngc/graphics/excursion1/stan/goose5-cumbres-toltec/tn_goose15.jpg]
[www.narrowgauge.org/ngc/graphics/excursion1/stan/goose5-cumbres-toltec/goose16.jpg]
[www.narrowgauge.org/ngc/graphics/excursion1/stan/goose5-cumbres-toltec/tn_goose16.jpg]
[www.narrowgauge.org/ngc/graphics/excursion1/stan/goose5-cumbres-toltec/goose17.jpg]
[www.narrowgauge.org/ngc/graphics/excursion1/stan/goose5-cumbres-toltec/tn_goose17.jpg]
[www.narrowgauge.org/ngc/graphics/excursion1/stan/goose5-cumbres-toltec/goose18.jpg]
[www.narrowgauge.org/ngc/graphics/excursion1/stan/goose5-cumbres-toltec/tn_goose18.jpg]
[www.narrowgauge.org/ngc/graphics/excursion1/stan/goose5-cumbres-toltec/goose19.jpg]
[www.narrowgauge.org/ngc/graphics/excursion1/stan/goose5-cumbres-toltec/tn_goose19.jpg]
[www.narrowgauge.org/ngc/graphics/excursion1/stan/goose5-cumbres-toltec/goose20.jpg]
[www.narrowgauge.org/ngc/graphics/excursion1/stan/goose5-cumbres-toltec/tn_goose20.jpg]
[www.narrowgauge.org/ngc/html/excursion1/stan/goose5-cumbres-toltec/excursion1-goose5-stan.html]
[www.narrowgauge.org/ngc/graphics/excursion2/excursion2_banner-srr.jpg]
[www.narrowgauge.org/ngc/graphics/excursion2/excursion2-srr-map.jpg]
[www.narrowgauge.org/ngc/html/excursion2/excursion2-chattanooga.html]
[www.narrowgauge.org/ngc/graphics/excursion2/excursion2-chattanooga-button.jpg]
[www.narrowgauge.org/ncmap/excur2_red_mnt_town.html]
[www.narrowgauge.org/ngc/graphics/excursion2/excursion2-redmnttown-button.jpg]
[www.narrowgauge.org/ncmap/excur2_congress_rmc.html]
[www.narrowgauge.org/ngc/graphics/excursion2/excursion2-congress-button.jpg]
[www.narrowgauge.org/ncmap/excur2_guston.html]
[www.narrowgauge.org/ngc/graphics/excursion2/excursion2-guston-map.jpg]
[www.narrowgauge.org/ncmap/excur2_ironton.html]
[www.narrowgauge.org/ngc/graphics/excursion2/excursion2-ironton-button.jpg]
[www.narrowgauge.org/ngc/graphics/excursion2/excursion2-srr-history-button.jpg]
[www.narrowgauge.org/ncmap/excur2_silverton_railroad_photo_gallery.html]
[www.narrowgauge.org/ncmap/excur2_silverton_railroad_history.html]
[www.narrowgauge.org/ngc/graphics/excursion2/excursion2-srr-photos-button.jpg]
[www.narrowgauge.org/ncmap/excur2_silverton_railroad_tkc.html]
[www.narrowgauge.org/ngc/graphics/excursion2/excursion2-ted-button.jpg]
[www.narrowgauge.org/ngc/html/excursion2/excursion2-srr.html]
[www.narrowgauge.org/ngc/graphics/excursion2/excursion2_banner-snrr.jpg]
[www.narrowgauge.org/ngc/graphics/excursion2/excursion2-snrr-map.jpg]
[www.narrowgauge.org/ncmap/excur2_howardsville.html]
[www.narrowgauge.org/ngc/graphics/excursion2/excursion2-howardsville-button.jpg]
[www.narrowgauge.org/ncmap/excur2_eureka.html]
[www.narrowgauge.org/ngc/graphics/excursion2/excursion2-eureka-button.jpg]
[www.narrowgauge.org/ncmap/excur2_aniforks.html]
[www.narrowgauge.org/ngc/graphics/excursion2/excursion2-animasforks-button.jpg]
[www.narrowgauge.org/ncmap/excur2_silverton_northern_railroad_history.html]
[www.narrowgauge.org/ngc/graphics/excursion2/excursion2-snrr-history-button.jpg]
[www.narrowgauge.org/ngc/html/excursion2/excursion2-ernest-grill-story.html]
[www.narrowgauge.org/ngc/graphics/excursion2/excursion2-egrill-button.jpg]
[www.narrowgauge.org/ngc/html/excursion2/excursion2-eureka-job-story.html]
[www.narrowgauge.org/ngc/graphics/excursion2/excursion2-eureka-job-button.jpg]
[www.narrowgauge.org/ngc/html/excursion2/excursion2-snrr.html]
[www.narrowgauge.org/ngc/graphics/excursion2/excursion2_banner-sgnrr.jpg]
[www.narrowgauge.org/ngc/graphics/excursion2/excursion2-sgnrr-map.jpg]
[www.narrowgauge.org/ncmap/excur2_gladstone.html]
[www.narrowgauge.org/ngc/graphics/excursion2/excursion2-gladstone-button.jpg]
[www.narrowgauge.org/ncmap/excur2_silverton_gladstone_northerly_railroad_history.html]
[www.narrowgauge.org/ngc/graphics/excursion2/excursion2-sgnrr-history-button.jpg]
[www.narrowgauge.org/ngc/html/excursion2/excursion2-sgnrr.html]
[www.narrowgauge.org/ngc/graphics/excursion2/excursion2_banner-silverton.jpg]
[www.narrowgauge.org/ngc/graphics/excursion2/photos/m0070.jpg]
[www.narrowgauge.org/ngc/graphics/excursion2/photos/tn-m0070.jpg]
[www.narrowgauge.org/ngc/graphics/excursion2/photos/MLE-silverton-G-gulch.jpg]
[www.narrowgauge.org/ngc/graphics/excursion2/photos/tn-MLE-silverton-G-gulch.jpg]
[www.narrowgauge.org/ngc/graphics/excursion2/photos/m0007.jpg]
[www.narrowgauge.org/ngc/graphics/excursion2/photos/tn-m0007.jpg]
[www.narrowgauge.org/ngc/graphics/excursion2/photos/m0033.jpg]
[www.narrowgauge.org/ngc/graphics/excursion2/photos/tn-m0033.jpg]
[www.narrowgauge.org/ngc/graphics/excursion2/photos/m0008.jpg]
[www.narrowgauge.org/ngc/graphics/excursion2/photos/tn-m0008.jpg]
[www.narrowgauge.org/ngc/graphics/excursion2/photos/m0046.jpg]
[www.narrowgauge.org/ngc/graphics/excursion2/photos/tn-m0046.jpg]
[www.narrowgauge.org/ngc/graphics/excursion2/photos/MLE-ouray-mears.jpg]
[www.narrowgauge.org/ngc/graphics/excursion2/photos/tn-MLE-ouray-mears.jpg]
[www.narrowgauge.org/ngc/graphics/excursion2/photos/MLE-silver-lake-mill.jpg]
[www.narrowgauge.org/ngc/graphics/excursion2/photos/tn-MLE-silver-lake-mill.jpg]
[www.narrowgauge.org/ngc/graphics/excursion2/photos/MLE-mayflower-mill.jpg]
[www.narrowgauge.org/ngc/graphics/excursion2/photos/tn-MLE-mayflower-mill.jpg]
[www.narrowgauge.org/ngc/graphics/excursion2/photos/MLE-old-hundred-mill.jpg]
[www.narrowgauge.org/ngc/graphics/excursion2/photos/tn-MLE-old-hundred-mill.jpg]
[www.narrowgauge.org/ngc/graphics/excursion2/photos/MLE-iowa-tiger.jpg]
[www.narrowgauge.org/ngc/graphics/excursion2/photos/tn-MLE-iowa-tiger.jpg]
[www.narrowgauge.org/ngc/graphics/excursion2/photos/MLE-mayflower-mill-50.jpg]
[www.narrowgauge.org/ngc/graphics/excursion2/photos/tn-MLE-mayflower-mill-50.jpg]
[www.narrowgauge.org/ngc/graphics/excursion2/photos/MLE-silver-lake-mine.jpg]
[www.narrowgauge.org/ngc/graphics/excursion2/photos/tn-MLE-silver-lake-mine.jpg]
[www.narrowgauge.org/ngc/graphics/excursion2/photos/MLE-silverton-A-gulch.jpg]
[www.narrowgauge.org/ngc/graphics/excursion2/photos/tn-MLE-silverton-A-gulch.jpg]
[www.narrowgauge.org/ngc/graphics/excursion2/photos/MLE-silverton-B-gulch.jpg]
[www.narrowgauge.org/ngc/graphics/excursion2/photos/tn-MLE-silverton-B-gulch.jpg]
[www.narrowgauge.org/ngc/graphics/excursion2/photos/MLE-silverton-C-gulch.jpg]
[www.narrowgauge.org/ngc/graphics/excursion2/photos/tn-MLE-silverton-C-gulch.jpg]
[www.narrowgauge.org/ngc/graphics/excursion2/photos/MLE-silverton-D-gulch.jpg]
[www.narrowgauge.org/ngc/graphics/excursion2/photos/tn-MLE-silverton-D-gulch.jpg]
[www.narrowgauge.org/ngc/graphics/excursion2/photos/MLE-silverton-E-gulch.jpg]
[www.narrowgauge.org/ngc/graphics/excursion2/photos/tn-MLE-silverton-E-gulch.jpg]
[www.narrowgauge.org/ngc/graphics/excursion2/photos/MLE-silverton-F-gulch.jpg]
[www.narrowgauge.org/ngc/graphics/excursion2/photos/tn-MLE-silverton-F-gulch.jpg]
[www.narrowgauge.org/ngc/graphics/excursion2/photos/MLE-gladstone-birdseye.jpg]
[www.narrowgauge.org/ngc/graphics/excursion2/photos/tn-MLE-gladstone-birdseye.jpg]
[www.narrowgauge.org/ngc/graphics/excursion2/jfpankow/eureka-colorado-overview.jpg]
[www.narrowgauge.org/ngc/graphics/excursion2/jfpankow/tn-eureka-colorado-overview.jpg]
[www.narrowgauge.org/ngc/graphics/excursion2/photos/MLE-chattanooga-birdseye.jpg]
[www.narrowgauge.org/ngc/graphics/excursion2/photos/tn-MLE-chattanooga-birdseye.jpg]
[www.narrowgauge.org/ngc/graphics/excursion2/photos/m00442.jpg]
[www.narrowgauge.org/ngc/graphics/excursion2/photos/tn-m00442.jpg]
[www.narrowgauge.org/ngc/graphics/excursion2/photos/m0009.jpg]
[www.narrowgauge.org/ngc/graphics/excursion2/photos/tn-m0009.jpg]
[www.narrowgauge.org/ngc/graphics/excursion2/photos/m00444.jpg]
[www.narrowgauge.org/ngc/graphics/excursion2/photos/tn-m00444.jpg]
[www.narrowgauge.org/ngc/graphics/excursion2/photos/MLE-mears-pass-1889.jpg]
[www.narrowgauge.org/ngc/graphics/excursion2/photos/tn-MLE-mears-pass-1889.jpg]
[www.narrowgauge.org/ngc/graphics/excursion2/photos/MLE-mears-pass-1892.jpg]
[www.narrowgauge.org/ngc/graphics/excursion2/photos/tn-MLE-mears-pass-1892.jpg]
[www.narrowgauge.org/ngc/graphics/excursion2/photos/MLE-mears-pass-1897.jpg]
[www.narrowgauge.org/ngc/graphics/excursion2/photos/tn-MLE-mears-pass-1897.jpg]
[www.narrowgauge.org/ngc/graphics/excursion2/photos/MLE-grand-imperial.jpg]
[www.narrowgauge.org/ngc/graphics/excursion2/photos/tn-MLE-grand-imperial.jpg]
[www.narrowgauge.org/ngc/graphics/excursion2/photos/MLE-silverton-train-1960.jpg]
[www.narrowgauge.org/ngc/graphics/excursion2/photos/tn-MLE-silverton-train-1960.jpg]
[www.narrowgauge.org/ngc/graphics/excursion2/photos/MLE-1960-flyer-page-1.jpg]
[www.narrowgauge.org/ngc/graphics/excursion2/photos/tn-MLE-1960-flyer-page-1.jpg]
[www.narrowgauge.org/ngc/graphics/excursion2/photos/MLE-1960-flyer-page-2.jpg]
[www.narrowgauge.org/ngc/graphics/excursion2/photos/tn-MLE-1960-flyer-page-2.jpg]
[www.narrowgauge.org/ngc/graphics/excursion2/photos/MLE-1960-advertisement.jpg]
[www.narrowgauge.org/ngc/graphics/excursion2/photos/tn-MLE-1960-advertisement.jpg]
[www.narrowgauge.org/ngc/graphics/excursion2/photos/MLE-1960-tickets.jpg]
[www.narrowgauge.org/ngc/graphics/excursion2/photos/tn-MLE-1960-tickets.jpg]
[www.narrowgauge.org/ngc/graphics/excursion2/photos/tn-MLE-1960-DSNGRR-movie.jpg]
[www.narrowgauge.org/ngc/graphics/excursion2/photos/tn-MLE-1958-durango-movie.jpg]
[www.narrowgauge.org/ngc/graphics/excursion2/photos/MLE-silverton-depot-2004.jpg]
[www.narrowgauge.org/ngc/graphics/excursion2/photos/tn-MLE-silverton-depot-2004.jpg]
[www.narrowgauge.org/ngc/graphics/excursion2/photos/MLE-silverton-northern-depot-2004.jpg]
[www.narrowgauge.org/ngc/graphics/excursion2/photos/tn-MLE-silverton-northern-depot-2004.jpg]
[www.narrowgauge.org/ngc/graphics/excursion2/photos/MLE-red-mountains-2004.jpg]
[www.narrowgauge.org/ngc/graphics/excursion2/photos/tn-MLE-red-mountains-2004.jpg]
[www.narrowgauge.org/ngc/graphics/excursion2/photos/MLE-dsngrr-481.jpg]
[www.narrowgauge.org/ngc/graphics/excursion2/photos/tn-MLE-dsngrr-481.jpg]
[www.narrowgauge.org/ngc/graphics/excursion2/photos/MLE-ngc-crew.jpg]
[www.narrowgauge.org/ngc/graphics/excursion2/photos/tn-MLE-ngc-crew.jpg]
[www.narrowgauge.org/ngc/html/excursion2/excursion2-silverton.html]
[www.narrowgauge.org/ngc/graphics/excursion2/paper/MLE-snr-748.jpg]
[www.narrowgauge.org/ngc/graphics/excursion2/paper/tn-MLE-snr-748.jpg]
[www.narrowgauge.org/ngc/graphics/excursion2/paper/MLE-snr-749.jpg]
[www.narrowgauge.org/ngc/graphics/excursion2/paper/tn-MLE-snr-749.jpg]
[www.narrowgauge.org/ngc/graphics/excursion2/paper/MLE-snr-750.jpg]
[www.narrowgauge.org/ngc/graphics/excursion2/paper/tn-MLE-snr-750.jpg]
[www.narrowgauge.org/ngc/graphics/excursion2/paper/MLE-snr-752.jpg]
[www.narrowgauge.org/ngc/graphics/excursion2/paper/tn-MLE-snr-752.jpg]
[www.narrowgauge.org/ngc/graphics/excursion2/paper/MLE-snr-759.jpg]
[www.narrowgauge.org/ngc/graphics/excursion2/paper/tn-MLE-snr-759.jpg]
[www.narrowgauge.org/ngc/graphics/excursion2/paper/MLE-snr-760.jpg]
[www.narrowgauge.org/ngc/graphics/excursion2/paper/tn-MLE-snr-760.jpg]
[www.narrowgauge.org/ngc/graphics/excursion2/paper/MLE-srr-512.jpg]
[www.narrowgauge.org/ngc/graphics/excursion2/paper/tn-MLE-srr-512.jpg]
[www.narrowgauge.org/ngc/graphics/excursion2/paper/MLE-srr-514.jpg]
[www.narrowgauge.org/ngc/graphics/excursion2/paper/tn-MLE-srr-514.jpg]
[www.narrowgauge.org/ngc/graphics/excursion2/paper/MLE-srr-1533.jpg]
[www.narrowgauge.org/ngc/graphics/excursion2/paper/tn-MLE-srr-1533.jpg]
[www.narrowgauge.org/ngc/graphics/excursion2/paper/MLE-srr-1548.jpg]
[www.narrowgauge.org/ngc/graphics/excursion2/paper/tn-MLE-srr-1548.jpg]
[www.narrowgauge.org/ngc/graphics/excursion2/paper/MLE-snrr-ticket.jpg]
[www.narrowgauge.org/ngc/graphics/excursion2/paper/tn-MLE-snrr-ticket.jpg]
[www.narrowgauge.org/ngc/graphics/excursion2/paper/MLE-snr-wine-list.jpg]
[www.narrowgauge.org/ngc/graphics/excursion2/paper/tn-MLE-snr-wine-list.jpg]
[www.narrowgauge.org/ngc/graphics/excursion2/paper/MLE-snr-stationary.jpg]
[www.narrowgauge.org/ngc/graphics/excursion2/paper/tn-MLE-snr-stationary.jpg]
[www.narrowgauge.org/ngc/html/excursion2/excursion2-srr-paper.html]
[www.narrowgauge.org/images/tkcok/m0054.jpg]
[www.narrowgauge.org/images/tkcok/tnails/s0054.jpg]
[www.narrowgauge.org/images/tkcok/m0042.jpg]
[www.narrowgauge.org/images/tkcok/tnails/s0042.jpg]
[www.narrowgauge.org/images/excursion3_return_button.jpg]
[www.narrowgauge.org/ncmap/excursion3_durango.html]
[www.narrowgauge.org/images/mark/hermosa1.jpg]
[www.narrowgauge.org/images/mark/tnails/shermosa1.jpg]
[www.narrowgauge.org/images/mark/hermosa2.jpg]
[www.narrowgauge.org/images/mark/tnails/shermosa2.jpg]
[www.narrowgauge.org/ncmap/excursion3_hermosa.html]
[www.narrowgauge.org/images/david/dc_rockwood_speeder.jpg]
[www.narrowgauge.org/images/david/tnails/sdc_rockwood_speeder.jpg]
[www.narrowgauge.org/images/david/dc_rockwood_480_1.jpg]
[www.narrowgauge.org/images/david/tnails/sdc_rockwood_480_1.jpg]
[www.narrowgauge.org/images/david/dc_rockwood_480_2.jpg]
[www.narrowgauge.org/images/david/tnails/sdc_rockwood_480_2.jpg]
[www.narrowgauge.org/images/david/dc_rockwood_480_3.jpg]
[www.narrowgauge.org/images/david/tnails/sdc_rockwood_480_3.jpg]
[www.narrowgauge.org/images/david/dc_rockwood_480_4.jpg]
[www.narrowgauge.org/images/david/tnails/sdc_rockwood_480_4.jpg]
[www.narrowgauge.org/ncmap/excursion3_rockwood.html]
[www.narrowgauge.org/images/jerry/95-6-93_highline_caboose.jpg]
[www.narrowgauge.org/images/jerry/tnails/s95-6-93_highline_caboose.jpg]
[www.narrowgauge.org/images/mark/animas.jpg]
[www.narrowgauge.org/images/mark/tnails/sanimas.jpg]
[www.narrowgauge.org/images/david/dc_highline1.jpg]
[www.narrowgauge.org/images/david/tnails/sdc_highline1.jpg]
[www.narrowgauge.org/images/david/dc_highline2.jpg]
[www.narrowgauge.org/images/david/tnails/sdc_highline2.jpg]
[www.narrowgauge.org/images/david/dc_highline3.jpg]
[www.narrowgauge.org/images/david/tnails/sdc_highline3.jpg]
[www.narrowgauge.org/images/david/dc_highline4.jpg]
[www.narrowgauge.org/images/david/tnails/sdc_highline4.jpg]
[www.narrowgauge.org/images/david/dc_rockwood_train.jpg]
[www.narrowgauge.org/images/david/tnails/sdc_rockwood_train.jpg]
[www.narrowgauge.org/ncmap/excursion3_highline.html]
[www.narrowgauge.org/ngc/graphics/excursion3/excursion3-masthead.jpg]
[www.narrowgauge.org/ngc/graphics/excursion3/jerry/95-6-77_bridge.jpg]
[www.narrowgauge.org/ngc/graphics/excursion3/jerry/tn-95-6-77_bridge.jpg]
[www.narrowgauge.org/ngc/graphics/tkierscey/drg/drg061.jpg]
[www.narrowgauge.org/ngc/graphics/tkierscey/drg/tn-drg061.jpg]
[www.narrowgauge.org/ngc/graphics/excursion3/excursion3-return-home-button.jpg]
[www.narrowgauge.org/ncmap/excursion3_tefft.html]
[www.narrowgauge.org/images/jerry/95-6-71_needleton_tank.jpg]
[www.narrowgauge.org/images/jerry/tnails/s95-6-71_needleton_tank.jpg]
[www.narrowgauge.org/images/david/dc_needleton_tank_1.jpg]
[www.narrowgauge.org/images/david/tnails/sdc_needleton_tank_1.jpg]
[www.narrowgauge.org/images/david/dc_needleton_tank_2.jpg]
[www.narrowgauge.org/images/david/tnails/sdc_needleton_tank_2.jpg]
[www.narrowgauge.org/ncmap/excursion3_needle.html]
[www.narrowgauge.org/images/jerry/95-6-46_bridge.jpg]
[www.narrowgauge.org/images/jerry/tnails/s95-6-46_bridge.jpg]
[www.narrowgauge.org/images/david/dc_high_bridge_2.jpg]
[www.narrowgauge.org/images/david/tnails/sdc_high_bridge_2.jpg]
[www.narrowgauge.org/images/david/dc_high_bridge_3.jpg]
[www.narrowgauge.org/images/david/tnails/sdc_high_bridge_3.jpg]
[www.narrowgauge.org/images/david/dc_high_bridge_1.jpg]
[www.narrowgauge.org/images/david/tnails/sdc_high_bridge_1.jpg]
[www.narrowgauge.org/images/david/dc_pplant1.jpg]
[www.narrowgauge.org/images/david/tnails/sdc_pplant1.jpg]
[www.narrowgauge.org/images/david/dc_pplant2.jpg]
[www.narrowgauge.org/images/david/tnails/sdc_pplant2.jpg]
[www.narrowgauge.org/ncmap/excursion3_tacoma.html]
[www.narrowgauge.org/images/mark/elkpark.jpg]
[www.narrowgauge.org/images/mark/tnails/selkpark.jpg]
[www.narrowgauge.org/images/mark/elkpark2.jpg]
[www.narrowgauge.org/images/mark/tnails/selkpark2.jpg]
[www.narrowgauge.org/images/mark/473_2.jpg]
[www.narrowgauge.org/images/mark/tnails/s473_2.jpg]
[www.narrowgauge.org/images/jerry/95-7-21_bridge.jpg]
[www.narrowgauge.org/images/jerry/tnails/s95-7-21_bridge.jpg]
[www.narrowgauge.org/ncmap/excursion3_elkpark.html]
[www.narrowgauge.org/images/mark/animas2.jpg]
[www.narrowgauge.org/images/mark/tnails/sanimas2.jpg]
[www.narrowgauge.org/ncmap/excursion3_deadwood.html]
[www.narrowgauge.org/images/mark/arastra.jpg]
[www.narrowgauge.org/images/mark/tnails/sarastra.jpg]
[www.narrowgauge.org/images/mark/Mears_Ouray.jpg]
[www.narrowgauge.org/images/mark/tnails/sMears_Ouray.jpg]
[www.narrowgauge.org/images/mark/silv_b.jpg]
[www.narrowgauge.org/images/mark/tnails/ssilv_b.jpg]
[www.narrowgauge.org/images/mark/silv_c.jpg]
[www.narrowgauge.org/images/mark/tnails/ssilv_c.jpg]
[www.narrowgauge.org/images/mark/silv_a.jpg]
[www.narrowgauge.org/images/mark/tnails/ssilv_a.jpg]
[www.narrowgauge.org/images/mark/silv_g.jpg]
[www.narrowgauge.org/images/mark/tnails/ssilv_g.jpg]
[www.narrowgauge.org/images/mark/silverton3.jpg]
[www.narrowgauge.org/images/mark/tnails/ssilverton3.jpg]
[www.narrowgauge.org/images/mark/silverton1.jpg]
[www.narrowgauge.org/images/mark/tnails/ssilverton1.jpg]
[www.narrowgauge.org/images/mark/silverton5.jpg]
[www.narrowgauge.org/images/mark/tnails/ssilverton5.jpg]
[www.narrowgauge.org/images/mark/silverton2.jpg]
[www.narrowgauge.org/images/mark/tnails/ssilverton2.jpg]
[www.narrowgauge.org/images/mark/silverton4.jpg]
[www.narrowgauge.org/images/mark/tnails/ssilverton4.jpg]
[www.narrowgauge.org/images/mark/Silverton_480.jpg]
[www.narrowgauge.org/images/mark/tnails/sSilverton_480.jpg]
[www.narrowgauge.org/images/mark/Silverton_473.jpg]
[www.narrowgauge.org/images/mark/tnails/sSilverton_473.jpg]
[www.narrowgauge.org/ncmap/excursion3_silvrton.html]
[www.narrowgauge.org/images/miles/GPTD1.jpg]
[www.narrowgauge.org/images/miles/tnails/sGPTD1.jpg]
[www.narrowgauge.org/images/miles/GPTD2.jpg]
[www.narrowgauge.org/images/miles/tnails/sGPTD2.jpg]
[www.narrowgauge.org/images/miles/GPTD3.jpg]
[www.narrowgauge.org/images/miles/tnails/sGPTD3.jpg]
[www.narrowgauge.org/images/miles/GPTD4.jpg]
[www.narrowgauge.org/images/miles/tnails/sGPTD4.jpg]
[www.narrowgauge.org/images/miles/GPTD5.jpg]
[www.narrowgauge.org/images/miles/tnails/sGPTD5.jpg]
[www.narrowgauge.org/images/miles/GPTD6.jpg]
[www.narrowgauge.org/images/miles/tnails/sGPTD6.jpg]
[www.narrowgauge.org/ncmap/excursion3_patato_truck.html]
[www.narrowgauge.org/images/excursion4_masthead.jpg]
[www.narrowgauge.org/images/tkcok/m00135.jpg]
[www.narrowgauge.org/images/tkcok/tnails/s00135.jpg]
[www.narrowgauge.org/images/tkcok/m0024.jpg]
[www.narrowgauge.org/images/tkcok/tnails/s0024.jpg]
[www.narrowgauge.org/images/tkcok/m00103.jpg]
[www.narrowgauge.org/images/tkcok/tnails/s00103.jpg]
[www.narrowgauge.org/images/tkcok/m00118.jpg]
[www.narrowgauge.org/images/tkcok/tnails/s00118.jpg]
[www.narrowgauge.org/images/tkcok/m0023.jpg]
[www.narrowgauge.org/images/tkcok/tnails/s0023.jpg]
[www.narrowgauge.org/images/tkcok/m00104.jpg]
[www.narrowgauge.org/images/tkcok/tnails/s00104.jpg]
[www.narrowgauge.org/images/tkcok/m0048.jpg]
[www.narrowgauge.org/images/tkcok/tnails/s0048.jpg]
[www.narrowgauge.org/images/tkcok/m00117.jpg]
[www.narrowgauge.org/images/tkcok/tnails/s00117.jpg]
[www.narrowgauge.org/images/tkcok/m0041.jpg]
[www.narrowgauge.org/images/tkcok/tnails/s0041.jpg]
[www.narrowgauge.org/images/tkcok/m0050.jpg]
[www.narrowgauge.org/images/tkcok/tnails/s0050.jpg]
[www.narrowgauge.org/images/tkcok/m00101.jpg]
[www.narrowgauge.org/images/tkcok/tnails/s00101.jpg]
[www.narrowgauge.org/images/tkcok/m00108.jpg]
[www.narrowgauge.org/images/tkcok/tnails/s00108.jpg]
[www.narrowgauge.org/images/tkcok/m00111.jpg]
[www.narrowgauge.org/images/tkcok/tnails/s00111.jpg]
[www.narrowgauge.org/images/tkcok/m00112.jpg]
[www.narrowgauge.org/images/tkcok/tnails/s00112.jpg]
[www.narrowgauge.org/images/tkcok/m00116.jpg]
[www.narrowgauge.org/images/tkcok/tnails/s00116.jpg]
[www.narrowgauge.org/images/jerry/jx007.jpg]
[www.narrowgauge.org/images/jerry/tnails/sjx007.jpg]
[www.narrowgauge.org/images/tkcok/m00119.jpg]
[www.narrowgauge.org/images/tkcok/tnails/s00119.jpg]
[www.narrowgauge.org/images/tkcok/m00114.jpg]
[www.narrowgauge.org/images/tkcok/tnails/s00114.jpg]
[www.narrowgauge.org/images/tkcok/m00102.jpg]
[www.narrowgauge.org/images/tkcok/tnails/s00102.jpg]
[www.narrowgauge.org/images/tkcok/m0021.jpg]
[www.narrowgauge.org/images/tkcok/tnails/s0021.jpg]
[www.narrowgauge.org/images/tkcok/m0045.jpg]
[www.narrowgauge.org/images/tkcok/tnails/s0045.jpg]
[www.narrowgauge.org/images/tkcok/m0017.jpg]
[www.narrowgauge.org/images/tkcok/tnails/s0017.jpg]
[www.narrowgauge.org/images/tkcok/m00105.jpg]
[www.narrowgauge.org/images/tkcok/tnails/s00105.jpg]
[www.narrowgauge.org/images/rick/ealpine1.jpg]
[www.narrowgauge.org/images/rick/tnails/sealpin1.jpg]
[www.narrowgauge.org/images/rick/ealpine2.jpg]
[www.narrowgauge.org/images/rick/tnails/sealpin2.jpg]
[www.narrowgauge.org/ngc/graphics/tkierscey/dspp/dspp0030.jpg]
[www.narrowgauge.org/ngc/graphics/tkierscey/dspp/tn-dspp0030.jpg]
[www.narrowgauge.org/images/tkcok/m00138.d27.delayed]
[www.narrowgauge.org/images/tkcok/tnails/s00138.jpg]
[www.narrowgauge.org/images/tkcok/m0049.jpg]
[www.narrowgauge.org/images/tkcok/tnails/s0049.jpg]
[www.narrowgauge.org/images/jerry/j0043.jpg]
[www.narrowgauge.org/images/jerry/tnails/sj0043.jpg]
[www.narrowgauge.org/images/rick/a0001.jpg]
[www.narrowgauge.org/images/rick/tnails/sa0001.jpg]
[www.narrowgauge.org/images/rick/a0002.jpg]
[www.narrowgauge.org/images/rick/tnails/sa0002.jpg]
[www.narrowgauge.org/images/rick/a0003.jpg]
[www.narrowgauge.org/images/rick/tnails/sa0003.jpg]
[www.narrowgauge.org/images/excursion4_return_button.jpg]
[www.narrowgauge.org/ncmap/excursion4_croffut_DSPP.html]
[www.narrowgauge.org/ngc/graphics/excursion4/gkazel/dspp-gk-002.jpg]
[www.narrowgauge.org/ngc/graphics/excursion4/gkazel/tn-dspp-gk-002.jpg]
[www.narrowgauge.org/ngc/graphics/excursion4/gkazel/dspp-gk-004.jpg]
[www.narrowgauge.org/ngc/graphics/excursion4/gkazel/dspp-gk-023.jpg]
[www.narrowgauge.org/ngc/graphics/excursion4/gkazel/tn-dspp-gk-023.jpg]
[www.narrowgauge.org/ngc/graphics/excursion4/gkazel/dspp-gk-025.jpg]
[www.narrowgauge.org/ngc/graphics/excursion4/gkazel/tn-dspp-gk-025.jpg]
[www.narrowgauge.org/ngc/graphics/excursion4/gkazel/dspp-gk-027.jpg]
[www.narrowgauge.org/ngc/graphics/excursion4/gkazel/tn-dspp-gk-027.jpg]
[www.narrowgauge.org/ngc/graphics/excursion4/gkazel/dspp-gk-005.jpg]
[www.narrowgauge.org/ngc/graphics/excursion4/gkazel/tn-dspp-gk-005.jpg]
[www.narrowgauge.org/ngc/graphics/excursion4/gkazel/dspp-gk-008.jpg]
[www.narrowgauge.org/ngc/graphics/excursion4/gkazel/tn-dspp-gk-008.jpg]
[www.narrowgauge.org/ngc/graphics/excursion4/gkazel/dspp-gk-008a.jpg]
[www.narrowgauge.org/ngc/graphics/excursion4/gkazel/tn-dspp-gk-008a.jpg]
[www.narrowgauge.org/ngc/graphics/excursion4/gkazel/dspp-gk-013.jpg]
[www.narrowgauge.org/ngc/graphics/excursion4/gkazel/tn-dspp-gk-013.jpg]
[www.narrowgauge.org/ngc/graphics/excursion4/gkazel/dspp-gk-022.jpg]
[www.narrowgauge.org/ngc/graphics/excursion4/gkazel/tn-dspp-gk-022.jpg]
[www.narrowgauge.org/ngc/graphics/excursion4/gkazel/dspp-gk-001.jpg]
[www.narrowgauge.org/ngc/graphics/excursion4/gkazel/tn-dspp-gk-001.jpg]
[www.narrowgauge.org/ngc/graphics/excursion4/gkazel/dspp-gk-003.jpg]
[www.narrowgauge.org/ngc/graphics/excursion4/gkazel/tn-dspp-gk-003.jpg]
[www.narrowgauge.org/ngc/graphics/excursion4/gkazel/dspp-gk-009.jpg]
[www.narrowgauge.org/ngc/graphics/excursion4/gkazel/tn-dspp-gk-009.jpg]
[www.narrowgauge.org/ngc/graphics/excursion4/gkazel/dspp-gk-010.jpg]
[www.narrowgauge.org/ngc/graphics/excursion4/gkazel/tn-dspp-gk-010.jpg]
[www.narrowgauge.org/ngc/graphics/excursion4/gkazel/dspp-gk-007.jpg]
[www.narrowgauge.org/ngc/graphics/excursion4/gkazel/tn-dspp-gk-007.jpg]
[www.narrowgauge.org/ngc/graphics/excursion4/gkazel/dspp-gk-026.jpg]
[www.narrowgauge.org/ngc/graphics/excursion4/gkazel/tn-dspp-gk-026.jpg]
[www.narrowgauge.org/ngc/graphics/excursion4/gkazel/dspp-gk-006.jpg]
[www.narrowgauge.org/ngc/graphics/excursion4/gkazel/tn-dspp-gk-006.jpg]
[www.narrowgauge.org/ngc/graphics/excursion4/gkazel/dspp-gk-011.jpg]
[www.narrowgauge.org/ngc/graphics/excursion4/gkazel/tn-dspp-gk-011.jpg]
[www.narrowgauge.org/ngc/graphics/excursion4/gkazel/dspp-gk-016.jpg]
[www.narrowgauge.org/ngc/graphics/excursion4/gkazel/tn-dspp-gk-016.jpg]
[www.narrowgauge.org/ngc/graphics/excursion4/gkazel/dspp-gk-012.jpg]
[www.narrowgauge.org/ngc/graphics/excursion4/gkazel/tn-dspp-gk-012.jpg]
[www.narrowgauge.org/ngc/graphics/excursion4/gkazel/dspp-gk-028.jpg]
[www.narrowgauge.org/ngc/graphics/excursion4/gkazel/tn-dspp-gk-028.jpg]
[www.narrowgauge.org/ngc/graphics/excursion4/gkazel/dspp-gk-024.jpg]
[www.narrowgauge.org/ngc/graphics/excursion4/gkazel/tn-dspp-gk-024.jpg]
[www.narrowgauge.org/ngc/graphics/excursion4/gkazel/dspp-gk-014.jpg]
[www.narrowgauge.org/ngc/graphics/excursion4/gkazel/tn-dspp-gk-014.jpg]
[www.narrowgauge.org/ngc/graphics/excursion4/gkazel/dspp-gk-015.jpg]
[www.narrowgauge.org/ngc/graphics/excursion4/gkazel/tn-dspp-gk-015.jpg]
[www.narrowgauge.org/ngc/graphics/excursion4/gkazel/dspp-gk-018.jpg]
[www.narrowgauge.org/ngc/graphics/excursion4/gkazel/tn-dspp-gk-018.jpg]
[www.narrowgauge.org/ngc/graphics/excursion4/gkazel/dspp-gk-019.jpg]
[www.narrowgauge.org/ngc/graphics/excursion4/gkazel/tn-dspp-gk-019.jpg]
[www.narrowgauge.org/ngc/graphics/excursion4/gkazel/dspp-gk-020.jpg]
[www.narrowgauge.org/ngc/graphics/excursion4/gkazel/tn-dspp-gk-020.jpg]
[www.narrowgauge.org/ngc/graphics/excursion4/gkazel/dspp-gk-017.jpg]
[www.narrowgauge.org/ngc/graphics/excursion4/gkazel/tn-dspp-gk-017.jpg]
[www.narrowgauge.org/ngc/graphics/excursion4/gkazel/dspp-gk-021.jpg]
[www.narrowgauge.org/ngc/graphics/excursion4/gkazel/tn-dspp-gk-021.jpg]
[www.narrowgauge.org/ngc/html/excursion4/gkazel/excursion4-como.html]
[www.narrowgauge.org/EOC/images/Buffalo-Pine-1.jpg]
[www.narrowgauge.org/EOC/images/Tnails/tn_Buffalo-Pine-1.jpg]
[www.narrowgauge.org/EOC/images/Buffalo-Pine-2.jpg]
[www.narrowgauge.org/EOC/images/Tnails/tn_Buffalo-Pine-2.jpg]
[www.narrowgauge.org/EOC/images/Buffalo-Pine-3.jpg]
[www.narrowgauge.org/EOC/images/Tnails/tn_Buffalo-Pine-3.jpg]
[www.narrowgauge.org/EOC/images/Buffalo-Pine-4.jpg]
[www.narrowgauge.org/EOC/images/Tnails/tn_Buffalo-Pine-4.jpg]
[www.narrowgauge.org/EOC/images/Buffalo-Pine-5.jpg]
[www.narrowgauge.org/EOC/images/Tnails/tn_Buffalo-Pine-5.jpg]
[www.narrowgauge.org/EOC/images/Buffalo-Pine-6.jpg]
[www.narrowgauge.org/EOC/images/Tnails/tn_Buffalo-Pine-6.jpg]
[www.narrowgauge.org/EOC/html/buffalo-aerial.html]
[www.narrowgauge.org/EOC/images/eastebrook-1.jpg]
[www.narrowgauge.org/EOC/images/Tnails/tn-eastebrook-1.jpg]
[www.narrowgauge.org/EOC/images/eastebrook-2.jpg]
[www.narrowgauge.org/EOC/images/Tnails/tn-eastebrook-2.jpg]
[www.narrowgauge.org/EOC/images/eastebrook-3.jpg]
[www.narrowgauge.org/EOC/images/Tnails/tn-eastebrook-3.jpg]
[www.narrowgauge.org/EOC/images/eastebrook-4.jpg]
[www.narrowgauge.org/EOC/images/Tnails/tn-eastebrook-4.jpg]
[www.narrowgauge.org/EOC/images/eastebrook-5.jpg]
[www.narrowgauge.org/EOC/images/Tnails/tn-eastebrook-5.jpg]
[www.narrowgauge.org/EOC/images/eastebrook-6.jpg]
[www.narrowgauge.org/EOC/images/Tnails/tn-eastebrook-6.jpg]
[www.narrowgauge.org/EOC/images/eastebrook-7.jpg]
[www.narrowgauge.org/EOC/images/Tnails/tn-eastebrook-7.jpg]
[www.narrowgauge.org/EOC/images/eastebrook-8.jpg]
[www.narrowgauge.org/EOC/images/Tnails/tn-eastebrook-8.jpg]
[www.narrowgauge.org/EOC/images/eastebrook-9.jpg]
[www.narrowgauge.org/EOC/images/Tnails/tn-eastebrook-9.jpg]
[www.narrowgauge.org/EOC/html/estabrook-bridge.html]
[www.narrowgauge.org/ncmap/excursion4-bogie-DSPP.html]
[www.narrowgauge.org/maps/excursion4_spc_map.jpg]
[www.narrowgauge.org/ncmap/jerry/south_park_city.html]
[www.narrowgauge.org/images/Excur4_spc_fairplay_button.jpg]
[www.narrowgauge.org/ncmap/jerry/buena_vista.html]
[www.narrowgauge.org/images/Excur4_spc_buena_button.jpg]
[www.narrowgauge.org/ncmap/jerry/Romley.html]
[www.narrowgauge.org/images/Excur4_spc_romley_button.jpg]
[www.narrowgauge.org/ncmap/jerry/mary_murphy.html]
[www.narrowgauge.org/images/Excur4_spc_mmmine_button.jpg]
[www.narrowgauge.org/ncmap/jerry/St_Elmo.html]
[www.narrowgauge.org/images/Excur4_spc_STELMO_button.jpg]
[www.narrowgauge.org/ncmap/jerry/kenosha_pass.html]
[www.narrowgauge.org/images/Excur4_spc_kENOSHA_button.jpg]
[www.narrowgauge.org/ncmap/jerry/como.html]
[www.narrowgauge.org/images/Excur4_spc_como_button.jpg]
[www.narrowgauge.org/ncmap/jerry/king.html]
[www.narrowgauge.org/images/Excur4_spc_KING_button.jpg]
[www.narrowgauge.org/ncmap/jerry/excursion4_southpark_country.html]
[www.narrowgauge.org/images/stan/graphics/eureka-ctsrr-1.jpg]
[www.narrowgauge.org/images/stan/Tnails/tn_eureka-ctsrr-1.jpg]
[www.narrowgauge.org/images/stan/graphics/eureka-ctsrr-2.jpg]
[www.narrowgauge.org/images/stan/Tnails/tn_eureka-ctsrr-2.jpg]
[www.narrowgauge.org/images/stan/graphics/eureka-ctsrr-3.jpg]
[www.narrowgauge.org/images/stan/Tnails/tn_eureka-ctsrr-3.jpg]
[www.narrowgauge.org/images/stan/graphics/eureka-ctsrr-4.jpg]
[www.narrowgauge.org/images/stan/Tnails/tn_eureka-ctsrr-4.jpg]
[www.narrowgauge.org/images/stan/graphics/eureka-ctsrr-5.jpg]
[www.narrowgauge.org/images/stan/Tnails/tn_eureka-ctsrr-5.jpg]
[www.narrowgauge.org/images/stan/graphics/eureka-ctsrr-6.jpg]
[www.narrowgauge.org/images/stan/Tnails/tn_eureka-ctsrr-6.jpg]
[www.narrowgauge.org/images/stan/graphics/eureka-ctsrr-7.jpg]
[www.narrowgauge.org/images/stan/Tnails/tn_eureka-ctsrr-7.jpg]
[www.narrowgauge.org/images/stan/graphics/eureka-ctsrr-8.jpg]
[www.narrowgauge.org/images/stan/Tnails/tn_eureka-ctsrr-8.jpg]
[www.narrowgauge.org/images/stan/graphics/eureka-ctsrr-9.jpg]
[www.narrowgauge.org/images/stan/Tnails/tn_eureka-ctsrr-9.jpg]
[www.narrowgauge.org/images/stan/graphics/eureka-ctsrr-10.jpg]
[www.narrowgauge.org/images/stan/Tnails/tn_eureka-ctsrr-10.jpg]
[www.narrowgauge.org/images/stan/graphics/eureka-ctsrr-11.jpg]
[www.narrowgauge.org/images/stan/Tnails/tn_eureka-ctsrr-11.jpg]
[www.narrowgauge.org/images/stan/graphics/eureka-ctsrr-12.jpg]
[www.narrowgauge.org/images/stan/Tnails/tn_eureka-ctsrr-12.jpg]
[www.narrowgauge.org/images/stan/graphics/eureka-ctsrr-13.jpg]
[www.narrowgauge.org/images/stan/Tnails/tn_eureka-ctsrr-13.jpg]
[www.narrowgauge.org/images/excur5_return_button.jpg]
[www.narrowgauge.org/ncmap/excur5_eureka_stan.html]
[www.narrowgauge.org/images/tkcok/m00436.jpg]
[www.narrowgauge.org/images/tkcok/tnails/s00436.jpg]
[www.narrowgauge.org/images/garys/ctsrr/CTSRR489-LABATO-9-12-97.jpg]
[www.narrowgauge.org/images/garys/tnails/tn_CTSRR489-LABATO-9-12-97.jpg]
[www.narrowgauge.org/images/garys/ctsrr/CTSRR489-mp337.jpg]
[www.narrowgauge.org/images/garys/tnails/tn_CTSRR489-mp337.jpg]
[www.narrowgauge.org/images/garys/ctsrr/CTSRR489-LABATO-2-9-12-97.jpg]
[www.narrowgauge.org/images/garys/tnails/tn_CTSRR489-LABATO-2-9-12-97.jpg]
[www.narrowgauge.org/images/garys/ctsrr/CTSRR489-CUMBRESPASS-9-12-97.jpg]
[www.narrowgauge.org/images/garys/tnails/tn_CTSRR489-CUMBRESPASS-9-12-97.jpg]
[www.narrowgauge.org/images/garys/ctsrr/CTSRR489-CUMBRESPASS-2-9-12-97.jpg]
[www.narrowgauge.org/images/garys/tnails/tn_CTSRR489-CUMBRESPASS-2-9-12-97.jpg]
[www.narrowgauge.org/images/garys/ctsrr/CTSRR487-CUMBRESPASS.jpg]
[www.narrowgauge.org/images/garys/tnails/tn_CTSRR487-CUMBRESPASS.jpg]
[www.narrowgauge.org/images/mark/triple_head_96_1.jpg]
[www.narrowgauge.org/images/mark/tnails/striple_head_96_1.jpg]
[www.narrowgauge.org/images/mark/triple_head_96_2.jpg]
[www.narrowgauge.org/images/mark/tnails/striple_head_96_2.jpg]
[www.narrowgauge.org/images/mark/triple_head_96_6.jpg]
[www.narrowgauge.org/images/mark/tnails/striple_head_96_6.jpg]
[www.narrowgauge.org/images/mark/triple_head_96_8.jpg]
[www.narrowgauge.org/images/mark/tnails/striple_head_96_8.jpg]
[www.narrowgauge.org/images/jerry/95-5-11_labato.jpg]
[www.narrowgauge.org/images/jerry/tnails/s95-5-11_labato.jpg]
[www.narrowgauge.org/images/jerry/95-5-34_cascade.jpg]
[www.narrowgauge.org/images/jerry/tnails/s95-5-34_cascade.jpg]
[www.narrowgauge.org/images/mark/triple2.jpg]
[www.narrowgauge.org/images/mark/tnails/striple2.jpg]
[www.narrowgauge.org/ncmap/excur5_chama_Cumbres_Pass.html]
[www.narrowgauge.org/images/jerry/95_5_32.jpg]
[www.narrowgauge.org/images/jerry/tnails/s95_5_32.jpg]
[www.narrowgauge.org/images/jerry/j0049.jpg]
[www.narrowgauge.org/images/jerry/tnails/sj0049.jpg]
[www.narrowgauge.org/images/jerry/95_5_98.jpg]
[www.narrowgauge.org/images/jerry/tnails/s95_5_98.jpg]
[www.narrowgauge.org/images/jerry/95_5_97.jpg]
[www.narrowgauge.org/images/jerry/tnails/s95_5_97.jpg]
[www.narrowgauge.org/images/jerry/95_5_96.jpg]
[www.narrowgauge.org/images/jerry/tnails/s95_5_96.jpg]
[www.narrowgauge.org/images/jerry/95_5_94.jpg]
[www.narrowgauge.org/images/jerry/tnails/s95_5_94.jpg]
[www.narrowgauge.org/ncmap/excur5_ctsrr_cumbres_antonito.html]
[www.narrowgauge.org/images/garys/ctsrr/CTSRR488-497.jpg]
[www.narrowgauge.org/images/garys/tnails/tn_CTSRR488-497.jpg]
[www.narrowgauge.org/images/jerry/95_4_56.jpg]
[www.narrowgauge.org/images/jerry/tnails/s95_4_56.jpg]
[www.narrowgauge.org/images/jerry/95_4_27.jpg]
[www.narrowgauge.org/images/jerry/tnails/s95_4_27.jpg]
[www.narrowgauge.org/images/jerry/95-4-52_484_ashpit.jpg]
[www.narrowgauge.org/images/jerry/tnails/s95-4-52_484_ashpit.jpg]
[www.narrowgauge.org/images/jerry/95-4-33_489_chama.jpg]
[www.narrowgauge.org/images/jerry/tnails/s95-4-33_489_chama.jpg]
[www.narrowgauge.org/images/jerry/j0047.jpg]
[www.narrowgauge.org/images/jerry/tnails/sj0047.jpg]
[www.narrowgauge.org/images/jerry/j0048.jpg]
[www.narrowgauge.org/images/jerry/tnails/sj0048.jpg]
[www.narrowgauge.org/images/jerry/j0050.jpg]
[www.narrowgauge.org/images/jerry/tnails/sj0050.jpg]
[www.narrowgauge.org/images/jerry/j0051.jpg]
[www.narrowgauge.org/images/jerry/tnails/sj0051.jpg]
[www.narrowgauge.org/images/jerry/j0052.jpg]
[www.narrowgauge.org/images/jerry/tnails/sj0052.jpg]
[www.narrowgauge.org/images/mark/c&tyds.jpg]
[www.narrowgauge.org/images/mark/tnails/sc&tyds.jpg]
[www.narrowgauge.org/ncmap/excur5_ctsrr_chama_Locomotives.html]
[www.narrowgauge.org/images/garys/ctsrr/CTSRRROTORY.jpg]
[www.narrowgauge.org/images/garys/tnails/tn_CTSRRROTORY.jpg]
[www.narrowgauge.org/images/garys/ctsrr/CTSRR-CHAMA-2-9-11-97.jpg]
[www.narrowgauge.org/images/garys/tnails/tn_CTSRR-CHAMA-2-9-11-97.jpg]
[www.narrowgauge.org/images/garys/ctsrr/CTSRR-CHAMA-9-11-97.jpg]
[www.narrowgauge.org/images/garys/tnails/tn_CTSRR-CHAMA-9-11-97.jpg]
[www.narrowgauge.org/images/garys/ctsrr/CTSRR-CHAMA-9-12-97.jpg]
[www.narrowgauge.org/images/garys/tnails/tn_CTSRR-CHAMA-9-12-97.jpg]
[www.narrowgauge.org/images/jerry/95_4_47.jpg]
[www.narrowgauge.org/images/jerry/tnails/s95_4_47.jpg]
[www.narrowgauge.org/images/jerry/95_4_46.jpg]
[www.narrowgauge.org/images/jerry/tnails/s95_4_46.jpg]
[www.narrowgauge.org/images/jerry/95_4_45.jpg]
[www.narrowgauge.org/images/jerry/tnails/s95_4_45.jpg]
[www.narrowgauge.org/images/jerry/95_4_43.jpg]
[www.narrowgauge.org/images/jerry/tnails/s95_4_43.jpg]
[www.narrowgauge.org/images/jerry/95_4_38.jpg]
[www.narrowgauge.org/images/jerry/tnails/s95_4_38.jpg]
[www.narrowgauge.org/images/jerry/95_4_22.jpg]
[www.narrowgauge.org/images/jerry/tnails/s95_4_22.jpg]
[www.narrowgauge.org/images/jerry/95_4_21.jpg]
[www.narrowgauge.org/images/jerry/tnails/s95_4_21.jpg]
[www.narrowgauge.org/images/mark/triple_head_96_4.jpg]
[www.narrowgauge.org/images/mark/tnails/striple_head_96_4.jpg]
[www.narrowgauge.org/ncmap/excur5_ctsrr_chama_MOW.html]
[www.narrowgauge.org/images/jerry/95_4_58.jpg]
[www.narrowgauge.org/images/jerry/tnails/s95_4_58.jpg]
[www.narrowgauge.org/images/mark/triple_head_96_3.jpg]
[www.narrowgauge.org/images/mark/tnails/striple_head_96_3.jpg]
[www.narrowgauge.org/images/mark/triple_head_96_7.jpg]
[www.narrowgauge.org/images/mark/tnails/striple_head_96_7.jpg]
[www.narrowgauge.org/images/mark/triple_head_96_5.jpg]
[www.narrowgauge.org/images/mark/tnails/striple_head_96_5.jpg]
[www.narrowgauge.org/images/jerry/95-5-67_chama_oilrack6.jpg]
[www.narrowgauge.org/images/jerry/tnails/s95-5-67_chama_oilrack6.jpg]
[www.narrowgauge.org/images/jerry/95-4-13_484_chama.jpg]
[www.narrowgauge.org/images/jerry/tnails/s95-4-13_484_chama.jpg]
[www.narrowgauge.org/images/jerry/j0044.jpg]
[www.narrowgauge.org/images/jerry/tnails/sj0044.jpg]
[www.narrowgauge.org/ncmap/excur5_ctsrr_chama_structures.html]
[www.narrowgauge.org/ngc/graphics/excursion6/excursion6-return-button.jpg]
[www.narrowgauge.org/ngc/html/excursion6/excursion6-croffut.html]
[www.narrowgauge.org/images/jerry/94-1-1_clear_creek.jpg]
[www.narrowgauge.org/images/jerry/tnails/s94-1-1_clear_creek.jpg]
[www.narrowgauge.org/images/jerry/94-1-14_c&s_combine20_at_central_city.jpg]
[www.narrowgauge.org/images/jerry/tnails/s94-1-14_c&s_combine20_at_central_city.jpg]
[www.narrowgauge.org/images/jerry/94-1-16_c&s_combine20_at_central_city.jpg]
[www.narrowgauge.org/images/jerry/tnails/s94-1-16_c&s_combine20_at_central_city.jpg]
[www.narrowgauge.org/images/jerry/94-1-26_colorado_central_retainingwall.jpg]
[www.narrowgauge.org/images/jerry/tnails/s94-1-26_colorado_central_retainingwall.jpg]
[www.narrowgauge.org/images/jerry/94-2-16_c&s71_at_central_city.jpg]
[www.narrowgauge.org/images/jerry/tnails/s94-2-16_c&s71_at_central_city.jpg]
[www.narrowgauge.org/images/jerry/169_001.jpg]
[www.narrowgauge.org/images/jerry/tnails/s169_001.jpg]
[www.narrowgauge.org/images/jerry/169_003.jpg]
[www.narrowgauge.org/images/jerry/tnails/s169_003.jpg]
[www.narrowgauge.org/images/jerry/145_28.jpg]
[www.narrowgauge.org/images/jerry/tnails/s_145_28.jpg]
[www.narrowgauge.org/images/jerry/145_35.jpg]
[www.narrowgauge.org/images/jerry/tnails/s_145_35.jpg]
[www.narrowgauge.org/images/jerry/145_36.jpg]
[www.narrowgauge.org/images/jerry/tnails/s_145_36.jpg]
[www.narrowgauge.org/images/jerry/95-10-86_argo_mill.jpg]
[www.narrowgauge.org/images/jerry/tnails/s95-10-86_argo_mill.jpg]
[www.narrowgauge.org/images/jerry/95-10-92_hukill_mine.jpg]
[www.narrowgauge.org/images/jerry/tnails/s95-10-92_hukill_mine.jpg]
[www.narrowgauge.org/images/jerry/95-10-82_alpine_hose.jpg]
[www.narrowgauge.org/images/jerry/tnails/s95-10-82_alpine_hose.jpg]
[www.narrowgauge.org/images/jerry/95-11-5_georgetown_loop.jpg]
[www.narrowgauge.org/images/jerry/tnails/s95-11-5_georgetown_loop.jpg]
[www.narrowgauge.org/images/jerry/95-11-12_georgetown_loop.jpg]
[www.narrowgauge.org/images/jerry/tnails/s95-11-12_georgetown_loop.jpg]
[www.narrowgauge.org/images/jerry/95-11-30_ccrr_retaining_wall.jpg]
[www.narrowgauge.org/images/jerry/tnails/s95-11-30_ccrr_retaining_wall.jpg]
[www.narrowgauge.org/images/jerry/95-11-37_glrr.jpg]
[www.narrowgauge.org/images/jerry/tnails/s95-11-37_glrr.jpg]
[www.narrowgauge.org/images/jerry/183_007.jpg]
[www.narrowgauge.org/images/jerry/tnails/s183_007.jpg]
[www.narrowgauge.org/images/jerry/225_09.jpg]
[www.narrowgauge.org/images/jerry/tnails/s_225_09.jpg]
[www.narrowgauge.org/images/jerry/225_11.jpg]
[www.narrowgauge.org/images/jerry/tnails/s_225_11.jpg]
[www.narrowgauge.org/images/jerry/95-11-94_cs_1009.jpg]
[www.narrowgauge.org/images/jerry/tnails/s95-11-94_cs_1009.jpg]
[www.narrowgauge.org/ngc/html/excursion6/excursion6-clear-creek-country.html]
[www.narrowgauge.org/images/tkcok/m00346.jpg]
[www.narrowgauge.org/images/tkcok/tnails/s00346.jpg]
[www.narrowgauge.org/images/tkcok/m00391.jpg]
[www.narrowgauge.org/images/tkcok/tnails/s00391.jpg]
[www.narrowgauge.org/images/tkcok/m00371.jpg]
[www.narrowgauge.org/images/tkcok/tnails/s00371.jpg]
[www.narrowgauge.org/images/tkcok/m00368.jpg]
[www.narrowgauge.org/images/tkcok/tnails/s00368.jpg]
[www.narrowgauge.org/images/tkcok/m00373.jpg]
[www.narrowgauge.org/images/tkcok/tnails/s00373.jpg]
[www.narrowgauge.org/images/tkcok/m00320.jpg]
[www.narrowgauge.org/images/tkcok/tnails/s00320.jpg]
[www.narrowgauge.org/images/tkcok/m00403.jpg]
[www.narrowgauge.org/images/tkcok/tnails/s00403.jpg]
[www.narrowgauge.org/images/tkcok/m00411.jpg]
[www.narrowgauge.org/images/tkcok/tnails/s00411.jpg]
[www.narrowgauge.org/images/tkcok/m00106.jpg]
[www.narrowgauge.org/images/tkcok/tnails/s00106.jpg]
[www.narrowgauge.org/images/tkcok/m00276.jpg]
[www.narrowgauge.org/images/tkcok/tnails/s00276.jpg]
[www.narrowgauge.org/maps/leadvillle_map.jpg]
[www.narrowgauge.org/images/tkcok/m00374.jpg]
[www.narrowgauge.org/images/tkcok/tnails/s00374.jpg]
[www.narrowgauge.org/images/tkcok/m00379.jpg]
[www.narrowgauge.org/images/tkcok/tnails/s00379.jpg]
[www.narrowgauge.org/images/tkcok/m00409.jpg]
[www.narrowgauge.org/images/tkcok/tnails/s00409.jpg]
[www.narrowgauge.org/images/tkcok/m00366.jpg]
[www.narrowgauge.org/images/tkcok/tnails/s00366.jpg]
[www.narrowgauge.org/images/tkcok/m00357.jpg]
[www.narrowgauge.org/images/tkcok/tnails/s00357.jpg]
[www.narrowgauge.org/images/tkcok/m00279.jpg]
[www.narrowgauge.org/images/tkcok/tnails/s00279.jpg]
[www.narrowgauge.org/images/tkcok/m00295.jpg]
[www.narrowgauge.org/images/tkcok/tnails/s00295.jpg]
[www.narrowgauge.org/images/tkcok/m00284.jpg]
[www.narrowgauge.org/images/tkcok/tnails/s00284.jpg]
[www.narrowgauge.org/images/tkcok/m00281.jpg]
[www.narrowgauge.org/images/tkcok/tnails/s00281.jpg]
[www.narrowgauge.org/images/tkcok/m00359.jpg]
[www.narrowgauge.org/images/tkcok/tnails/s00359.jpg]
[www.narrowgauge.org/images/tkcok/m00410.jpg]
[www.narrowgauge.org/images/tkcok/tnails/s00410.jpg]
[www.narrowgauge.org/images/tkcok/m00343.jpg]
[www.narrowgauge.org/images/tkcok/tnails/s00343.jpg]
[www.narrowgauge.org/images/tkcok/m00358.jpg]
[www.narrowgauge.org/images/tkcok/tnails/s00358.jpg]
[www.narrowgauge.org/images/tkcok/m00329.jpg]
[www.narrowgauge.org/images/tkcok/tnails/s00329.jpg]
[www.narrowgauge.org/images/tkcok/m00313.jpg]
[www.narrowgauge.org/images/tkcok/tnails/s00313.jpg]
[www.narrowgauge.org/images/tkcok/m00292.jpg]
[www.narrowgauge.org/images/tkcok/tnails/s00292.jpg]
[www.narrowgauge.org/images/tkcok/m00278.jpg]
[www.narrowgauge.org/images/tkcok/tnails/s00278.jpg]
[www.narrowgauge.org/images/tkcok/m00412.jpg]
[www.narrowgauge.org/images/tkcok/tnails/s00412.jpg]
[www.narrowgauge.org/images/tkcok/m00413.jpg]
[www.narrowgauge.org/images/tkcok/tnails/s00413.jpg]
[www.narrowgauge.org/images/tkcok/m00280.jpg]
[www.narrowgauge.org/images/tkcok/tnails/s00280.jpg]
[www.narrowgauge.org/images/tkcok/m00434.jpg]
[www.narrowgauge.org/images/tkcok/tnails/s00434.jpg]
[www.narrowgauge.org/ngc/graphics/tkierscey/dspp/dspp0018.jpg]
[www.narrowgauge.org/ngc/graphics/tkierscey/dspp/tn-dspp0018.jpg]
[www.narrowgauge.org/ngc/graphics/tkierscey/dspp/dspp0021.jpg]
[www.narrowgauge.org/ngc/graphics/tkierscey/dspp/tn-dspp0021.jpg]
[www.narrowgauge.org/ngc/graphics/tkierscey/dspp/dspp0019.jpg]
[www.narrowgauge.org/ngc/graphics/tkierscey/dspp/tn-dspp0019.jpg]
[www.narrowgauge.org/ngc/graphics/tkierscey/dspp/dspp0020.jpg]
[www.narrowgauge.org/ngc/graphics/tkierscey/dspp/tn-dspp0020.jpg]
[www.narrowgauge.org/ngc/graphics/tkierscey/dspp/dspp0029.jpg]
[www.narrowgauge.org/ngc/graphics/tkierscey/dspp/tn-dspp0029.jpg]
[www.narrowgauge.org/images/tkcok/m00462.jpg]
[www.narrowgauge.org/images/tkcok/tnails/s00462.jpg]
[www.narrowgauge.org/images/tkcok/m00461.jpg]
[www.narrowgauge.org/images/tkcok/tnails/s00461.jpg]
[www.narrowgauge.org/images/Excursion7_return_button.jpg]
[www.narrowgauge.org/ncmap/excursion7_leadville.html]
[www.narrowgauge.org/images/tkcok/m00296.jpg]
[www.narrowgauge.org/images/tkcok/tnails/s00296.jpg]
[www.narrowgauge.org/images/tkcok/m00120.jpg]
[www.narrowgauge.org/images/tkcok/tnails/s00120.jpg]
[www.narrowgauge.org/images/tkcok/m0001.jpg]
[www.narrowgauge.org/images/tkcok/tnails/s0001.jpg]
[www.narrowgauge.org/images/tkcok/m0018.jpg]
[www.narrowgauge.org/images/tkcok/tnails/s0018.jpg]
[www.narrowgauge.org/images/tkcok/m0025.jpg]
[www.narrowgauge.org/images/tkcok/tnails/s0025.jpg]
[www.narrowgauge.org/images/tkcok/m0035.jpg]
[www.narrowgauge.org/images/tkcok/tnails/s0035.jpg]
[www.narrowgauge.org/images/tkcok/m0036.jpg]
[www.narrowgauge.org/images/tkcok/tnails/s0036.jpg]
[www.narrowgauge.org/images/tkcok/m00163.jpg]
[www.narrowgauge.org/images/tkcok/tnails/s00163.jpg]
[www.narrowgauge.org/ncmap/excursion7_montrose.html]
[www.narrowgauge.org/images/tkcok/m00426.jpg]
[www.narrowgauge.org/images/tkcok/tnails/s00426.jpg]
[www.narrowgauge.org/images/tkcok/m00353.jpg]
[www.narrowgauge.org/images/tkcok/tnails/s00353.jpg]
[www.narrowgauge.org/images/tkcok/m00339.jpg]
[www.narrowgauge.org/images/tkcok/tnails/s00339.jpg]
[www.narrowgauge.org/images/tkcok/m00322.jpg]
[www.narrowgauge.org/images/tkcok/tnails/s00322.jpg]
[www.narrowgauge.org/images/tkcok/m00321.jpg]
[www.narrowgauge.org/images/tkcok/tnails/s00321.jpg]
[www.narrowgauge.org/images/tkcok/m0002.jpg]
[www.narrowgauge.org/images/tkcok/tnails/s0002.jpg]
[www.narrowgauge.org/images/tkcok/m00165.jpg]
[www.narrowgauge.org/images/tkcok/tnails/s00165.jpg]
[www.narrowgauge.org/images/tkcok/m00123.jpg]
[www.narrowgauge.org/images/tkcok/tnails/s00123.jpg]
[www.narrowgauge.org/images/tkcok/m00136.jpg]
[www.narrowgauge.org/images/tkcok/tnails/s00136.jpg]
[www.narrowgauge.org/images/tkcok/m00107.jpg]
[www.narrowgauge.org/images/tkcok/tnails/s00107.jpg]
[www.narrowgauge.org/images/jerry/jerry_salida_1.jpg]
[www.narrowgauge.org/images/jerry/tnails/sjerry_salida_1.jpg]
[www.narrowgauge.org/images/jerry/jerry_salida_2.jpg]
[www.narrowgauge.org/images/jerry/tnails/sjerry_salida_2.jpg]
[www.narrowgauge.org/images/jerry/jerry_salida_3.jpg]
[www.narrowgauge.org/images/jerry/tnails/sjerry_salida_3.jpg]
[www.narrowgauge.org/images/jerry/jerry_salida_4.jpg]
[www.narrowgauge.org/images/jerry/tnails/sjerry_salida_4.jpg]
[www.narrowgauge.org/images/jerry/jerry_salida_5.jpg]
[www.narrowgauge.org/images/jerry/tnails/sjerry_salida_5.jpg]
[www.narrowgauge.org/images/jerry/jerry_salida_6.jpg]
[www.narrowgauge.org/images/jerry/tnails/sjerry_salida_6.jpg]
[www.narrowgauge.org/ncmap/excursion7_salida.html]
[www.narrowgauge.org/images/tkcok/m00454.jpg]
[www.narrowgauge.org/images/tkcok/tnails/s00454.jpg]
[www.narrowgauge.org/images/tkcok/m00416.jpg]
[www.narrowgauge.org/images/tkcok/tnails/s00416.jpg]
[www.narrowgauge.org/images/tkcok/m00318.jpg]
[www.narrowgauge.org/images/tkcok/tnails/s00318.jpg]
[www.narrowgauge.org/ncmap/excursion7_royal_gorge.html]
[www.narrowgauge.org/images/tkcok/m00355.jpg]
[www.narrowgauge.org/images/tkcok/tnails/s00355.jpg]
[www.narrowgauge.org/images/tkcok/m00341.jpg]
[www.narrowgauge.org/images/tkcok/tnails/s00341.jpg]
[www.narrowgauge.org/images/tkcok/m00331.jpg]
[www.narrowgauge.org/images/tkcok/tnails/s00331.jpg]
[www.narrowgauge.org/images/tkcok/m00258.jpg]
[www.narrowgauge.org/images/tkcok/tnails/s00258.jpg]
[www.narrowgauge.org/images/tkcok/m00215.jpg]
[www.narrowgauge.org/images/tkcok/tnails/s00215.jpg]
[www.narrowgauge.org/images/tkcok/m00199.jpg]
[www.narrowgauge.org/images/tkcok/tnails/s00199.jpg]
[www.narrowgauge.org/images/tkcok/m00198.jpg]
[www.narrowgauge.org/images/tkcok/tnails/s00198.jpg]
[www.narrowgauge.org/images/tkcok/m00193.jpg]
[www.narrowgauge.org/images/tkcok/tnails/s00193.jpg]
[www.narrowgauge.org/ncmap/excursion7_muleshoe.html]
[www.narrowgauge.org/images/tkcok/m00431.jpg]
[www.narrowgauge.org/images/tkcok/tnails/s00431.jpg]
[www.narrowgauge.org/images/tkcok/m00335.jpg]
[www.narrowgauge.org/images/tkcok/tnails/s00335.jpg]
[www.narrowgauge.org/images/tkcok/m00298.jpg]
[www.narrowgauge.org/images/tkcok/tnails/s00298.jpg]
[www.narrowgauge.org/images/tkcok/m00297.jpg]
[www.narrowgauge.org/images/tkcok/tnails/s00297.jpg]
[www.narrowgauge.org/images/tkcok/m00214.jpg]
[www.narrowgauge.org/images/tkcok/tnails/s00214.jpg]
[www.narrowgauge.org/images/tkcok/m00164.jpg]
[www.narrowgauge.org/images/tkcok/tnails/s00164.jpg]
[www.narrowgauge.org/images/tkcok/m00149.jpg]
[www.narrowgauge.org/images/tkcok/tnails/s00149.jpg]
[www.narrowgauge.org/images/tkcok/m00148.jpg]
[www.narrowgauge.org/images/tkcok/tnails/s00148.jpg]
[www.narrowgauge.org/images/tkcok/m00126.jpg]
[www.narrowgauge.org/images/tkcok/tnails/s00126.jpg]
[www.narrowgauge.org/images/tkcok/m00122.jpg]
[www.narrowgauge.org/images/tkcok/tnails/s00122.jpg]
[www.narrowgauge.org/ncmap/excursion7_marshall_pass.html]
[www.narrowgauge.org/images/tkcok/m00437.jpg]
[www.narrowgauge.org/images/tkcok/tnails/s00437.jpg]
[www.narrowgauge.org/images/tkcok/m00408.jpg]
[www.narrowgauge.org/images/tkcok/tnails/s00408.jpg]
[www.narrowgauge.org/images/tkcok/m00407.jpg]
[www.narrowgauge.org/images/tkcok/tnails/s00407.jpg]
[www.narrowgauge.org/images/tkcok/m00319.jpg]
[www.narrowgauge.org/images/tkcok/tnails/s00319.jpg]
[www.narrowgauge.org/images/tkcok/m00121.jpg]
[www.narrowgauge.org/images/tkcok/tnails/s00121.jpg]
[www.narrowgauge.org/images/tkcok/m00157.jpg]
[www.narrowgauge.org/images/tkcok/tnails/s00157.jpg]
[www.narrowgauge.org/ncmap/excursion7_laveta_pass.html]
[www.narrowgauge.org/images/tkcok/m00428.jpg]
[www.narrowgauge.org/images/tkcok/tnails/s00428.jpg]
[www.narrowgauge.org/images/tkcok/m00405.jpg]
[www.narrowgauge.org/images/tkcok/tnails/s00405.jpg]
[www.narrowgauge.org/images/tkcok/m00354.jpg]
[www.narrowgauge.org/images/tkcok/tnails/s00354.jpg]
[www.narrowgauge.org/images/tkcok/m00184.jpg]
[www.narrowgauge.org/images/tkcok/tnails/s00184.jpg]
[www.narrowgauge.org/images/tkcok/m00156.jpg]
[www.narrowgauge.org/images/tkcok/tnails/s00156.jpg]
[www.narrowgauge.org/images/tkcok/m00140.jpg]
[www.narrowgauge.org/images/tkcok/tnails/s00140.jpg]
[www.narrowgauge.org/images/tkcok/m0069.jpg]
[www.narrowgauge.org/images/tkcok/tnails/s0069.jpg]
[www.narrowgauge.org/images/tkcok/m0027.jpg]
[www.narrowgauge.org/images/tkcok/tnails/s0027.jpg]
[www.narrowgauge.org/ncmap/excursion7_black_canyon.html]
[www.narrowgauge.org/images/tkcok/m00464.jpg]
[www.narrowgauge.org/images/tkcok/tnails/s00464.jpg]
[www.narrowgauge.org/images/tkcok/m00463.jpg]
[www.narrowgauge.org/images/tkcok/tnails/s00463.jpg]
[www.narrowgauge.org/images/tkcok/m00356.jpg]
[www.narrowgauge.org/images/tkcok/tnails/s00356.jpg]
[www.narrowgauge.org/images/tkcok/m0003.jpg]
[www.narrowgauge.org/images/tkcok/tnails/s0003.jpg]
[www.narrowgauge.org/images/tkcok/m0031.jpg]
[www.narrowgauge.org/images/tkcok/tnails/s0031.jpg]
[www.narrowgauge.org/images/tkcok/m0068.jpg]
[www.narrowgauge.org/images/tkcok/tnails/s0068.jpg]
[www.narrowgauge.org/ncmap/excursion7_silver_cliff.html]
[www.narrowgauge.org/images/tkcok/m00372.jpg]
[www.narrowgauge.org/images/tkcok/tnails/s00372.jpg]
[www.narrowgauge.org/images/tkcok/m00210.jpg]
[www.narrowgauge.org/images/tkcok/tnails/s00210.jpg]
[www.narrowgauge.org/ncmap/excursion7_colorado_springs.html]
[www.narrowgauge.org/images/tkcok/m0055.jpg]
[www.narrowgauge.org/images/tkcok/tnails/s0055.jpg]
[www.narrowgauge.org/images/tkcok/m0056.f1c.delayed]
[www.narrowgauge.org/images/tkcok/tnails/s0056.jpg]
[www.narrowgauge.org/images/tkcok/m0058.f1e.delayed]
[www.narrowgauge.org/images/tkcok/tnails/s0058.jpg]
[www.narrowgauge.org/images/tkcok/m0059.jpg]
[www.narrowgauge.org/images/tkcok/tnails/s0059.jpg]
[www.narrowgauge.org/images/tkcok/m0060.jpg]
[www.narrowgauge.org/images/tkcok/tnails/s0060.jpg]
[www.narrowgauge.org/images/tkcok/m0061.jpg]
[www.narrowgauge.org/images/tkcok/tnails/s0061.jpg]
[www.narrowgauge.org/images/tkcok/m0062.jpg]
[www.narrowgauge.org/images/tkcok/tnails/s0062.jpg]
[www.narrowgauge.org/images/tkcok/m0063.jpg]
[www.narrowgauge.org/images/tkcok/tnails/s0063.jpg]
[www.narrowgauge.org/ncmap/excursion7_silverton_branch.html]
[www.narrowgauge.org/images/tkcok/m00453.jpg]
[www.narrowgauge.org/images/tkcok/tnails/s00453.jpg]
[www.narrowgauge.org/images/tkcok/m00265.jpg]
[www.narrowgauge.org/images/tkcok/tnails/s00265.jpg]
[www.narrowgauge.org/images/tkcok/m00259.jpg]
[www.narrowgauge.org/images/tkcok/tnails/s00259.jpg]
[www.narrowgauge.org/images/tkcok/m00185.jpg]
[www.narrowgauge.org/images/tkcok/tnails/s00185.jpg]
[www.narrowgauge.org/images/tkcok/m0005.jpg]
[www.narrowgauge.org/images/tkcok/tnails/s0005.jpg]
[www.narrowgauge.org/images/tkcok/m0019.jpg]
[www.narrowgauge.org/images/tkcok/tnails/s0019.jpg]
[www.narrowgauge.org/images/tkcok/m0026.jpg]
[www.narrowgauge.org/images/tkcok/tnails/s0026.jpg]
[www.narrowgauge.org/ncmap/excursion7_chama_durango.html]
[www.narrowgauge.org/images/Ouray_banner.jpg]
[www.narrowgauge.org/maps/ouray_map.jpg]
[www.narrowgauge.org/ncmap/excursion7_ouray_history.html]
[www.narrowgauge.org/images/Ouray_History_start_button.jpg]
[www.narrowgauge.org/ncmap/excursion7_ouray_tkc.html]
[www.narrowgauge.org/images/Ouray_TKC_start_button.jpg]
[www.narrowgauge.org/images/Ouray_mevans_start_button.jpg]
[www.narrowgauge.org/ncmap/excursion7_ouray_photo_gallery.html]
[www.narrowgauge.org/images/Ouray_Photo_Gallery_start_button.jpg]
[www.narrowgauge.org/ncmap/excursion7_ouray.html]
[www.narrowgauge.org/images/jerry/95-3-36_ore_tipple_creede.jpg]
[www.narrowgauge.org/images/jerry/tnails/s95-3-36_ore_tipple_creede.jpg]
[www.narrowgauge.org/images/jerry/95-3-38_street_creede.jpg]
[www.narrowgauge.org/images/jerry/tnails/s95-3-38_street_creede.jpg]
[www.narrowgauge.org/images/jerry/95-3-39_creede_street.jpg]
[www.narrowgauge.org/images/jerry/tnails/s95-3-39_creede_street.jpg]
[www.narrowgauge.org/images/jerry/95-3-43_humphrey_mill.jpg]
[www.narrowgauge.org/images/jerry/tnails/s95-3-43_humphrey_mill.jpg]
[www.narrowgauge.org/images/jerry/95-3-52_Ore_tipple_and_mines.jpg]
[www.narrowgauge.org/images/jerry/tnails/s95-3-52_Ore_tipple_and_mines.jpg]
[www.narrowgauge.org/images/jerry/95-3-55_ore_tipple.jpg]
[www.narrowgauge.org/images/jerry/tnails/s95-3-55_ore_tipple.jpg]
[www.narrowgauge.org/images/jerry/95-3-61_ore_tipple.jpg]
[www.narrowgauge.org/images/jerry/tnails/s95-3-61_ore_tipple.jpg]
[www.narrowgauge.org/images/jerry/95-3-66_mines_creede.jpg]
[www.narrowgauge.org/images/jerry/tnails/s95-3-66_mines_creede.jpg]
[www.narrowgauge.org/images/jerry/95-3-45_humphrey_mill.jpg]
[www.narrowgauge.org/images/jerry/tnails/s95-3-45_humphrey_mill.jpg]
[www.narrowgauge.org/ncmap/excursion7_creede.html]
[www.narrowgauge.org/images/tkcok/m00415.jpg]
[www.narrowgauge.org/images/tkcok/tnails/s00415.jpg]
[www.narrowgauge.org/images/tkcok/m0004.jpg]
[www.narrowgauge.org/images/tkcok/tnails/s0004.jpg]
[www.narrowgauge.org/images/jerry/95-3-1_hinsdale_court.jpg]
[www.narrowgauge.org/images/jerry/tnails/s95-3-1_hinsdale_court.jpg]
[www.narrowgauge.org/images/jerry/95-3-4_Lake_city_business.jpg]
[www.narrowgauge.org/images/jerry/tnails/s95-3-4_Lake_city_business.jpg]
[www.narrowgauge.org/images/jerry/95-3-7_hinsdale_museum.jpg]
[www.narrowgauge.org/images/jerry/tnails/s95-3-7_hinsdale_museum.jpg]
[www.narrowgauge.org/images/jerry/95-3-1_lake_fork_gunnison.jpg]
[www.narrowgauge.org/images/jerry/tnails/s95-3-1_lake_fork_gunnison.jpg]
[www.narrowgauge.org/images/jerry/95-3-5_1st_nationalbank_lake_city.jpg]
[www.narrowgauge.org/images/jerry/tnails/s95-3-5_1st_nationalbank_lake_city.jpg]
[www.narrowgauge.org/images/jerry/95-3-13_mammys_rest.jpg]
[www.narrowgauge.org/images/jerry/tnails/s95-3-13_mammys_rest.jpg]
[www.narrowgauge.org/ncmap/excursion7_lake_city.html]
[www.narrowgauge.org/images/jerry/225_31.jpg]
[www.narrowgauge.org/images/jerry/tnails/s_225_31.jpg]
[www.narrowgauge.org/images/jerry/225_33.jpg]
[www.narrowgauge.org/images/jerry/tnails/s_225_33.jpg]
[www.narrowgauge.org/images/jerry/225_36.jpg]
[www.narrowgauge.org/images/jerry/tnails/s_225_36.jpg]
[www.narrowgauge.org/images/jerry/225_29.jpg]
[www.narrowgauge.org/images/jerry/tnails/s_225_29.jpg]
[www.narrowgauge.org/images/jerry/225_24.jpg]
[www.narrowgauge.org/images/jerry/tnails/s_225_24.jpg]
[www.narrowgauge.org/images/jerry/146_20.jpg]
[www.narrowgauge.org/images/jerry/tnails/s_146_20.jpg]
[www.narrowgauge.org/images/jerry/146_09.jpg]
[www.narrowgauge.org/images/jerry/tnails/s_146_09.jpg]
[www.narrowgauge.org/images/jerry/146_07.jpg]
[www.narrowgauge.org/images/jerry/tnails/s_146_07.jpg]
[www.narrowgauge.org/images/jerry/146_01.jpg]
[www.narrowgauge.org/images/jerry/tnails/s_146_01.jpg]
[www.narrowgauge.org/ncmap/excursion7_cimarron.html]
[www.narrowgauge.org/images/tkcok/m00452.jpg]
[www.narrowgauge.org/images/tkcok/tnails/s00452.jpg]
[www.narrowgauge.org/images/tkcok/m00404.jpg]
[www.narrowgauge.org/images/tkcok/tnails/s00404.jpg]
[www.narrowgauge.org/images/tkcok/m00316.jpg]
[www.narrowgauge.org/images/tkcok/tnails/s00316.jpg]
[www.narrowgauge.org/images/tkcok/m00141.jpg]
[www.narrowgauge.org/images/tkcok/tnails/s00141.jpg]
[www.narrowgauge.org/images/tkcok/m0020.jpg]
[www.narrowgauge.org/images/tkcok/tnails/s0020.jpg]
[www.narrowgauge.org/images/tkcok/m00465.jpg]
[www.narrowgauge.org/images/tkcok/tnails/s00465.jpg]
[www.narrowgauge.org/ncmap/excursion7_other.html]
[www.narrowgauge.org/ngc/graphics/whatsnew/nnewedge.html]
[www.narrowgauge.org/sn3/css/main.css]
[www.narrowgauge.org/sn3/index-2.html]
[www.narrowgauge.org/sn3/html/layout-montrose.html]
[www.narrowgauge.org/sn3/images/home/montrose.png]
[www.narrowgauge.org/sn3/html/layout-ridgway.html]
[www.narrowgauge.org/sn3/images/home/ridgway.png]
[www.narrowgauge.org/sn3/html/layout-ouray.html]
[www.narrowgauge.org/sn3/images/home/ouray.png]
[www.narrowgauge.org/sn3/html/layout-placerville.html]
[www.narrowgauge.org/sn3/images/home/placerville.png]
[www.narrowgauge.org/sn3/html/layout-vance.html]
[www.narrowgauge.org/sn3/images/home/vance.png]
[www.narrowgauge.org/sn3/html/layout-telluride.html]
[www.narrowgauge.org/sn3/images/home/telluride.png]
[www.narrowgauge.org/sn3/images/layout/upper-2D.jpg]
[www.narrowgauge.org/sn3/images/layout/tn-upper-2D.jpg]
[www.narrowgauge.org/sn3/images/layout/lower-2D.jpg]
[www.narrowgauge.org/sn3/images/layout/tn-lower-2D.jpg]
[www.narrowgauge.org/sn3/html/layout.html]
[www.narrowgauge.org/sn3/images/loco/rgs-461.png]
[www.narrowgauge.org/sn3/html/loco.html]
[www.narrowgauge.org/sn3/images/rstock/boxcar.png]
[www.narrowgauge.org/sn3/html/rstock.html]
[www.narrowgauge.org/sn3/images/struc/browns.png]
[www.narrowgauge.org/sn3/html/struc.html]
[www.narrowgauge.org/sn3/images/scene/ouray.png]
[www.narrowgauge.org/sn3/html/scene.html]
[www.narrowgauge.org/alpine-tunnel/images/automap.jpg]
[www.narrowgauge.org/alpine-tunnel/images/midway_tank.jpg]
[www.narrowgauge.org/alpine-tunnel/images/boarding_house.jpg]
[www.narrowgauge.org/alpine-tunnel/images/interior_tunnel.jpg]
[www.narrowgauge.org/alpine-tunnel/images/return_button.jpg]
[www.narrowgauge.org/alpine-tunnel/html/auto_tour.html]
[www.narrowgauge.org/alpine-tunnel/html/chronology.html]
[www.narrowgauge.org/alpine-tunnel/images/ATHD-1.jpg]
[www.narrowgauge.org/alpine-tunnel/images/tnails/tn_ATHD-1.jpg]
[www.narrowgauge.org/alpine-tunnel/images/ATHD-2.jpg]
[www.narrowgauge.org/alpine-tunnel/images/tnails/tn_ATHD-2.jpg]
[www.narrowgauge.org/alpine-tunnel/images/ATHD-3.jpg]
[www.narrowgauge.org/alpine-tunnel/images/tnails/tn_ATHD-3.jpg]
[www.narrowgauge.org/alpine-tunnel/images/ATHD-4.jpg]
[www.narrowgauge.org/alpine-tunnel/images/tnails/tn_ATHD-4.jpg]
[www.narrowgauge.org/alpine-tunnel/images/ATHD-5.jpg]
[www.narrowgauge.org/alpine-tunnel/images/tnails/tn_ATHD-5.jpg]
[www.narrowgauge.org/alpine-tunnel/images/ATHD-6.jpg]
[www.narrowgauge.org/alpine-tunnel/images/tnails/tn_ATHD-6.jpg]
[www.narrowgauge.org/alpine-tunnel/images/ATHD-7.jpg]
[www.narrowgauge.org/alpine-tunnel/images/tnails/tn_ATHD-7.jpg]
[www.narrowgauge.org/alpine-tunnel/images/ATHD-8.jpg]
[www.narrowgauge.org/alpine-tunnel/images/tnails/tn_ATHD-8.jpg]
[www.narrowgauge.org/alpine-tunnel/images/ATHD-9.jpg]
[www.narrowgauge.org/alpine-tunnel/images/tnails/tn_ATHD-9.jpg]
[www.narrowgauge.org/alpine-tunnel/images/ATHD-10.jpg]
[www.narrowgauge.org/alpine-tunnel/images/tnails/tn_ATHD-10.jpg]
[www.narrowgauge.org/alpine-tunnel/images/ATHD-11.jpg]
[www.narrowgauge.org/alpine-tunnel/images/tnails/tn_ATHD-11.jpg]
[www.narrowgauge.org/alpine-tunnel/images/ATHD-12.jpg]
[www.narrowgauge.org/alpine-tunnel/images/tnails/tn_ATHD-12.jpg]
[www.narrowgauge.org/alpine-tunnel/images/ATHD-13.jpg]
[www.narrowgauge.org/alpine-tunnel/images/tnails/tn_ATHD-13.jpg]
[www.narrowgauge.org/alpine-tunnel/images/ATHD-14.jpg]
[www.narrowgauge.org/alpine-tunnel/images/tnails/tn_ATHD-14.jpg]
[www.narrowgauge.org/alpine-tunnel/images/ATHD-15.jpg]
[www.narrowgauge.org/alpine-tunnel/images/tnails/tn_ATHD-15.jpg]
[www.narrowgauge.org/alpine-tunnel/images/ATHD-16.jpg]
[www.narrowgauge.org/alpine-tunnel/images/tnails/tn_ATHD-16.jpg]
[www.narrowgauge.org/alpine-tunnel/images/ATHD-17.jpg]
[www.narrowgauge.org/alpine-tunnel/images/tnails/tn_ATHD-17.jpg]
[www.narrowgauge.org/alpine-tunnel/images/ATHD-18.jpg]
[www.narrowgauge.org/alpine-tunnel/images/tnails/tn_ATHD-18.jpg]
[www.narrowgauge.org/alpine-tunnel/images/ATHD-19.jpg]
[www.narrowgauge.org/alpine-tunnel/images/tnails/tn_ATHD-19.jpg]
[www.narrowgauge.org/alpine-tunnel/images/ATHD-20.jpg]
[www.narrowgauge.org/alpine-tunnel/images/tnails/tn_ATHD-20.jpg]
[www.narrowgauge.org/alpine-tunnel/images/ATHD-21.jpg]
[www.narrowgauge.org/alpine-tunnel/images/tnails/tn_ATHD-21.jpg]
[www.narrowgauge.org/alpine-tunnel/images/ATHD-22.jpg]
[www.narrowgauge.org/alpine-tunnel/images/tnails/tn_ATHD-22.jpg]
[www.narrowgauge.org/alpine-tunnel/images/ATHD-24.jpg]
[www.narrowgauge.org/alpine-tunnel/images/tnails/tn_ATHD-24.jpg]
[www.narrowgauge.org/alpine-tunnel/images/ATHD-25.jpg]
[www.narrowgauge.org/alpine-tunnel/images/tnails/tn_ATHD-25.jpg]
[www.narrowgauge.org/alpine-tunnel/images/001_003.jpg]
[www.narrowgauge.org/alpine-tunnel/images/tnails/s_001_003.jpg]
[www.narrowgauge.org/alpine-tunnel/images/184_022.jpg]
[www.narrowgauge.org/alpine-tunnel/images/tnails/s_184_022.jpg]
[www.narrowgauge.org/alpine-tunnel/images/001_011.jpg]
[www.narrowgauge.org/alpine-tunnel/images/tnails/s_001_011.jpg]
[www.narrowgauge.org/alpine-tunnel/images/001_016.jpg]
[www.narrowgauge.org/alpine-tunnel/images/tnails/s_001_016.jpg]
[www.narrowgauge.org/alpine-tunnel/images/001_017.jpg]
[www.narrowgauge.org/alpine-tunnel/images/tnails/s_001_017.jpg]
[www.narrowgauge.org/alpine-tunnel/images/001_007.jpg]
[www.narrowgauge.org/alpine-tunnel/images/tnails/s_001_007.jpg]
[www.narrowgauge.org/alpine-tunnel/images/184_024.jpg]
[www.narrowgauge.org/alpine-tunnel/images/tnails/s_184_024.jpg]
[www.narrowgauge.org/alpine-tunnel/images/184_025.jpg]
[www.narrowgauge.org/alpine-tunnel/images/tnails/s_184_025.jpg]
[www.narrowgauge.org/alpine-tunnel/images/184_026.jpg]
[www.narrowgauge.org/alpine-tunnel/images/tnails/s_184_026.jpg]
[www.narrowgauge.org/alpine-tunnel/images/184_027.jpg]
[www.narrowgauge.org/alpine-tunnel/images/tnails/s_184_027.jpg]
[www.narrowgauge.org/alpine-tunnel/images/184_030.jpg]
[www.narrowgauge.org/alpine-tunnel/images/tnails/s_184_030.jpg]
[www.narrowgauge.org/alpine-tunnel/images/alpinetunnel_coal_dock_92598.jpg]
[www.narrowgauge.org/alpine-tunnel/images/tnails/tn_alpinetunnel_coal_dock_92598.jpg]
[www.narrowgauge.org/alpine-tunnel/images/alpinetunnel_coaling_dock_992.jpg]
[www.narrowgauge.org/alpine-tunnel/images/tnails/tn_alpinetunnel_coaling_dock_992.jpg]
[www.narrowgauge.org/alpine-tunnel/images/alpinetunnel_looking_west_92598.jpg]
[www.narrowgauge.org/alpine-tunnel/images/tnails/tn_alpinetunnel_looking_west_92598.jpg]
[www.narrowgauge.org/alpine-tunnel/images/alpinetunnel_outhouse_92598.jpg]
[www.narrowgauge.org/alpine-tunnel/images/tnails/tn_alpinetunnel_outhouse_92598.jpg]
[www.narrowgauge.org/alpine-tunnel/images/alpinetunnel_remains_of_water_tank_992.jpg]
[www.narrowgauge.org/alpine-tunnel/images/tnails/tn_alpinetunnel_remains_of_water_tank_992.jpg]
[www.narrowgauge.org/alpine-tunnel/images/alpinetunnel_remains_of_water_tank2_992.jpg]
[www.narrowgauge.org/alpine-tunnel/images/tnails/tn_alpinetunnel_remains_of_water_tank2_992.jpg]
[www.narrowgauge.org/alpine-tunnel/images/alpinetunnel_road_to_tunnel_992.jpg]
[www.narrowgauge.org/alpine-tunnel/images/tnails/tn_alpinetunnel_road_to_tunnel_992.jpg]
[www.narrowgauge.org/alpine-tunnel/images/alpinetunnel_telegraph_992.jpg]
[www.narrowgauge.org/alpine-tunnel/images/tnails/tn_alpinetunnel_telegraph_992.jpg]
[www.narrowgauge.org/alpine-tunnel/images/alpinetunnel_telegraph_office_92598.jpg]
[www.narrowgauge.org/alpine-tunnel/images/tnails/tn_alpinetunnel_telegraph_office_92598.jpg]
[www.narrowgauge.org/alpine-tunnel/images/alpinetunnel_tracks_to_engine_house_92598.jpg]
[www.narrowgauge.org/alpine-tunnel/images/tnails/tn_alpinetunnel_tracks_to_engine_house_92598.jpg]
[www.narrowgauge.org/alpine-tunnel/images/001_034.jpg]
[www.narrowgauge.org/alpine-tunnel/images/tnails/s_001_034.jpg]
[www.narrowgauge.org/alpine-tunnel/html/photo.html]
[www.narrowgauge.org/alpine-tunnel/images/19-AlpineTunnel.jpg]
[www.narrowgauge.org/alpine-tunnel/images/tnails/s_19-AlpineTunnel.jpg]
[www.narrowgauge.org/alpine-tunnel/images/25-AlpineTunnel.jpg]
[www.narrowgauge.org/alpine-tunnel/images/tnails/s_25-AlpineTunnel.jpg]
[www.narrowgauge.org/alpine-tunnel/images/23-Alpine Tunnel.jpg]
[www.narrowgauge.org/alpine-tunnel/images/tnails/s_23-Alpine Tunnel.jpg]
[www.narrowgauge.org/alpine-tunnel/images/26-AlpineTunnel.jpg]
[www.narrowgauge.org/alpine-tunnel/images/tnails/s_26-AlpineTunnel.jpg]
[www.narrowgauge.org/alpine-tunnel/images/33-AlpineTunnel.jpg]
[www.narrowgauge.org/alpine-tunnel/images/tnails/s_33-AlpineTunnel.jpg]
[www.narrowgauge.org/alpine-tunnel/images/32-AlpineTunnel.jpg]
[www.narrowgauge.org/alpine-tunnel/images/tnails/s_32-AlpineTunnel.jpg]
[www.narrowgauge.org/alpine-tunnel/images/31-AlpineTunnel.jpg]
[www.narrowgauge.org/alpine-tunnel/images/tnails/s_31-AlpineTunnel.jpg]
[www.narrowgauge.org/alpine-tunnel/html/ls-photo.html]
[www.statcounter.com/counter/recorder.js]
[www.statcounter.com/counter/counter.js]
[www.convoytm.com/chan_cw.html]
[www.convoytm.com/chan_fox56.html]
[www.convoytm.com/Convoy_DVD_FC.html]
[www.convoytm.com/LC_image.gif]
[www.convoytm.com/Local_Links.html]
[www.convoytm.com/images/peckinpah.bmp]
[www.convoytm.com/Peckinpah.html]
[www.convoytm.com/SBCV.html]
[www.convoytm.com/TimeMagazine_1977.html]
[www.convoytm.com/Mannheim_Steamroller.html]
[www.cw-mccall.com/works/passing_lane/convoy_2000.html]
[www.convoytm.com/MOVIES_A-Z.html]
[www.convoytm.com/TopTen_Reviews.html]
[www.convoytm.com/WMR_A-F.html]
[www.convoytm.com/WMR_G-L.html]
[www.convoytm.com/WMR_M-R.html]
[www.convoytm.com/WMR_S-Z.html]
[www.convoytm.com/WMR.html]
[www.convoytm.com/ConvoyMovieVersion.mp3]
[www.thinkingrockpress.com/trp1525.html]
[www.thinkingrockpress.com/trp1092.html]
[www.thinkingrockpress.com/trp755.html]
[www.thinkingrockpress.com/trp857.html]
[www.thinkingrockpress.com/trp691.html]
[www.thinkingrockpress.com/trp1526.html]
[www.thinkingrockpress.com/trp1527.html]
[www.thinkingrockpress.com/trp883.html]
[www.thinkingrockpress.com/index-2.html]
[www.macshare.com/index-2.html]
[www.macshare.com/heartmod.html]
[www.macshare.com/heartmod-to.html]
[www.macshare.com/game_all-to.html]
[www.macshare.com/macmines.hqx]
[www.macshare.com/mille_bornes.hqx]
[www.macshare.com/game-to.html]
[www.macshare.com/other_all-to.html]
[www.macshare.com/calculate-pi-15f.hqx]
[www.macshare.com/other-to.html]
[www.macshare.com/graphic-to.html]
[www.macshare.com/untested-to.html]
[www.macshare.com/internet_all-to.html]
[www.macshare.com/internet-to.html]
[www.macshare.com/apple-to.html]
[www.macshare.com/productivity_all-to.html]
[www.macshare.com/productivity-to.html]
[www.macshare.com/recent-to.html]
[www.macshare.com/system_all-to.html]
[www.macshare.com/appwin.hqx]
[www.macshare.com/pictify-1.51.sit.hqx]
[www.macshare.com/system-to.html]
[www.macshare.com/050597-to.html]
[www.macshare.com/041597-to.html]
[www.macshare.com/010697-to.html]
[www.macshare.com/010197-to.html]
[www.macshare.com/readerstips.html]
[www.macshare.com/maintenance.html]
[www.macshare.com/pram.html]
[www.macshare.com/tips-to.html]
[www.macshare.com/utility_all-to.html]
[www.macshare.com/conversion.hqx]
[www.macshare.com/utility-to.html]
[www.macshare.com/graphicarts-to.html]
[www.macshare.com/macgurus-to.html]
[www.macshare.com/macsites-to.html]
[www.macshare.com/macnews-to.html]
[www.macshare.com/periodicals-to.html]
[www.macshare.com/vendors-to.html]
[www.macshare.com/waresources-to.html]
[www.macshare.com/references-to.html]
[www.macshare.com/_tfrazier/index.html]
[www.macshare.com/_jay/index.html]
[meadows-success.com/TECHNOmac/files/images/TECHNOaward3.html]
[www.coolcentral.com/art/awards/csoth_anim.html]
[www.macshare.com/graphics/top-bg.gif]
[www.macshare.com/top.html]
[www.macshare.com/graphics/middle-bg.gif]
[www.macshare.com/middle.html]
[www.macshare.com/graphics/right-bg.gif]
[www.macshare.com/right.html]
[www.macshare.com/game-nav.html]
[www.macshare.com/bottom.html]
[www.macshare.com/game2.html]
[www.macshare.com/game3.html]
[www.macshare.com/other-nav.html]
[www.macshare.com/other3.html]
[www.macshare.com/other2.html]
[www.macshare.com/graphic-nav.html]
[www.macshare.com/graphic3.html]
[www.macshare.com/graphic2.html]
[www.macshare.com/untested-nav.html]
[www.macshare.com/untested3.html]
[www.macshare.com/untested2.html]
[www.macshare.com/internet-nav.html]
[www.macshare.com/internet3.html]
[www.macshare.com/internet2.html]
[www.macshare.com/apple-nav.html]
[www.macshare.com/apple3.html]
[www.macshare.com/apple2.html]
[www.macshare.com/productivity-nav.html]
[www.macshare.com/productivity3.html]
[www.macshare.com/productivity2.html]
[www.macshare.com/recent-nav.html]
[www.macshare.com/recent3.html]
[www.macshare.com/recent2.html]
[www.macshare.com/system-nav.html]
[www.macshare.com/system3.html]
[www.macshare.com/system2.html]
[www.macshare.com/utility-nav.html]
[www.macshare.com/utility3.html]
[www.macshare.com/utility2.html]
[www.macshare.com/references-nav.html]
[www.macshare.com/references3.html]
[www.macshare.com/references2.html]
[www.macshare.com/search-2.html]
[www.gbar.dtu.dk/_c938448/TheMacOSfinder_small.html]
[www.macshare.com/award.html]
[www.urbaneagle.com/ue/images/bio_16.gif]
[www.urbaneagle.com/ue/images/katy-sophie.jpg]
[www.urbaneagle.com/ue/sw/sarahNF-sm.jpg]
[www.urbaneagle.com/ue/images/lizard4.gif]
[www.urbaneagle.com/ue/images/KIA.gif]
[www.urbaneagle.com/ue/ue-bio.html]
[www.urbaneagle.com/ue/images/kb-wheel.jpg]
[www.urbaneagle.com/ue/images/kb-yarn-garden.jpg]
[www.urbaneagle.com/ue/ue-spin.html]
[www.urbaneagle.com/ue/sw/Hand-yarn.jpg]
[www.urbaneagle.com/ue/sw/lizard4.gif]
[www.urbaneagle.com/ue/sw/dyegarden1.jpg]
[www.urbaneagle.com/ue/sw/dyegarden1-sm.jpg]
[www.urbaneagle.com/ue/sw/dyegarden2.jpg]
[www.urbaneagle.com/ue/sw/dyegarden2-sm.jpg]
[www.urbaneagle.com/ue/sw/yarn-garden.jpg]
[www.urbaneagle.com/ue/sw/yarn-garden-sm.jpg]
[www.urbaneagle.com/ue/sw/cott-colors-basket.jpg]
[www.urbaneagle.com/ue/sw/dyewkAll.jpg]
[www.urbaneagle.com/ue/ue-natdyes.html]
[www.urbaneagle.com/ue/sw/siouxF.jpg]
[www.urbaneagle.com/ue/sw/siouxF-sm.jpg]
[www.urbaneagle.com/ue/sw/SiouxCover.jpg]
[www.urbaneagle.com/ue/sw/siouxB.jpg]
[www.urbaneagle.com/ue/sw/siouxB-sm.jpg]
[www.urbaneagle.com/ue/sw/stormF.jpg]
[www.urbaneagle.com/ue/sw/stormF-sm.jpg]
[www.urbaneagle.com/ue/sw/StormCover.jpg]
[www.urbaneagle.com/ue/sw/stormB.jpg]
[www.urbaneagle.com/ue/sw/stormB-sm.jpg]
[www.urbaneagle.com/ue/sw/salishF.jpg]
[www.urbaneagle.com/ue/sw/salishF-sm.jpg]
[www.urbaneagle.com/ue/sw/salishB.jpg]
[www.urbaneagle.com/ue/sw/salishB-sm.jpg]
[www.urbaneagle.com/ue/sw/pueblomantaF.jpg]
[www.urbaneagle.com/ue/sw/pueblomantaF-sm.jpg]
[www.urbaneagle.com/ue/sw/pueblomantaB.jpg]
[www.urbaneagle.com/ue/sw/pueblomantaB-sm.jpg]
[www.urbaneagle.com/ue/ue-patterns.html]
[www.urbaneagle.com/ue/sw/crystalF.jpg]
[www.urbaneagle.com/ue/sw/crystalF-sm.jpg]
[www.urbaneagle.com/ue/sw/crystalB.jpg]
[www.urbaneagle.com/ue/sw/crystalB-sm.jpg]
[www.urbaneagle.com/ue/sw/hopimantarevF.jpg]
[www.urbaneagle.com/ue/sw/hopimantarevF-sm.jpg]
[www.urbaneagle.com/ue/sw/hopimantarevB.jpg]
[www.urbaneagle.com/ue/sw/hopimantarevB-sm.jpg]
[www.urbaneagle.com/ue/sw/zuni2F.jpg]
[www.urbaneagle.com/ue/sw/zuni2F-sm.jpg]
[www.urbaneagle.com/ue/sw/zuni2B.jpg]
[www.urbaneagle.com/ue/sw/zuni2B-sm.jpg]
[www.urbaneagle.com/ue/sw/navajoskyF.jpg]
[www.urbaneagle.com/ue/sw/navajoskyF-sm.jpg]
[www.urbaneagle.com/ue/sw/navajoskyB.jpg]
[www.urbaneagle.com/ue/sw/navajoskyB-sm.jpg]
[www.urbaneagle.com/ue/sw/riograndechimF.jpg]
[www.urbaneagle.com/ue/sw/riograndechimF-sm.jpg]
[www.urbaneagle.com/ue/sw/riograndechimB.jpg]
[www.urbaneagle.com/ue/sw/riograndechimB-sm.jpg]
[www.urbaneagle.com/ue/sw/wampumF.jpg]
[www.urbaneagle.com/ue/sw/wampumF-sm.jpg]
[www.urbaneagle.com/ue/sw/wampumB.jpg]
[www.urbaneagle.com/ue/sw/wampumB-sm.jpg]
[www.urbaneagle.com/ue/ue-gallery.html]
[www.urbaneagle.com/ue/images/flowers/sunflower2166.jpg]
[www.urbaneagle.com/ue/images/flowers/marigold2801.gif]
[www.urbaneagle.com/ue/ue-links.html]
[www.urbaneagle.com/bd/index-2.html]
[www.urbaneagle.com/otrabanda/obpan.qt]
[www.urbaneagle.com/otrabanda/otraQTVR.html]
[www.cw-mccall.com/museum/people_magazine.html]
[www.cw-mccall.com/movie/index-2.html]
[www.cw-mccall.com/works/san_juan_odyssey/index-2.html]
[www.cw-mccall.com/works/black_bear_road/convoy_printed.html]
[www.cw-mccall.com/works/black_bear_road/black_bear_road_printed.html]
[www.cw-mccall.com/works/american_spirit/omaha.html]
[www.cw-mccall.com/works/american_spirit/chicago.html]
[www.cw-mccall.com/works/american_spirit/news.html]
[www.cw-mccall.com/works/legendary_cw_mccall/outlaws_and_lone_star_beer.html]
[www.cw-mccall.com/works/singles/kidnap_america.html]
[www.cw-mccall.com/works/passing_lane/convoy_gb.html]
[www.cw-mccall.com/works/passing_lane/car_phone.html]
[www.cw-mccall.com/works/passing_lane/great_big_rollin_railroad.html]
[www.cw-mccall.com/works/passing_lane/iraqi_convoy.html]
[www.cw-mccall.com/works/passing_lane/cb_savage.html]
[www.cw-mccall.com/works/passing_lane/truck_drivin_song.html]
[www.cw-mccall.com/works/passing_lane/30000_pounds_of_bananas.html]
[www.cw-mccall.com/works/passing_lane/truckers.html]
[www.cw-mccall.com/works/black_bear_road/ghost_town_printed.html]
[www.cw-mccall.com/works/black_bear_road/green_river_printed.html]
[www.cw-mccall.com/works/black_bear_road/lewis_and_clark_printed.html]
[www.cw-mccall.com/works/black_bear_road/long_lonesome_road_printed.html]
[www.cw-mccall.com/works/black_bear_road/mountains_on_my_mind_printed.html]
[www.cw-mccall.com/works/black_bear_road/oregon_trail_printed.html]
[www.cw-mccall.com/works/black_bear_road/silverton_printed.html]
[www.cw-mccall.com/works/black_bear_road/write_me_a_song_printed.html]
[www.cw-mccall.com/news/index-2.html]
[www.cw-mccall.com/news/2016/20151224.html]
[www.cw-mccall.com/news/2015/20160606.html]
[www.cw-mccall.com/news/2015/20141224.html]
[www.cw-mccall.com/news/2014/20131224.html]
[www.cw-mccall.com/news/2014/20150330.html]
[www.cw-mccall.com/news/2013/20141224.html]
[www.cw-mccall.com/news/2013/20130429.html]
[www.cw-mccall.com/news/2012/20130304.html]
[www.cw-mccall.com/works/music_from_the_motion_picture_convoy/index-2.html]
[www.cw-mccall.com/works/roses_for_mama/index-2.html]
[www.cw-mccall.com/news/2012/QTMimeType.html]
[www.cw-mccall.com/critters/loose_curtis.html]
[www.cw-mccall.com/news/2011/greatest_wheeling_songb.jpg]
[www.cw-mccall.com/news/external_articles/LimeWire Music Blog 2010-05-06.pdf]
[www.cw-mccall.com/cafe/nextgen01.html]
[www.cw-mccall.com/critters/loose_clague.html]
[www.convoytm.com/CW_McCall_Interview.html]
[www.convoytm.com/Songs_CWMcCall_Puzzle.txt]
[www.convoytm.com/SearchAWord_Convoy.txt]
[www.convoytm.com/Game_Room.html]
[www.cw-mccall.com/critters/loose_lwasdyke.html]
[truckitrecords.com/stv1.html]
[www.cw-mccall.com/works/rubber_duck/index-2.html]
[www.cw-mccall.com/works/american_spirit/convoy.html]
[www.cw-mccall.com/works/american_spirit/index-2.html]
[www.cw-mccall.com/works/black_bear_road/index-2.html]
[www.cw-mccall.com/convoys/tour_2002/index.html]
[www.cw-mccall.com/emporium/index-2.html]
[www.cw-mccall.com/works/cw_mccall_and_co/index-2.html]
[www.cw-mccall.com/works/wolf_creek_pass/index-2.html]
[www.cw-mccall.com/works/singles/pine_tar_wars.html]
[narrowgauge.org/images/mark/Ouray-PC-2.html]
[www.cw-mccall.com/works/singles/index-2.html]
[www.narrowgauge.org/4x4/HTML/autumn-2.html]
[www.cw-mccall.com/works/index-2.html]
[www.cw-mccall.com/library/index-2.html]
[www.cw-mccall.com/cafe/nextgen02.html]
[www.cw-mccall.com/cafe/nextgen03.html]
[www.cw-mccall.com/cafe/nextgen04.html]
[www.cw-mccall.com/cafe/nextgen05.html]
[www.cw-mccall.com/cafe/nextgen06.html]
[www.cw-mccall.com/cafe/nextgen07a.html]
[www.cw-mccall.com/cafe/nextgen07b.html]
[www.cw-mccall.com/cafe/nextgen08.html]
[www.cw-mccall.com/cafe/nextgen09.html]
[www.cw-mccall.com/cafe/nextgen10.html]
[www.cw-mccall.com/cafe/nextgen11.html]
[www.cw-mccall.com/cafe/nextgen12.html]
[www.cw-mccall.com/cafe/nextgen13.html]
[www.cw-mccall.com/cafe/nextgen14.html]
[www.cw-mccall.com/cafe/nextgen15.html]
[www.cw-mccall.com/cafe/nextgen16.html]
[www.cw-mccall.com/cafe/nextgen17.html]
[www.cw-mccall.com/cafe/nextgen18.html]
[www.cw-mccall.com/cafe/nextgen19.html]
[www.cw-mccall.com/cafe/nextgen20.html]
[www.cw-mccall.com/cafe/nextgen21.html]
[www.cw-mccall.com/cafe/nextgen22.html]
[www.cw-mccall.com/cafe/nextgen23.html]
[www.cw-mccall.com/cafe/nextgen24.html]
[www.cw-mccall.com/cafe/nextgen25.html]
[www.cw-mccall.com/cafe/nextgen26.html]
[www.cw-mccall.com/cafe/nextgen27.html]
[www.cw-mccall.com/cafe/nextgen28.html]
[www.cw-mccall.com/cafe/nextgen29.html]
[www.cw-mccall.com/cafe/nextgen30.html]
[www.cw-mccall.com/cafe/nextgen31.html]
[www.cw-mccall.com/cafe/nextgen32.html]
[www.cw-mccall.com/cafe/nextgen33.html]
[www.cw-mccall.com/cafe/nextgen34.html]
[www.cw-mccall.com/cafe/nextgen35.html]
[www.cw-mccall.com/cafe/tales20061115.html]
[www.cw-mccall.com/cafe/tales20070211.html]
[www.cw-mccall.com/cafe/tales20070802.html]
[www.cw-mccall.com/js-global/FancyZoom.js]
[www.cw-mccall.com/js-global/FancyZoomHTML.js]
[www.cw-mccall.com/critters/loose_doyle.html]
[www.cw-mccall.com/drive-in/QTMimeType.html]
[www.cw-mccall.com/drive-in/cold_case_high.html]
[www.cw-mccall.com/library/sheet_music/ive_trucked_all_over_this_land_sheet.html]
[www.urbaneagle.com/ds/dslogo.gif]
[www.urbaneagle.com/ds/dslocotitle.gif]
[www.urbaneagle.com/rsrc/dot_orange.gif]
[www.urbaneagle.com/ds/DS481front.jpg]
[www.urbaneagle.com/ds/DS481-2.jpg]
[www.urbaneagle.com/ds/dsloco.html]
[www.urbaneagle.com/ds/dscarstitle.gif]
[www.urbaneagle.com/ds/ds03a.jpg]
[www.urbaneagle.com/ds/ds03b.jpg]
[www.urbaneagle.com/ds/ds03c.jpg]
[www.urbaneagle.com/ds/dscars.html]
[www.urbaneagle.com/ds/dsminetitle.gif]
[www.urbaneagle.com/ds/ds02b.jpg]
[www.urbaneagle.com/ds/ds02c.jpg]
[www.urbaneagle.com/ds/ds02a.jpg]
[www.urbaneagle.com/ds/dsmine.html]
[www.urbaneagle.com/ds/dsbridgetitle.gif]
[www.urbaneagle.com/ds/ds01C.jpg]
[www.urbaneagle.com/ds/dsbridge.html]
[www.urbaneagle.com/ds/dssilvertitle.gif]
[www.urbaneagle.com/ds/ds01a.jpg]
[www.urbaneagle.com/ds/ds01b.jpg]
[www.urbaneagle.com/ds/dssilver.html]
[www.urbaneagle.com/dw/drgw01.jpg]
[www.urbaneagle.com/dw/drgw01sm.jpg]
[www.urbaneagle.com/dw/drgw03.jpg]
[www.urbaneagle.com/dw/drgw03sm.jpg]
[www.urbaneagle.com/dw/drgw04.jpg]
[www.urbaneagle.com/dw/drgw04sm.jpg]
[www.urbaneagle.com/dw/drgw05.jpg]
[www.urbaneagle.com/dw/drgw05sm.jpg]
[www.urbaneagle.com/dw/drgw06.jpg]
[www.urbaneagle.com/dw/drgw06sm.jpg]
[www.urbaneagle.com/dw/drgw07.jpg]
[www.urbaneagle.com/dw/drgw07sm.jpg]
[www.urbaneagle.com/dw/drgw08.jpg]
[www.urbaneagle.com/dw/drgw08sm.jpg]
[www.urbaneagle.com/dw/drgw09.jpg]
[www.urbaneagle.com/dw/drgw09sm.jpg]
[www.urbaneagle.com/dw/drgw10.jpg]
[www.urbaneagle.com/dw/drgw10sm.jpg]
[www.urbaneagle.com/dw/drgw11.jpg]
[www.urbaneagle.com/dw/drgw11sm.jpg]
[www.urbaneagle.com/dw/dw1.html]
[www.urbaneagle.com/slim/index-2.html]
[www.urbaneagle.com/datrains/title2.1x.jpg]
[www.urbaneagle.com/datrains/title2.2x.jpg]
[www.urbaneagle.com/datrains/what-btn.gif]
[www.urbaneagle.com/datrains/new-spin.gif]
[www.urbaneagle.com/datrains/data-btn.gif]
[www.urbaneagle.com/datrains/drwg-btn.gif]
[www.urbaneagle.com/datrains/photo-btn.gif]
[www.urbaneagle.com/datrains/slim-btn.gif]
[www.urbaneagle.com/datrains/etch-btn.gif]
[www.urbaneagle.com/datrains/sdsons-btn.gif]
[www.urbaneagle.com/datrains/pdl-btn.gif]
[www.urbaneagle.com/datrains/scrpat-btn.gif]
[www.urbaneagle.com/datrains/paint-btn.gif]
[www.urbaneagle.com/datrains/link-btn.gif]
[www.urbaneagle.com/datrains/N-SPbtn.gif]
[www.urbaneagle.com/datrains/brass-shapes-btn.gif]
[www.urbaneagle.com/datrains/plastruct-btn.gif]
[www.urbaneagle.com/datrains/Dang-button.gif]
[www.urbaneagle.com/rsrc/dot_dlred.gif]
[www.urbaneagle.com/datrains/index.html]
[www.urbaneagle.com/slim/spn3title.gif]
[www.urbaneagle.com/slim/smlaws11C.jpg]
[www.urbaneagle.com/slim/smlaws04C.jpg]
[www.urbaneagle.com/slim/smlaws05.jpg]
[www.urbaneagle.com/slim/smlaws05C.jpg]
[www.urbaneagle.com/slim/smlaws05B.jpg]
[www.urbaneagle.com/slim/smlaws06.jpg]
[www.urbaneagle.com/slim/smlaws01B.jpg]
[www.urbaneagle.com/slim/smlaws01C.jpg]
[www.urbaneagle.com/rsrc/arrowRgreen6x12.gif]
[www.urbaneagle.com/rsrc/topSm.gif]
[www.urbaneagle.com/slim/lawsInterior.gif]
[www.urbaneagle.com/slim/CCno2-Bodie.jpg]
[www.urbaneagle.com/slim/va-01.jpg]
[www.urbaneagle.com/slim/va-02.jpg]
[www.urbaneagle.com/slim/va-03.jpg]
[www.urbaneagle.com/slim/va-04.jpg]
[www.urbaneagle.com/slim/va-05.jpg]
[www.urbaneagle.com/slim/va-06.jpg]
[www.urbaneagle.com/slim/va-07.jpg]
[www.urbaneagle.com/slim/va-08.jpg]
[www.urbaneagle.com/slim/SPngHS_membership_app.pdf]
[www.urbaneagle.com/slim/nn3sm.jpg]
[www.urbaneagle.com/slim/spng.html]
[www.urbaneagle.com/slim/slim2etwnc.gif]
[www.urbaneagle.com/slim/et1b2.jpg]
[www.urbaneagle.com/etpics/cb-07.jpg]
[www.urbaneagle.com/slim/join.gif]
[www.urbaneagle.com/slim/et-switchstand.jpg]
[www.urbaneagle.com/slim/etwnc-stockDim.gif]
[www.urbaneagle.com/slim/Cranberry-Tank2.gif]
[www.urbaneagle.com/etpics/et1a2.jpg]
[www.urbaneagle.com/slim/etwnc.html]
[www.urbaneagle.com/slim/slim2ebt.gif]
[www.urbaneagle.com/slim/ebt36565.jpg]
[www.urbaneagle.com/slim/ebt.html]
[www.urbaneagle.com/slim/slim2nn3map.gif]
[www.urbaneagle.com/slim/slim2nn3home.html]
[www.urbaneagle.com/slim/slim2links.gif]
[www.urbaneagle.com/slim/nn3links.html]
[www.urbaneagle.com/nco/index.html]
[www.urbaneagle.com/orin-sp/401INSIDE1.jpg]
[www.urbaneagle.com/orin-sp/401INSIDE2.jpg]
[www.urbaneagle.com/orin-sp/401INSIDE3.jpg]
[www.urbaneagle.com/orin-sp/401INSIDE4.jpg]
[www.urbaneagle.com/orin-sp/401INSIDE5.jpg]
[www.urbaneagle.com/orin-sp/401INSIDE6.jpg]
[www.urbaneagle.com/orin-sp/401PLATFORM.jpg]
[www.urbaneagle.com/orin-sp/401TRUCK.jpg]
[www.urbaneagle.com/orin-sp/8BACKHEAD1.jpg]
[www.urbaneagle.com/orin-sp/8BACKHEAD2.jpg]
[www.urbaneagle.com/orin-sp/8CABCEILING.jpg]
[www.urbaneagle.com/orin-sp/8CABFRNT.jpg]
[www.urbaneagle.com/orin-sp/8CABLEFT.jpg]
[www.urbaneagle.com/orin-sp/8CABRGT.jpg]
[www.urbaneagle.com/orin-sp/8COMPRESSOR.jpg]
[www.urbaneagle.com/orin-sp/8COMPRSRMFLR.jpg]
[www.urbaneagle.com/orin-sp/8CROSSHEAD.jpg]
[www.urbaneagle.com/orin-sp/8LFTSTMCHEST.jpg]
[www.urbaneagle.com/orin-sp/8NOPLATE.jpg]
[www.urbaneagle.com/orin-sp/8PILOT.jpg]
[www.urbaneagle.com/orin-sp/8PILOT2.jpg]
[www.urbaneagle.com/orin-sp/8PILOT3.jpg]
[www.urbaneagle.com/orin-sp/8REARTNDRDECK.jpg]
[www.urbaneagle.com/orin-sp/8RGTINJECTOR.jpg]
[www.urbaneagle.com/orin-sp/8RIGHT.jpg]
[www.urbaneagle.com/orin-sp/8RIGHT2.jpg]
[www.urbaneagle.com/orin-sp/8TENDER2.jpg]
[www.urbaneagle.com/orin-sp/8TENDERCU2.jpg]
[www.urbaneagle.com/orin-sp/8TENDERCU3.jpg]
[www.urbaneagle.com/orin-sp/8TENDERRGT.jpg]
[www.urbaneagle.com/orin-sp/8THROTTLE.jpg]
[www.urbaneagle.com/orin-sp/8TNDRFRTLFT.jpg]
[www.urbaneagle.com/orin-sp/8TNDRLITE.jpg]
[www.urbaneagle.com/orin-sp/9CABRGT.jpg]
[www.urbaneagle.com/orin-sp/9LEFTINJECOTx.jpg]
[www.urbaneagle.com/orin-sp/9LEFTINJECTOR.jpg]
[www.urbaneagle.com/orin-sp/9RIGHT.jpg]
[www.urbaneagle.com/orin-sp/9TENDER.jpg]
[www.urbaneagle.com/orin-sp/9TNDRLIGHT.jpg]
[www.urbaneagle.com/orin-sp/9TNDRRIGHT.jpg]
[www.urbaneagle.com/orin-sp/BACKHEADRGT.jpg]
[www.urbaneagle.com/orin-sp/BELLEVILLE1.jpg]
[www.urbaneagle.com/orin-sp/BELLEVILLE2.jpg]
[www.urbaneagle.com/orin-sp/BELLEVILLE3.jpg]
[www.urbaneagle.com/orin-sp/BELLEVILLE4.jpg]
[www.urbaneagle.com/orin-sp/BLDRSPLATE.jpg]
[www.urbaneagle.com/orin-sp/BOX132TRUCK.jpg]
[www.urbaneagle.com/orin-sp/BOX132END.jpg]
[www.urbaneagle.com/orin-sp/BOX132END2.jpg]
[www.urbaneagle.com/orin-sp/BOX17END.jpg]
[www.urbaneagle.com/orin-sp/BOX17TRUCK.jpg]
[www.urbaneagle.com/orin-sp/BOX7END.jpg]
[www.urbaneagle.com/orin-sp/BOX7TRUCK.jpg]
[www.urbaneagle.com/orin-sp/BOXCAR132.jpg]
[www.urbaneagle.com/orin-sp/BOXCAR17.jpg]
[www.urbaneagle.com/orin-sp/BOXCAR7.jpg]
[www.urbaneagle.com/orin-sp/BOXCARVILLAGE1.jpg]
[www.urbaneagle.com/orin-sp/BOXCARVILLAGE2.jpg]
[www.urbaneagle.com/orin-sp/BOXCARVILLAGE3.jpg]
[www.urbaneagle.com/orin-sp/BOXCARVILLAGE4.jpg]
[www.urbaneagle.com/orin-sp/CABOOSE401.jpg]
[www.urbaneagle.com/orin-sp/CABWINDRGT.jpg]
[www.urbaneagle.com/orin-sp/COMP1.jpg]
[www.urbaneagle.com/orin-sp/COMP2.jpg]
[www.urbaneagle.com/orin-sp/COMPRESSOR.jpg]
[www.urbaneagle.com/orin-sp/COUPLERS.jpg]
[www.urbaneagle.com/orin-sp/CTRBACKHEAD.jpg]
[www.urbaneagle.com/orin-sp/DECKPLATE.jpg]
[www.urbaneagle.com/orin-sp/DRAWBAR1.jpg]
[www.urbaneagle.com/orin-sp/DRAWBAR2.jpg]
[www.urbaneagle.com/orin-sp/DRAWBAR3.jpg]
[www.urbaneagle.com/orin-sp/ENGINEERVIEW.jpg]
[www.urbaneagle.com/orin-sp/FIREDOOR.jpg]
[www.urbaneagle.com/orin-sp/FRONTRGTCU.jpg]
[www.urbaneagle.com/orin-sp/FRONTRGTCU2.jpg]
[www.urbaneagle.com/orin-sp/FRTLEFTCU.jpg]
[www.urbaneagle.com/orin-sp/FURNACE1.jpg]
[www.urbaneagle.com/orin-sp/FURNACE2.jpg]
[www.urbaneagle.com/orin-sp/FURNACE3.jpg]
[www.urbaneagle.com/orin-sp/FURNACESTOCK1.jpg]
[www.urbaneagle.com/orin-sp/FURNACESTOCK2.jpg]
[www.urbaneagle.com/orin-sp/FURNACESTOCK3.jpg]
[www.urbaneagle.com/orin-sp/FURNACESTOCK5.jpg]
[www.urbaneagle.com/orin-sp/FURNACESTOCK6.jpg]
[www.urbaneagle.com/orin-sp/FURNACESTOCK7.jpg]
[www.urbaneagle.com/orin-sp/GON336.jpg]
[www.urbaneagle.com/orin-sp/GON339DOOR.jpg]
[www.urbaneagle.com/orin-sp/GON339END.jpg]
[www.urbaneagle.com/orin-sp/GON339TRUCK.jpg]
[www.urbaneagle.com/orin-sp/HANDCAR.jpg]
[www.urbaneagle.com/orin-sp/HDLITE.jpg]
[www.urbaneagle.com/orin-sp/KEELERENG1.jpg]
[www.urbaneagle.com/orin-sp/KEELERENG2.jpg]
[www.urbaneagle.com/orin-sp/KEELERENG3.jpg]
[www.urbaneagle.com/orin-sp/KEELERENG4.jpg]
[www.urbaneagle.com/orin-sp/KEELERENG5.jpg]
[www.urbaneagle.com/orin-sp/KEELERENG6.jpg]
[www.urbaneagle.com/orin-sp/KEELERENG7.jpg]
[www.urbaneagle.com/orin-sp/KEELERENG8.jpg]
[www.urbaneagle.com/orin-sp/KEELERSTA1.jpg]
[www.urbaneagle.com/orin-sp/KEELERSTA2.jpg]
[www.urbaneagle.com/orin-sp/KEELERSTA3.jpg]
[www.urbaneagle.com/orin-sp/KEELERSTA4.jpg]
[www.urbaneagle.com/orin-sp/KEELERSTA5.jpg]
[www.urbaneagle.com/orin-sp/KEELERSTA6.jpg]
[www.urbaneagle.com/orin-sp/LAWSSTA2.jpg]
[www.urbaneagle.com/orin-sp/LAWSSTATION.jpg]
[www.urbaneagle.com/orin-sp/LAWSTA10.jpg]
[www.urbaneagle.com/orin-sp/LAWSTA5.jpg]
[www.urbaneagle.com/orin-sp/LAWSTA6.jpg]
[www.urbaneagle.com/orin-sp/LAWSTA7.jpg]
[www.urbaneagle.com/orin-sp/LAWSTA8.jpg]
[www.urbaneagle.com/orin-sp/LAWSTA9.jpg]
[www.urbaneagle.com/orin-sp/LAWSTANKS.jpg]
[www.urbaneagle.com/orin-sp/LAWSTANKS2.jpg]
[www.urbaneagle.com/orin-sp/LFTPILOT.jpg]
[www.urbaneagle.com/orin-sp/LONEPINEBOX1.jpg]
[www.urbaneagle.com/orin-sp/LONEPINEBOX2.jpg]
[www.urbaneagle.com/orin-sp/LONEPINEBOX3.jpg]
[www.urbaneagle.com/orin-sp/LONEPINEBOX4.jpg]
[www.urbaneagle.com/orin-sp/LONEPINEBOX5.jpg]
[www.urbaneagle.com/orin-sp/LONEPINEBOX6.jpg]
[www.urbaneagle.com/orin-sp/LONEPINEBOX7.jpg]
[www.urbaneagle.com/orin-sp/LONEPINEBOX8.jpg]
[www.urbaneagle.com/orin-sp/LONEPINEBOX9.jpg]
[www.urbaneagle.com/orin-sp/LONEPINESTA1.jpg]
[www.urbaneagle.com/orin-sp/LONEPINESTA2.jpg]
[www.urbaneagle.com/orin-sp/LONEPINESTA3.jpg]
[www.urbaneagle.com/orin-sp/LONEPINESTA4.jpg]
[www.urbaneagle.com/orin-sp/LOOKINGSOUTH.jpg]
[www.urbaneagle.com/orin-sp/LSINJECTOR.jpg]
[www.urbaneagle.com/orin-sp/MONTGOMERYPASS2.jpg]
[www.urbaneagle.com/orin-sp/MONTGPASS1.jpg]
[www.urbaneagle.com/orin-sp/NEVADASCENE.jpg]
[www.urbaneagle.com/orin-sp/NO18BP.jpg]
[www.urbaneagle.com/orin-sp/NO18CAB1.jpg]
[www.urbaneagle.com/orin-sp/NO18CAB2.jpg]
[www.urbaneagle.com/orin-sp/NO18CAB3.jpg]
[www.urbaneagle.com/orin-sp/NO18CAB4.jpg]
[www.urbaneagle.com/orin-sp/NO18CAB5.jpg]
[www.urbaneagle.com/orin-sp/NO18CU.jpg]
[www.urbaneagle.com/orin-sp/NO18LS.jpg]
[www.urbaneagle.com/orin-sp/NO18PILOT.jpg]
[www.urbaneagle.com/orin-sp/NO18PILOTCU.jpg]
[www.urbaneagle.com/orin-sp/NO18RS.jpg]
[www.urbaneagle.com/orin-sp/NO18RSCU.jpg]
[www.urbaneagle.com/orin-sp/NO18RSCU2.jpg]
[www.urbaneagle.com/orin-sp/NO18SB.jpg]
[www.urbaneagle.com/orin-sp/NO18TENDER2.jpg]
[www.urbaneagle.com/orin-sp/NO18TENDER3.jpg]
[www.urbaneagle.com/orin-sp/NO9CABLEFT.jpg]
[www.urbaneagle.com/orin-sp/NO9DRIVRCU1.jpg]
[www.urbaneagle.com/orin-sp/NO9DRIVRCU2.jpg]
[www.urbaneagle.com/orin-sp/NO9FRONT.jpg]
[www.urbaneagle.com/orin-sp/NO9LS.jpg]
[www.urbaneagle.com/orin-sp/NO9LSCU.jpg]
[www.urbaneagle.com/orin-sp/NO9PILOT.jpg]
[www.urbaneagle.com/orin-sp/NO9REARTNDR.jpg]
[www.urbaneagle.com/orin-sp/NO9TNDERREAR.jpg]
[www.urbaneagle.com/orin-sp/OILTANK.jpg]
[www.urbaneagle.com/orin-sp/OREBIN1.jpg]
[www.urbaneagle.com/orin-sp/OREBIN2.jpg]
[www.urbaneagle.com/orin-sp/OREBIN3.jpg]
[www.urbaneagle.com/orin-sp/OWENSRIVER.jpg]
[www.urbaneagle.com/orin-sp/PILOTC_U_.jpg]
[www.urbaneagle.com/orin-sp/POINTS.jpg]
[www.urbaneagle.com/orin-sp/PUMPHOUSE.jpg]
[www.urbaneagle.com/orin-sp/RGTCYLINDER.jpg]
[www.urbaneagle.com/orin-sp/RGTINJECTOR.jpg]
[www.urbaneagle.com/orin-sp/RGTMIDDRIVER.jpg]
[www.urbaneagle.com/orin-sp/RIGHTFRNT.jpg]
[www.urbaneagle.com/orin-sp/RIGHTOFWAY.jpg]
[www.urbaneagle.com/orin-sp/RTFRTDRVR.jpg]
[www.urbaneagle.com/orin-sp/SANDDOMERG.jpg]
[www.urbaneagle.com/orin-sp/SIERRANORTH.jpg]
[www.urbaneagle.com/orin-sp/SIERRAS2.jpg]
[www.urbaneagle.com/orin-sp/SIERRAS3.jpg]
[www.urbaneagle.com/orin-sp/SIERRAS4.jpg]
[www.urbaneagle.com/orin-sp/SIERRAS5.jpg]
[www.urbaneagle.com/orin-sp/SIERRAS6.jpg]
[www.urbaneagle.com/orin-sp/SIERRAS_1.jpg]
[www.urbaneagle.com/orin-sp/SIERRAS_ROW.jpg]
[www.urbaneagle.com/orin-sp/SIERRATALC1.jpg]
[www.urbaneagle.com/orin-sp/SIERRATALC2.jpg]
[www.urbaneagle.com/orin-sp/SIERRATALC3.jpg]
[www.urbaneagle.com/orin-sp/SIERRATALC4.jpg]
[www.urbaneagle.com/orin-sp/SPARKSSTA1.jpg]
[www.urbaneagle.com/orin-sp/SPARKSSTA2.jpg]
[www.urbaneagle.com/orin-sp/SPARKSSTA3.jpg]
[www.urbaneagle.com/orin-sp/STAINSIDE1.jpg]
[www.urbaneagle.com/orin-sp/8TENDERx.jpg]
[www.urbaneagle.com/orin-sp/STAINSIDE3.jpg]
[www.urbaneagle.com/orin-sp/STAINSIDE4.jpg]
[www.urbaneagle.com/orin-sp/STAINSIDE5.jpg]
[www.urbaneagle.com/orin-sp/STATIONSIGH.jpg]
[www.urbaneagle.com/orin-sp/STOCK166_1.jpg]
[www.urbaneagle.com/orin-sp/STOCK166_2.jpg]
[www.urbaneagle.com/orin-sp/STOCK166END.jpg]
[www.urbaneagle.com/orin-sp/STOCK166TRUCK.jpg]
[www.urbaneagle.com/orin-sp/SWITCH.jpg]
[www.urbaneagle.com/orin-sp/SWITCHSTAND.jpg]
[www.urbaneagle.com/orin-sp/SWITCHSTAND1.jpg]
[www.urbaneagle.com/orin-sp/SWITCHSTAND2.jpg]
[www.urbaneagle.com/orin-sp/TENDERRGTREAR.jpg]
[www.urbaneagle.com/orin-sp/TENDERTOPFRT1.jpg]
[www.urbaneagle.com/orin-sp/TENDERTOPFRT2.jpg]
[www.urbaneagle.com/orin-sp/TNDRTRUCK.jpg]
[www.urbaneagle.com/orin-sp/TRAMWAY.jpg]
[www.urbaneagle.com/orin-sp/TRAMWAYSPUR.jpg]
[www.urbaneagle.com/orin-sp/TRAMWAYSPUR1.jpg]
[www.urbaneagle.com/orin-sp/TRAMWAYSPUR2.jpg]
[www.urbaneagle.com/orin-sp/TRAMWAYSPUR3.jpg]
[www.urbaneagle.com/orin-sp/TRAMWAYSPUR4.jpg]
[www.urbaneagle.com/orin-sp/TRUCKCU.jpg]
[www.urbaneagle.com/orin-sp/TRUCKEE1.jpg]
[www.urbaneagle.com/orin-sp/TRUCKEE2.jpg]
[www.urbaneagle.com/orin-sp/TRUCKEE3.jpg]
[www.urbaneagle.com/orin-sp/TRUCKS.jpg]
[www.urbaneagle.com/orin-sp/TURNTABLE1.jpg]
[www.urbaneagle.com/orin-sp/TURNTABLE2.jpg]
[www.urbaneagle.com/orin-sp/TURNTABLE3.jpg]
[www.urbaneagle.com/orin-sp/TURNTABLE4.jpg]
[www.urbaneagle.com/orin-sp/TURNTABLE5.jpg]
[www.urbaneagle.com/orin-sp/TURNTABLE6.jpg]
[www.urbaneagle.com/orin-sp/UNDERCABRGT.jpg]
[www.urbaneagle.com/orin-sp/VALLEYSO.jpg]
[www.urbaneagle.com/orin-sp/VALVELEVER.jpg]
[www.urbaneagle.com/orin-sp/VALVELEVER2.jpg]
[www.urbaneagle.com/orin-sp/orin-index.html]
[www.urbaneagle.com/dg/dg-01.jpg]
[www.urbaneagle.com/dg/smdg-01.jpg]
[www.urbaneagle.com/dg/dg-03.jpg]
[www.urbaneagle.com/dg/smdg-03.jpg]
[www.urbaneagle.com/dg/dg-05.jpg]
[www.urbaneagle.com/dg/smdg-05.jpg]
[www.urbaneagle.com/dg/dg-07.jpg]
[www.urbaneagle.com/dg/smdg-07.jpg]
[www.urbaneagle.com/dg/dg-09.jpg]
[www.urbaneagle.com/dg/smdg-09.jpg]
[www.urbaneagle.com/dg/dg-11.jpg]
[www.urbaneagle.com/dg/smdg-11.jpg]
[www.urbaneagle.com/dg/dg-13.jpg]
[www.urbaneagle.com/dg/smdg-13.jpg]
[www.urbaneagle.com/dg/dg-15.jpg]
[www.urbaneagle.com/dg/smdg-15.jpg]
[www.urbaneagle.com/dg/dg-17.jpg]
[www.urbaneagle.com/dg/smdg-17.jpg]
[www.urbaneagle.com/dg/dg-19.jpg]
[www.urbaneagle.com/dg/smdg-19.jpg]
[www.urbaneagle.com/dg/dg-02.jpg]
[www.urbaneagle.com/dg/smdg-02.jpg]
[www.urbaneagle.com/dg/dg-04.jpg]
[www.urbaneagle.com/dg/smdg-04.jpg]
[www.urbaneagle.com/dg/dg-06.jpg]
[www.urbaneagle.com/dg/smdg-06.jpg]
[www.urbaneagle.com/dg/dg-08.jpg]
[www.urbaneagle.com/dg/smdg-08.jpg]
[www.urbaneagle.com/dg/dg-10.jpg]
[www.urbaneagle.com/dg/smdg-10.jpg]
[www.urbaneagle.com/dg/dg-12.jpg]
[www.urbaneagle.com/dg/smdg-12.jpg]
[www.urbaneagle.com/dg/dg-14.jpg]
[www.urbaneagle.com/dg/smdg-14.jpg]
[www.urbaneagle.com/dg/dg-16.jpg]
[www.urbaneagle.com/dg/smdg-16.jpg]
[www.urbaneagle.com/dg/dg-18.jpg]
[www.urbaneagle.com/dg/smdg-18.jpg]
[www.urbaneagle.com/dg/dgpics.html]
[www.urbaneagle.com/ngpics/rictor/sp-before.jpg]
[www.urbaneagle.com/ngpics/rictor/sp-after.jpg]
[www.urbaneagle.com/ngpics/rictor/sp-02.jpg]
[www.urbaneagle.com/ngpics/rictor/sp-03.jpg]
[www.urbaneagle.com/ngpics/rictor/sp-04.jpg]
[www.urbaneagle.com/ngpics/rictor/sp-05.jpg]
[www.urbaneagle.com/ngpics/rictor/sp-12.jpg]
[www.urbaneagle.com/ngpics/rictor/sp-13.jpg]
[www.urbaneagle.com/ngpics/rictor/sp-frt01.jpg]
[www.urbaneagle.com/ngpics/rictor/sp-frt02.jpg]
[www.urbaneagle.com/ngpics/rictor/sp-laws01.jpg]
[www.urbaneagle.com/ngpics/rictor/sp-laws02.jpg]
[www.urbaneagle.com/ngpics/tice/t-keeler1.jpg]
[www.urbaneagle.com/ngpics/tice/t-keeler2.jpg]
[www.urbaneagle.com/ngpics/tice/t-keeler3.jpg]
[www.urbaneagle.com/ngpics/tice/t-keeler4.jpg]
[www.urbaneagle.com/ngpics/tice/t-laws1.jpg]
[www.urbaneagle.com/ngpics/tice/t-laws2.jpg]
[www.urbaneagle.com/ngpics/tice/t-laws3.jpg]
[www.urbaneagle.com/ngpics/tice/t-laws4.jpg]
[www.urbaneagle.com/ngpics/tice/t-trestle.jpg]
[www.urbaneagle.com/ngpics/paul/p-sp-8.jpg]
[www.urbaneagle.com/ngpics/paul/p-sp-8-2.jpg]
[www.urbaneagle.com/ngpics/paul/p-sp-12.jpg]
[www.urbaneagle.com/ngpics/paul/p-sp-12a.jpg]
[www.urbaneagle.com/ngpics/paul/p-sp-15.jpg]
[www.urbaneagle.com/ngpics/paul/p-sp-18.jpg]
[www.urbaneagle.com/ngpics/paul/p-sp-b1.jpg]
[www.urbaneagle.com/ngpics/paul/p-sp-b2.jpg]
[www.urbaneagle.com/ngpics/paul/p-sp-d1.jpg]
[www.urbaneagle.com/ngpics/paul/p-sp-d2.jpg]
[www.urbaneagle.com/ngpics/paul/p-sp-mh.jpg]
[www.urbaneagle.com/ngpics/paul/p-sp-t.jpg]
[www.urbaneagle.com/ngpics/paul/p-sp-t1.jpg]
[www.urbaneagle.com/ngpics/paul/p-sp-t2.jpg]
[www.urbaneagle.com/ngpics/paul/p-sp-wall.jpg]
[www.urbaneagle.com/ngpics/rictor/ws-01.jpg]
[www.urbaneagle.com/ngpics/rictor/ws-02.jpg]
[www.urbaneagle.com/ngpics/rictor/ws-03.jpg]
[www.urbaneagle.com/ngpics/rictor/ws-04.jpg]
[www.urbaneagle.com/ngpics/rictor/Sierra1.jpg]
[www.urbaneagle.com/ngpics/rictor/Sierra2.jpg]
[www.urbaneagle.com/ngpics/rictor/Sierra3.jpg]
[www.urbaneagle.com/ngpics/rictor/ws-06.jpg]
[www.urbaneagle.com/ngpics/winslow/rgs1.jpg]
[www.urbaneagle.com/ngpics/winslow/rgs2.jpg]
[www.urbaneagle.com/ngpics/winslow/rgs3.jpg]
[www.urbaneagle.com/ngpics/winslow/rgs4.jpg]
[www.urbaneagle.com/ngpics/winslow/rgs5.jpg]
[www.urbaneagle.com/ngpics/chama/cts-gon-01.jpg]
[www.urbaneagle.com/ngpics/chama/cts-gon-02.jpg]
[www.urbaneagle.com/ngpics/chama/cts-gon-03.jpg]
[www.urbaneagle.com/ngpics/chama/burntbox.jpg]
[www.urbaneagle.com/ngpics/chama/drgw-doorlatch.jpg]
[www.urbaneagle.com/ngpics/chama/drgw-doorhanger.jpg]
[www.urbaneagle.com/ngpics/chama/drgw-OY.jpg]
[www.urbaneagle.com/ngpics/chama/drgw-truck.jpg]
[www.urbaneagle.com/ngpics/chama/drgw3014box.jpg]
[www.urbaneagle.com/slim/photos0598.html]
[www.urbaneagle.com/slim/spng-eqpt.html]
[www.urbaneagle.com/slim/spng-structures.html]
[www.cw-mccall.com/critters/index-2.html]
[www.cw-mccall.com/convoys/convoy_2000/convoy2000_chapter_1.html]
[www.cw-mccall.com/convoys/convoy_2000/convoy2000_chapter_2.html]
[www.cw-mccall.com/convoys/convoy_2000/convoy2000_chapter_3.html]
[www.cw-mccall.com/convoys/convoy_2000/convoy2000_chapter_5.html]
[www.cw-mccall.com/convoys/convoy_2000/convoy2000_chapter_6.html]
[www.cw-mccall.com/convoys/convoy_2000/convoy2000_chapter_7.html]
[www.cw-mccall.com/convoys/convoy_2000/convoy2000_chapter_8.html]
[www.cw-mccall.com/convoys/convoy_2000/convoy2000_chapter_9.html]
[www.cw-mccall.com/convoys/convoy_2000/convoy2000_chapter_10.html]
[www.cw-mccall.com/convoys/convoy_2000/convoy2000_chapter_11.html]
[www.cw-mccall.com/convoys/convoy_2000/convoy2000_chapter_12.html]
[www.narrowgauge.org/ngc/graphics/excursion4/excursion4-denver-como-map.jpg]
[www.narrowgauge.org/ncmap/ted/dspp1_denver.html]
[www.narrowgauge.org/ngc/graphics/excursion4/excursion4-denver-button.jpg]
[www.narrowgauge.org/ncmap/ted/dspp1_morrison.html]
[www.narrowgauge.org/ngc/graphics/excursion4/excursion4-morrison-button.jpg]
[www.narrowgauge.org/ncmap/ted/dspp1_pcanyon.html]
[www.narrowgauge.org/ngc/graphics/excursion4/excursion4-platte-canyon-button.jpg]
[www.narrowgauge.org/ncmap/ted/dspp1_deansbury.html]
[www.narrowgauge.org/ngc/graphics/excursion4/excursion4-deansbury-button.jpg]
[www.narrowgauge.org/ncmap/ted/dspp1_buffalo.html]
[www.narrowgauge.org/ngc/graphics/excursion4/excursion4-tkc-buffalo-button.jpg]
[www.narrowgauge.org/ncmap/ted/dspp1_baileys.html]
[www.narrowgauge.org/ngc/graphics/excursion4/excursion4-bailey-button.jpg]
[www.narrowgauge.org/ncmap/ted/dspp1_webster.html]
[www.narrowgauge.org/ngc/graphics/excursion4/excursion4-webster-button.jpg]
[www.narrowgauge.org/ncmap/ted/dspp1_kenosha.html]
[www.narrowgauge.org/ngc/graphics/excursion4/excursion4-kenosha-button.jpg]
[www.narrowgauge.org/ncmap/ted/dspp1_jefferson.html]
[www.narrowgauge.org/ngc/graphics/excursion4/excursion4-jefferson-button.jpg]
[www.narrowgauge.org/ngc/html/excursion4/excursion4-tkc-1-como.html]
[www.narrowgauge.org/ngc/graphics/excursion4/excursion4-como-button.jpg]
[www.narrowgauge.org/ngc/html/excursion4/excursion4-tkc-1.html]
[www.narrowgauge.org/ngc/graphics/excursion4/excursion4-como-leadville-map.jpg]
[www.narrowgauge.org/ngc/html/excursion4/excursion4-tkc-2-como.html]
[www.narrowgauge.org/ngc/html/excursion4/excursion4-tkc-2-boreas.html]
[www.narrowgauge.org/ngc/graphics/excursion4/excursion4-boreas-button.jpg]
[www.narrowgauge.org/ngc/html/excursion4/excursion4-tkc-2-stjohns.html]
[www.narrowgauge.org/ngc/graphics/excursion4/excursion4-stjohns-button.jpg]
[www.narrowgauge.org/ngc/html/excursion4/excursion4-tkc-2-montezuma.html]
[www.narrowgauge.org/ngc/graphics/excursion4/excursion4-montezuma-button.jpg]
[www.narrowgauge.org/ngc/html/excursion4/excursion4-tkc-2-leadville.html]
[www.narrowgauge.org/ngc/html/excursion4/excursion4-tkc-2.html]
[www.narrowgauge.org/ngc/graphics/excursion4/excursion4-leadville-button.jpg]
[www.narrowgauge.org/maps/DSPmap3_Como_to_nathrop.jpg]
[www.narrowgauge.org/ncmap/ted/dspp3_bvista.html]
[www.narrowgauge.org/ncmap/ted/dspp3_pcanyon.html]
[www.narrowgauge.org/ncmap/ted/dspp3_como.html]
[www.narrowgauge.org/ncmap/ted/dspp3_alma.html]
[www.narrowgauge.org/ncmap/ted/dspp3_london-junction.html]
[www.narrowgauge.org/ncmap/ted/dspp3_nathrop.html]
[www.narrowgauge.org/ncmap/ted/dspphoto_three.html]
[www.narrowgauge.org/ngc/graphics/excursion4/excursion4-nathrop-baldwin-map.jpg]
[www.narrowgauge.org/ngc/html/excursion4/excursion4-tkc-4-nathrop.html]
[www.narrowgauge.org/ngc/graphics/excursion4/excursion4-nathrop-button.jpg]
[www.narrowgauge.org/ngc/html/excursion4/excursion4-tkc-4-alpine-tunnel.html]
[www.narrowgauge.org/ngc/graphics/excursion4/excursion4-alpine-tunnel-button.jpg]
[www.narrowgauge.org/ngc/html/excursion4/excursion4-tkc-4-fisher.html]
[www.narrowgauge.org/ngc/graphics/excursion4/excursion4-fisher-alpine-button.jpg]
[www.narrowgauge.org/ngc/html/excursion4/excursion4-tkc-4-stelmo.html]
[www.narrowgauge.org/ngc/graphics/excursion4/excursion4-stelmo-button.jpg]
[www.narrowgauge.org/ngc/html/excursion4/excursion4-tkc-4-romley.html]
[www.narrowgauge.org/ngc/graphics/excursion4/excursion4-romley-murphy-button.jpg]
[www.narrowgauge.org/ngc/html/excursion4/excursion4-tkc-4-hancock.html]
[www.narrowgauge.org/ngc/graphics/excursion4/excursion4-hancock-button.jpg]
[www.narrowgauge.org/ngc/html/excursion4/excursion4-tkc-4-palisades.html]
[www.narrowgauge.org/ngc/graphics/excursion4/excursion4-palisades-button.jpg]
[www.narrowgauge.org/ngc/html/excursion4/excursion4-tkc-4-woodstock.html]
[www.narrowgauge.org/ngc/graphics/excursion4/excursion4-woodstock-button.jpg]
[www.narrowgauge.org/ngc/html/excursion4/excursion4-tkc-4-pitkin.html]
[www.narrowgauge.org/ngc/graphics/excursion4/excursion4-pitkin-button.jpg]
[www.narrowgauge.org/ngc/html/excursion4/excursion4-tkc-4.html]
[www.narrowgauge.org/ngc/graphics/tkierscey/drg/drg002.jpg]
[www.narrowgauge.org/ngc/graphics/tkierscey/drg/tn-drg002.jpg]
[www.narrowgauge.org/ngc/graphics/tkierscey/ccrr/ccrr023.jpg]
[www.narrowgauge.org/ngc/graphics/tkierscey/ccrr/tn-ccrr023.jpg]
[www.narrowgauge.org/ngc/graphics/tkierscey/ccrr/ccrr022.jpg]
[www.narrowgauge.org/ngc/graphics/tkierscey/ccrr/tn-ccrr022.jpg]
[www.narrowgauge.org/ngc/graphics/tkierscey/ccrr/ccrr024.jpg]
[www.narrowgauge.org/ngc/graphics/tkierscey/ccrr/tn-ccrr024.jpg]
[www.narrowgauge.org/ngc/graphics/tkierscey/ccrr/ccrr025.jpg]
[www.narrowgauge.org/ngc/graphics/tkierscey/ccrr/tn-ccrr025.jpg]
[www.narrowgauge.org/ngc/graphics/tkierscey/ccrr/ccrr028.jpg]
[www.narrowgauge.org/ngc/graphics/tkierscey/ccrr/tn-ccrr028.jpg]
[www.narrowgauge.org/ngc/graphics/tkierscey/ccrr/ccrr027.jpg]
[www.narrowgauge.org/ngc/graphics/tkierscey/ccrr/tn-ccrr027.jpg]
[www.narrowgauge.org/ngc/graphics/tkierscey/ccrr/ccrr029.jpg]
[www.narrowgauge.org/ngc/graphics/tkierscey/ccrr/tn-ccrr029.jpg]
[www.narrowgauge.org/ngc/graphics/tkierscey/ccrr/ccrr030.jpg]
[www.narrowgauge.org/ngc/graphics/tkierscey/ccrr/tn-ccrr030.jpg]
[www.narrowgauge.org/ngc/graphics/tkierscey/ccrr/ccrr031.jpg]
[www.narrowgauge.org/ngc/graphics/tkierscey/ccrr/tn-ccrr031.jpg]
[www.narrowgauge.org/ngc/graphics/tkierscey/ccrr/ccrr032.jpg]
[www.narrowgauge.org/ngc/graphics/tkierscey/ccrr/tn-ccrr032.jpg]
[www.narrowgauge.org/ngc/graphics/tkierscey/ccrr/ccrr033.jpg]
[www.narrowgauge.org/ngc/graphics/tkierscey/ccrr/tn-ccrr033.jpg]
[www.narrowgauge.org/ngc/graphics/tkierscey/ccrr/ccrr034.jpg]
[www.narrowgauge.org/ngc/graphics/tkierscey/ccrr/tn-ccrr034.jpg]
[www.narrowgauge.org/ngc/graphics/tkierscey/ccrr/ccrr035.jpg]
[www.narrowgauge.org/ngc/graphics/tkierscey/ccrr/tn-ccrr035.jpg]
[www.narrowgauge.org/ngc/graphics/tkierscey/ccrr/ccrr036.jpg]
[www.narrowgauge.org/ngc/graphics/tkierscey/ccrr/tn-ccrr036.jpg]
[www.narrowgauge.org/ngc/graphics/tkierscey/ccrr/ccrr037.jpg]
[www.narrowgauge.org/ngc/graphics/tkierscey/ccrr/tn-ccrr037.jpg]
[www.narrowgauge.org/ngc/graphics/tkierscey/ccrr/ccrr038.jpg]
[www.narrowgauge.org/ngc/graphics/tkierscey/ccrr/tn-ccrr038.jpg]
[www.narrowgauge.org/ngc/html/excursion6/excursion6-colorado-central-rr.html]
[www.narrowgauge.org/ngc/graphics/excursion6/excursion6-colorado-central-rr-return-button.jpg]
[www.narrowgauge.org/ngc/html/excursion6/excursion6-cccanyon.html]
[www.narrowgauge.org/ngc/graphics/tkierscey/ccrr/ccrr002.jpg]
[www.narrowgauge.org/ngc/graphics/tkierscey/ccrr/tn-ccrr002.jpg]
[www.narrowgauge.org/ngc/graphics/tkierscey/ccrr/ccrr003.jpg]
[www.narrowgauge.org/ngc/graphics/tkierscey/ccrr/tn-ccrr003.jpg]
[www.narrowgauge.org/ngc/graphics/tkierscey/ccrr/ccrr004.jpg]
[www.narrowgauge.org/ngc/graphics/tkierscey/ccrr/tn-ccrr004.jpg]
[www.narrowgauge.org/ngc/graphics/tkierscey/ccrr/ccrr005.jpg]
[www.narrowgauge.org/ngc/graphics/tkierscey/ccrr/tn-ccrr005.jpg]
[www.narrowgauge.org/ngc/graphics/tkierscey/ccrr/ccrr006.jpg]
[www.narrowgauge.org/ngc/graphics/tkierscey/ccrr/tn-ccrr006.jpg]
[www.narrowgauge.org/ngc/graphics/tkierscey/ccrr/ccrr007.jpg]
[www.narrowgauge.org/ngc/graphics/tkierscey/ccrr/tn-ccrr007.jpg]
[www.narrowgauge.org/ngc/graphics/tkierscey/ccrr/ccrr008.jpg]
[www.narrowgauge.org/ngc/graphics/tkierscey/ccrr/tn-ccrr008.jpg]
[www.narrowgauge.org/ngc/graphics/tkierscey/ccrr/ccrr009.jpg]
[www.narrowgauge.org/ngc/graphics/tkierscey/ccrr/tn-ccrr009.jpg]
[www.narrowgauge.org/ngc/graphics/tkierscey/ccrr/ccrr010.jpg]
[www.narrowgauge.org/ngc/graphics/tkierscey/ccrr/tn-ccrr010.jpg]
[www.narrowgauge.org/ngc/graphics/tkierscey/ccrr/ccrr011.jpg]
[www.narrowgauge.org/ngc/graphics/tkierscey/ccrr/tn-ccrr011.jpg]
[www.narrowgauge.org/ngc/graphics/tkierscey/ccrr/ccrr040.jpg]
[www.narrowgauge.org/ngc/graphics/tkierscey/ccrr/tn-ccrr040.jpg]
[www.narrowgauge.org/ngc/graphics/tkierscey/ccrr/ccrr012.jpg]
[www.narrowgauge.org/ngc/graphics/tkierscey/ccrr/tn-ccrr012.jpg]
[www.narrowgauge.org/ngc/graphics/tkierscey/ccrr/ccrr013.jpg]
[www.narrowgauge.org/ngc/graphics/tkierscey/ccrr/tn-ccrr013.jpg]
[www.narrowgauge.org/ngc/graphics/tkierscey/ccrr/ccrr014.jpg]
[www.narrowgauge.org/ngc/graphics/tkierscey/ccrr/tn-ccrr014.jpg]
[www.narrowgauge.org/ngc/graphics/tkierscey/ccrr/ccrr015.jpg]
[www.narrowgauge.org/ngc/graphics/tkierscey/ccrr/tn-ccrr015.jpg]
[www.narrowgauge.org/ngc/graphics/tkierscey/ccrr/ccrr016.jpg]
[www.narrowgauge.org/ngc/graphics/tkierscey/ccrr/tn-ccrr016.jpg]
[www.narrowgauge.org/ngc/graphics/tkierscey/ccrr/ccrr017.jpg]
[www.narrowgauge.org/ngc/graphics/tkierscey/ccrr/tn-ccrr017.jpg]
[www.narrowgauge.org/ngc/graphics/tkierscey/ccrr/ccrr018.jpg]
[www.narrowgauge.org/ngc/graphics/tkierscey/ccrr/tn-ccrr018.jpg]
[www.narrowgauge.org/ngc/graphics/tkierscey/ccrr/ccrr019.jpg]
[www.narrowgauge.org/ngc/graphics/tkierscey/ccrr/tn-ccrr019.jpg]
[www.narrowgauge.org/ngc/graphics/tkierscey/ccrr/ccrr042.jpg]
[www.narrowgauge.org/ngc/graphics/tkierscey/ccrr/tn-ccrr042.jpg]
[www.narrowgauge.org/ngc/graphics/tkierscey/ccrr/ccrr020.jpg]
[www.narrowgauge.org/ngc/graphics/tkierscey/ccrr/tn-ccrr020.jpg]
[www.narrowgauge.org/ngc/graphics/tkierscey/ccrr/ccrr021.jpg]
[www.narrowgauge.org/ngc/graphics/tkierscey/ccrr/tn-ccrr021.jpg]
[www.narrowgauge.org/ngc/html/excursion6/excursion6-beaver-brook.html]
[www.narrowgauge.org/images/tkcok/m00430.jpg]
[www.narrowgauge.org/images/tkcok/tnails/s00430.jpg]
[www.narrowgauge.org/images/tkcok/m00427.jpg]
[www.narrowgauge.org/images/tkcok/tnails/s00427.jpg]
[www.narrowgauge.org/images/tkcok/m00380.jpg]
[www.narrowgauge.org/images/tkcok/tnails/s00380.jpg]
[www.narrowgauge.org/images/tkcok/m00380a.jpg]
[www.narrowgauge.org/images/tkcok/tnails/s00380a.jpg]
[www.narrowgauge.org/images/tkcok/m00271.jpg]
[www.narrowgauge.org/images/tkcok/tnails/s00271.jpg]
[www.narrowgauge.org/images/tkcok/m00173.jpg]
[www.narrowgauge.org/images/tkcok/tnails/s00173.jpg]
[www.narrowgauge.org/images/tkcok/m00167.jpg]
[www.narrowgauge.org/images/tkcok/tnails/s00167.jpg]
[www.narrowgauge.org/images/tkcok/m00171.jpg]
[www.narrowgauge.org/images/tkcok/tnails/s00171.jpg]
[www.narrowgauge.org/images/tkcok/m00166.jpg]
[www.narrowgauge.org/images/tkcok/tnails/s00166.jpg]
[www.narrowgauge.org/images/tkcok/m00154.jpg]
[www.narrowgauge.org/images/tkcok/tnails/s00154.jpg]
[www.narrowgauge.org/images/tkcok/m00155.jpg]
[www.narrowgauge.org/images/tkcok/tnails/s00155.jpg]
[www.narrowgauge.org/images/tkcok/m00113.jpg]
[www.narrowgauge.org/images/tkcok/tnails/s00113.jpg]
[www.narrowgauge.org/ngc/html/excursion6/excursion6-forkscreek.html]
[www.narrowgauge.org/ngc/graphics/tkierscey/ccrr/ccrr045.jpg]
[www.narrowgauge.org/ngc/graphics/tkierscey/ccrr/tn-ccrr045.jpg]
[www.narrowgauge.org/ngc/graphics/tkierscey/ccrr/ccrr041.jpg]
[www.narrowgauge.org/ngc/graphics/tkierscey/ccrr/tn-ccrr041.jpg]
[www.narrowgauge.org/ngc/graphics/tkierscey/ccrr/ccrr047.jpg]
[www.narrowgauge.org/ngc/graphics/tkierscey/ccrr/tn-ccrr047.jpg]
[www.narrowgauge.org/ngc/graphics/tkierscey/ccrr/ccrr048.jpg]
[www.narrowgauge.org/ngc/graphics/tkierscey/ccrr/tn-ccrr048.jpg]
[www.narrowgauge.org/ngc/graphics/tkierscey/ccrr/ccrr049.jpg]
[www.narrowgauge.org/ngc/graphics/tkierscey/ccrr/tn-ccrr049.jpg]
[www.narrowgauge.org/ngc/graphics/tkierscey/ccrr/ccrr050.jpg]
[www.narrowgauge.org/ngc/graphics/tkierscey/ccrr/tn-ccrr050.jpg]
[www.narrowgauge.org/ngc/graphics/tkierscey/ccrr/ccrr051.jpg]
[www.narrowgauge.org/ngc/graphics/tkierscey/ccrr/tn-ccrr051.jpg]
[www.narrowgauge.org/ngc/graphics/tkierscey/ccrr/ccrr052.jpg]
[www.narrowgauge.org/ngc/graphics/tkierscey/ccrr/tn-ccrr052.jpg]
[www.narrowgauge.org/ngc/graphics/tkierscey/ccrr/ccrr053.jpg]
[www.narrowgauge.org/ngc/graphics/tkierscey/ccrr/tn-ccrr053.jpg]
[www.narrowgauge.org/ngc/graphics/tkierscey/ccrr/ccrr054.jpg]
[www.narrowgauge.org/ngc/graphics/tkierscey/ccrr/tn-ccrr054.jpg]
[www.narrowgauge.org/ngc/graphics/tkierscey/ccrr/ccrr055.jpg]
[www.narrowgauge.org/ngc/graphics/tkierscey/ccrr/tn-ccrr055.jpg]
[www.narrowgauge.org/ngc/graphics/tkierscey/ccrr/ccrr056.jpg]
[www.narrowgauge.org/ngc/graphics/tkierscey/ccrr/tn-ccrr056.jpg]
[www.narrowgauge.org/ngc/graphics/tkierscey/ccrr/ccrr057.jpg]
[www.narrowgauge.org/ngc/graphics/tkierscey/ccrr/tn-ccrr057.jpg]
[www.narrowgauge.org/ngc/graphics/tkierscey/ccrr/ccrr058.jpg]
[www.narrowgauge.org/ngc/graphics/tkierscey/ccrr/tn-ccrr058.jpg]
[www.narrowgauge.org/ngc/graphics/tkierscey/ccrr/ccrr059.jpg]
[www.narrowgauge.org/ngc/graphics/tkierscey/ccrr/tn-ccrr059.jpg]
[www.narrowgauge.org/ngc/graphics/tkierscey/ccrr/ccrr060.jpg]
[www.narrowgauge.org/ngc/graphics/tkierscey/ccrr/tn-ccrr060.jpg]
[www.narrowgauge.org/ngc/graphics/tkierscey/ccrr/ccrr061.jpg]
[www.narrowgauge.org/ngc/graphics/tkierscey/ccrr/tn-ccrr061.jpg]
[www.narrowgauge.org/ngc/html/excursion6/excursion6-golden.html]
[www.narrowgauge.org/ngc/graphics/tkierscey/ccrr/ccrr044.jpg]
[www.narrowgauge.org/ngc/graphics/tkierscey/ccrr/tn-ccrr044.jpg]
[www.narrowgauge.org/images/tkcok/m00432.jpg]
[www.narrowgauge.org/images/tkcok/tnails/s00432.jpg]
[www.narrowgauge.org/images/ken/GTloop.jpg]
[www.narrowgauge.org/images/ken/tnails/tn-GTloop.jpg]
[www.narrowgauge.org/images/tkcok/m00414.jpg]
[www.narrowgauge.org/images/tkcok/tnails/s00414.jpg]
[www.narrowgauge.org/images/tkcok/m00365.jpg]
[www.narrowgauge.org/images/tkcok/tnails/s00365.jpg]
[www.narrowgauge.org/images/tkcok/m00328.jpg]
[www.narrowgauge.org/images/tkcok/tnails/s00328.jpg]
[www.narrowgauge.org/images/tkcok/m00314.jpg]
[www.narrowgauge.org/images/tkcok/tnails/s00314.jpg]
[www.narrowgauge.org/images/tkcok/m00317.jpg]
[www.narrowgauge.org/images/tkcok/tnails/s00317.jpg]
[www.narrowgauge.org/images/tkcok/m00309.jpg]
[www.narrowgauge.org/images/tkcok/tnails/s00309.jpg]
[www.narrowgauge.org/images/tkcok/m00308.jpg]
[www.narrowgauge.org/images/tkcok/tnails/s00308.jpg]
[www.narrowgauge.org/images/tkcok/m00294.jpg]
[www.narrowgauge.org/images/tkcok/tnails/s00294.jpg]
[www.narrowgauge.org/images/tkcok/m00286.jpg]
[www.narrowgauge.org/images/tkcok/tnails/s00286.jpg]
[www.narrowgauge.org/images/tkcok/m00275.jpg]
[www.narrowgauge.org/images/tkcok/tnails/s00275.jpg]
[www.narrowgauge.org/images/tkcok/m00272.jpg]
[www.narrowgauge.org/images/tkcok/tnails/s00272.jpg]
[www.narrowgauge.org/images/tkcok/m00236.jpg]
[www.narrowgauge.org/images/tkcok/tnails/s00236.jpg]
[www.narrowgauge.org/images/tkcok/m00235.jpg]
[www.narrowgauge.org/images/tkcok/tnails/s00235.jpg]
[www.narrowgauge.org/images/tkcok/m00208.jpg]
[www.narrowgauge.org/images/tkcok/tnails/s00208.jpg]
[www.narrowgauge.org/images/tkcok/m00206.jpg]
[www.narrowgauge.org/images/tkcok/tnails/s00206.jpg]
[www.narrowgauge.org/images/tkcok/m00181.jpg]
[www.narrowgauge.org/images/tkcok/tnails/s00181.jpg]
[www.narrowgauge.org/images/tkcok/m00159.jpg]
[www.narrowgauge.org/images/tkcok/tnails/s00159.jpg]
[www.narrowgauge.org/images/tkcok/m00160.jpg]
[www.narrowgauge.org/images/tkcok/tnails/s00160.jpg]
[www.narrowgauge.org/images/tkcok/m00161.jpg]
[www.narrowgauge.org/images/tkcok/tnails/s00161.jpg]
[www.narrowgauge.org/images/tkcok/m00110.jpg]
[www.narrowgauge.org/images/tkcok/tnails/s00110.jpg]
[www.narrowgauge.org/ngc/html/excursion6/excursion6-georgetown.html]
[www.narrowgauge.org/ngc/graphics/tkierscey/ccrr/ccrr046.jpg]
[www.narrowgauge.org/ngc/graphics/tkierscey/ccrr/tn-ccrr046.jpg]
[www.narrowgauge.org/ngc/graphics/tkierscey/ccrr/ccrr043.jpg]
[www.narrowgauge.org/ngc/graphics/tkierscey/ccrr/tn-ccrr043.jpg]
[www.narrowgauge.org/ngc/graphics/tkierscey/ccrr/ccrr039.jpg]
[www.narrowgauge.org/ngc/graphics/tkierscey/ccrr/tn-ccrr039.jpg]
[www.narrowgauge.org/images/tkcok/m00459.jpg]
[www.narrowgauge.org/images/tkcok/tnails/s00459.jpg]
[www.narrowgauge.org/images/tkcok/m00397.jpg]
[www.narrowgauge.org/images/tkcok/tnails/s00397.jpg]
[www.narrowgauge.org/images/tkcok/m00348.jpg]
[www.narrowgauge.org/images/tkcok/tnails/s00348.jpg]
[www.narrowgauge.org/images/tkcok/m00345.jpg]
[www.narrowgauge.org/images/tkcok/tnails/s00345.jpg]
[www.narrowgauge.org/images/tkcok/m00342.jpg]
[www.narrowgauge.org/images/tkcok/tnails/s00342.jpg]
[www.narrowgauge.org/images/tkcok/m00312.jpg]
[www.narrowgauge.org/images/tkcok/tnails/s00312.jpg]
[www.narrowgauge.org/images/tkcok/m00234.jpg]
[www.narrowgauge.org/images/tkcok/tnails/s00234.jpg]
[www.narrowgauge.org/images/tkcok/m00266.jpg]
[www.narrowgauge.org/images/tkcok/tnails/s00266.jpg]
[www.narrowgauge.org/images/tkcok/m00253.jpg]
[www.narrowgauge.org/images/tkcok/tnails/s00253.jpg]
[www.narrowgauge.org/images/tkcok/m00242.jpg]
[www.narrowgauge.org/images/tkcok/tnails/s00242.jpg]
[www.narrowgauge.org/images/tkcok/m00231.jpg]
[www.narrowgauge.org/images/tkcok/tnails/s00231.jpg]
[www.narrowgauge.org/images/tkcok/m00230.jpg]
[www.narrowgauge.org/images/tkcok/tnails/s00230.jpg]
[www.narrowgauge.org/images/tkcok/m00226.jpg]
[www.narrowgauge.org/images/tkcok/tnails/s00226.jpg]
[www.narrowgauge.org/images/tkcok/m00224.jpg]
[www.narrowgauge.org/images/tkcok/tnails/s00224.jpg]
[www.narrowgauge.org/images/tkcok/m00220.jpg]
[www.narrowgauge.org/images/tkcok/tnails/s00220.jpg]
[www.narrowgauge.org/images/tkcok/m00212.jpg]
[www.narrowgauge.org/images/tkcok/tnails/s00212.jpg]
[www.narrowgauge.org/images/tkcok/m00211.jpg]
[www.narrowgauge.org/images/tkcok/tnails/s00211.jpg]
[www.narrowgauge.org/images/tkcok/m00203.jpg]
[www.narrowgauge.org/images/tkcok/tnails/s00203.jpg]
[www.narrowgauge.org/images/tkcok/m00204.jpg]
[www.narrowgauge.org/images/tkcok/tnails/s00204.jpg]
[www.narrowgauge.org/images/tkcok/m00205.jpg]
[www.narrowgauge.org/images/tkcok/tnails/s00205.jpg]
[www.narrowgauge.org/images/tkcok/m00201.jpg]
[www.narrowgauge.org/images/tkcok/tnails/s00201.jpg]
[www.narrowgauge.org/images/tkcok/m00202.jpg]
[www.narrowgauge.org/images/tkcok/tnails/s00202.jpg]
[www.narrowgauge.org/images/tkcok/m00200.jpg]
[www.narrowgauge.org/images/tkcok/tnails/s00200.jpg]
[www.narrowgauge.org/images/tkcok/m00219.jpg]
[www.narrowgauge.org/images/tkcok/tnails/s00219.jpg]
[www.narrowgauge.org/images/tkcok/m00196.jpg]
[www.narrowgauge.org/images/tkcok/tnails/s00196.jpg]
[www.narrowgauge.org/images/tkcok/m00197.jpg]
[www.narrowgauge.org/images/tkcok/tnails/s00197.jpg]
[www.narrowgauge.org/images/tkcok/m00182.jpg]
[www.narrowgauge.org/images/tkcok/tnails/s00182.jpg]
[www.narrowgauge.org/images/tkcok/m00183.jpg]
[www.narrowgauge.org/images/tkcok/tnails/s00183.jpg]
[www.narrowgauge.org/images/tkcok/m00124.jpg]
[www.narrowgauge.org/images/tkcok/tnails/s00124.jpg]
[www.narrowgauge.org/images/tkcok/m00186.jpg]
[www.narrowgauge.org/images/tkcok/tnails/s00186.jpg]
[www.narrowgauge.org/images/tkcok/m00175.jpg]
[www.narrowgauge.org/images/tkcok/tnails/s00175.jpg]
[www.narrowgauge.org/images/tkcok/m00174.jpg]
[www.narrowgauge.org/images/tkcok/tnails/s00174.jpg]
[www.narrowgauge.org/images/tkcok/m00143.jpg]
[www.narrowgauge.org/images/tkcok/tnails/s00143.jpg]
[www.narrowgauge.org/images/tkcok/m00131.jpg]
[www.narrowgauge.org/images/tkcok/tnails/s00131.jpg]
[www.narrowgauge.org/ngc/html/excursion6/excursion6-centralcity.html]
[www.narrowgauge.org/images/tkcok/m00421.jpg]
[www.narrowgauge.org/images/tkcok/tnails/s00421.jpg]
[www.narrowgauge.org/images/tkcok/m00392.jpg]
[www.narrowgauge.org/images/tkcok/tnails/s00392.jpg]
[www.narrowgauge.org/images/tkcok/m00377.jpg]
[www.narrowgauge.org/images/tkcok/tnails/s00377.jpg]
[www.narrowgauge.org/images/tkcok/m00310.jpg]
[www.narrowgauge.org/images/tkcok/tnails/s00310.jpg]
[www.narrowgauge.org/images/tkcok/m00293.jpg]
[www.narrowgauge.org/images/tkcok/tnails/s00293.jpg]
[www.narrowgauge.org/images/tkcok/m00287.jpg]
[www.narrowgauge.org/images/tkcok/tnails/s00287.jpg]
[www.narrowgauge.org/images/tkcok/m00277.jpg]
[www.narrowgauge.org/images/tkcok/tnails/s00277.jpg]
[www.narrowgauge.org/images/tkcok/m00288.jpg]
[www.narrowgauge.org/images/tkcok/tnails/s00288.jpg]
[www.narrowgauge.org/images/tkcok/m00244.jpg]
[www.narrowgauge.org/images/tkcok/tnails/s00244.jpg]
[www.narrowgauge.org/images/tkcok/m00274.jpg]
[www.narrowgauge.org/images/tkcok/tnails/s00274.jpg]
[www.narrowgauge.org/images/tkcok/m00270.jpg]
[www.narrowgauge.org/images/tkcok/tnails/s00270.jpg]
[www.narrowgauge.org/images/tkcok/m00257.jpg]
[www.narrowgauge.org/images/tkcok/tnails/s00257.jpg]
[www.narrowgauge.org/images/tkcok/m00130.jpg]
[www.narrowgauge.org/images/tkcok/tnails/s00130.jpg]
[www.narrowgauge.org/images/tkcok/m00213.jpg]
[www.narrowgauge.org/images/tkcok/tnails/s00213.jpg]
[www.narrowgauge.org/images/tkcok/m00209.jpg]
[www.narrowgauge.org/images/tkcok/tnails/s00209.jpg]
[www.narrowgauge.org/images/tkcok/m00207.jpg]
[www.narrowgauge.org/images/tkcok/tnails/s00207.jpg]
[www.narrowgauge.org/images/tkcok/m00195.jpg]
[www.narrowgauge.org/images/tkcok/tnails/s00195.jpg]
[www.narrowgauge.org/images/tkcok/m00194.jpg]
[www.narrowgauge.org/images/tkcok/tnails/s00194.jpg]
[www.narrowgauge.org/images/tkcok/m00125.jpg]
[www.narrowgauge.org/images/tkcok/tnails/s00125.jpg]
[www.narrowgauge.org/images/tkcok/m00179.jpg]
[www.narrowgauge.org/images/tkcok/tnails/s00179.jpg]
[www.narrowgauge.org/images/tkcok/m00178.jpg]
[www.narrowgauge.org/images/tkcok/tnails/s00178.jpg]
[www.narrowgauge.org/images/tkcok/m00146.jpg]
[www.narrowgauge.org/images/tkcok/tnails/s00146.jpg]
[www.narrowgauge.org/images/tkcok/m00145.jpg]
[www.narrowgauge.org/images/tkcok/tnails/s00145.jpg]
[www.narrowgauge.org/ngc/html/excursion6/excursion6-blackhawk.html]
[www.narrowgauge.org/images/tkcok/m00458.jpg]
[www.narrowgauge.org/images/tkcok/tnails/s00458.jpg]
[www.narrowgauge.org/images/tkcok/m00457.jpg]
[www.narrowgauge.org/images/tkcok/tnails/s00457.jpg]
[www.narrowgauge.org/images/tkcok/m00435.jpg]
[www.narrowgauge.org/images/tkcok/tnails/s00435.jpg]
[www.narrowgauge.org/images/tkcok/m00347.jpg]
[www.narrowgauge.org/images/tkcok/tnails/s00347.jpg]
[www.narrowgauge.org/images/tkcok/m00273.jpg]
[www.narrowgauge.org/images/tkcok/tnails/s00273.jpg]
[www.narrowgauge.org/images/tkcok/m00172.jpg]
[www.narrowgauge.org/images/tkcok/tnails/s00172.jpg]
[www.narrowgauge.org/ngc/html/excursion6/excursion6-idahosprings.html]
[www.narrowgauge.org/images/tkcok/m00398.jpg]
[www.narrowgauge.org/images/tkcok/tnails/s00398.jpg]
[www.narrowgauge.org/images/tkcok/m00349.jpg]
[www.narrowgauge.org/images/tkcok/tnails/s00349.jpg]
[www.narrowgauge.org/images/tkcok/m00243.jpg]
[www.narrowgauge.org/images/tkcok/tnails/s00243.jpg]
[www.narrowgauge.org/ngc/html/excursion6/excursion6-other.html]
[www.narrowgauge.org/ngc/graphics/tkierscey/drg/drg003.jpg]
[www.narrowgauge.org/ngc/graphics/tkierscey/drg/tn-drg003.jpg]
[www.narrowgauge.org/images/drg_subpage_tkc_return_button.jpg]
[www.narrowgauge.org/ncmap/ted/drg_leadville.html]
[www.narrowgauge.org/ncmap/ted/drg_montrose.html]
[www.narrowgauge.org/ncmap/ted/drg_salida.html]
[www.narrowgauge.org/ncmap/ted/drg_royal_gorge.html]
[www.narrowgauge.org/ncmap/ted/drg_muleshoe.html]
[www.narrowgauge.org/ncmap/ted/drg_marshall_pass.html]
[www.narrowgauge.org/ncmap/ted/drg_laveta_pass.html]
[www.narrowgauge.org/ncmap/ted/drg_black_canyon.html]
[www.narrowgauge.org/ncmap/ted/drg_silver_cliff.html]
[www.narrowgauge.org/ncmap/ted/drg_colorado_springs.html]
[www.narrowgauge.org/ncmap/ted/drg_silverton_branch.html]
[www.narrowgauge.org/ncmap/ted/drg_chama_durango.html]
[www.narrowgauge.org/ncmap/ted/drg_ouray.html]
[www.narrowgauge.org/images/tkcok/m0029.jpg]
[www.narrowgauge.org/images/tkcok/tnails/s0029.jpg]
[www.narrowgauge.org/ncmap/ted/excursion7.13e7.delayed]
[www.narrowgauge.org/ncmap/ted/drg_other.html]
[www.narrowgauge.org/ngc/html/tkierscey/friends/www.bayside.net/users/evans/ncmap/ted/final.html]
[www.narrowgauge.org/4x4/html/www.tcd.net/_mevans19/ncmap/sil_af.html]
[www.narrowgauge.org/4x4/images/box_factory/tnails/tn_jx001.jpg]
[www.narrowgauge.org/4x4/images/sjo2000/0820/dsngrr-1.jpg]
[www.narrowgauge.org/4x4/images/sjo2000/0820/tn_dsngrr-1.jpg]
[www.narrowgauge.org/4x4/images/sjo2000/0820/dsngrr-2.jpg]
[www.narrowgauge.org/4x4/images/sjo2000/0820/tn_dsngrr-2.jpg]
[www.narrowgauge.org/4x4/images/sjo2000/0820/dsngrr-5.jpg]
[www.narrowgauge.org/4x4/images/sjo2000/0820/tn_dsngrr-5.jpg]
[www.narrowgauge.org/4x4/images/sjo2000/4x4_sjo2000_return_button.jpg]
[www.narrowgauge.org/4x4/html/sjo2000_sunday.html]
[www.narrowgauge.org/4x4/images/sjo2000/0821/corkscrew-1.jpg]
[www.narrowgauge.org/4x4/images/sjo2000/0821/tn_corkscrew-1.jpg]
[www.narrowgauge.org/4x4/images/sjo2000/0821/hurricane-1.jpg]
[www.narrowgauge.org/4x4/images/sjo2000/0821/tn_hurricane-1.jpg]
[www.narrowgauge.org/4x4/images/sjo2000/0821/california-1.jpg]
[www.narrowgauge.org/4x4/images/sjo2000/0821/tn_california-1.jpg]
[www.narrowgauge.org/4x4/images/sjo2000/0821/california-2.jpg]
[www.narrowgauge.org/4x4/images/sjo2000/0821/tn_california-2.jpg]
[www.narrowgauge.org/4x4/images/sjo2000/0821/owlcreek-1.jpg]
[www.narrowgauge.org/4x4/images/sjo2000/0821/tn_owlcreek-1.jpg]
[www.narrowgauge.org/4x4/images/sjo2000/0821/owlcreek-2.jpg]
[www.narrowgauge.org/4x4/images/sjo2000/0821/tn_owlcreek-2.jpg]
[www.narrowgauge.org/4x4/html/sjo2000_monday.html]
[www.narrowgauge.org/4x4/images/sjo2000/0823/eureka-482.jpg]
[www.narrowgauge.org/4x4/images/sjo2000/0823/tn_eureka-482.jpg]
[www.narrowgauge.org/4x4/images/sjo2000/0823/eureka-2.jpg]
[www.narrowgauge.org/4x4/images/sjo2000/0823/tn_eureka-2.jpg]
[www.narrowgauge.org/4x4/images/sjo2000/0823/eureka-3.jpg]
[www.narrowgauge.org/4x4/images/sjo2000/0823/tn_eureka-3.jpg]
[www.narrowgauge.org/4x4/images/sjo2000/0823/eureka-1.jpg]
[www.narrowgauge.org/4x4/images/sjo2000/0823/tn_eureka-1.jpg]
[www.narrowgauge.org/4x4/images/sjo2000/0823/eureka-4.jpg]
[www.narrowgauge.org/4x4/images/sjo2000/0823/tn_eureka-4.jpg]
[www.narrowgauge.org/4x4/images/sjo2000/0823/eureka-5.jpg]
[www.narrowgauge.org/4x4/images/sjo2000/0823/tn_eureka-5.jpg]
[www.narrowgauge.org/4x4/images/sjo2000/0823/eureka-6.jpg]
[www.narrowgauge.org/4x4/images/sjo2000/0823/tn_eureka-6.jpg]
[www.narrowgauge.org/4x4/images/sjo2000/0823/eureka-8.jpg]
[www.narrowgauge.org/4x4/images/sjo2000/0823/tn_eureka-8.jpg]
[www.narrowgauge.org/4x4/images/sjo2000/0823/eureka-7.jpg]
[www.narrowgauge.org/4x4/images/sjo2000/0823/tn_eureka-7.jpg]
[www.narrowgauge.org/4x4/html/sjo2000_wednesday.html]
[www.narrowgauge.org/4x4/images/sjo2000/0824/goose-1.jpg]
[www.narrowgauge.org/4x4/images/sjo2000/0824/tn_goose-1.jpg]
[www.narrowgauge.org/4x4/images/sjo2000/0824/goose-2.jpg]
[www.narrowgauge.org/4x4/images/sjo2000/0824/tn_goose-2.jpg]
[www.narrowgauge.org/4x4/images/sjo2000/0824/goose-3.jpg]
[www.narrowgauge.org/4x4/images/sjo2000/0824/tn_goose-3.jpg]
[www.narrowgauge.org/4x4/images/sjo2000/0824/goose-4.jpg]
[www.narrowgauge.org/4x4/images/sjo2000/0824/tn_goose-4.jpg]
[www.narrowgauge.org/4x4/images/sjo2000/0824/goose-5.jpg]
[www.narrowgauge.org/4x4/images/sjo2000/0824/tn_goose-5.jpg]
[www.narrowgauge.org/4x4/images/sjo2000/0824/goose-6.jpg]
[www.narrowgauge.org/4x4/images/sjo2000/0824/tn_goose-6.jpg]
[www.narrowgauge.org/4x4/images/sjo2000/0824/sjo-goose-10.jpg]
[www.narrowgauge.org/4x4/images/sjo2000/0824/tn_sjo-goose-10.jpg]
[www.narrowgauge.org/4x4/images/sjo2000/0824/sjo-goose-11.jpg]
[www.narrowgauge.org/4x4/images/sjo2000/0824/tn_sjo-goose-11.jpg]
[www.narrowgauge.org/4x4/images/sjo2000/0824/sjo-goose-12.jpg]
[www.narrowgauge.org/4x4/images/sjo2000/0824/tn_sjo-goose-12.jpg]
[www.narrowgauge.org/4x4/images/sjo2000/0824/goose-7.jpg]
[www.narrowgauge.org/4x4/images/sjo2000/0824/tn_goose-7.jpg]
[www.narrowgauge.org/4x4/images/sjo2000/0824/goose-8.jpg]
[www.narrowgauge.org/4x4/images/sjo2000/0824/tn_goose-8.jpg]
[www.narrowgauge.org/4x4/html/sjo2000_thursday.html]
[www.narrowgauge.org/4x4/images/sjo2000/0825/blackbear-1.jpg]
[www.narrowgauge.org/4x4/images/sjo2000/0825/tn_blackbear-1.jpg]
[www.narrowgauge.org/4x4/images/sjo2000/0825/blackbear-2.jpg]
[www.narrowgauge.org/4x4/images/sjo2000/0825/tn_blackbear-2.jpg]
[www.narrowgauge.org/4x4/images/sjo2000/0825/blackbear-3.jpg]
[www.narrowgauge.org/4x4/images/sjo2000/0825/tn_blackbear-3.jpg]
[www.narrowgauge.org/4x4/images/sjo2000/0825/blackbear-4.jpg]
[www.narrowgauge.org/4x4/images/sjo2000/0825/tn_blackbear-4.jpg]
[www.narrowgauge.org/4x4/images/sjo2000/0825/blackbear-5.jpg]
[www.narrowgauge.org/4x4/images/sjo2000/0825/tn_blackbear-5.jpg]
[www.narrowgauge.org/4x4/images/sjo2000/0825/blackbear-6.jpg]
[www.narrowgauge.org/4x4/images/sjo2000/0825/tn_blackbear-6.jpg]
[www.narrowgauge.org/4x4/images/sjo2000/0825/blackbear-7.jpg]
[www.narrowgauge.org/4x4/images/sjo2000/0825/tn_blackbear-7.jpg]
[www.narrowgauge.org/4x4/images/sjo2000/0825/blackbear-8.jpg]
[www.narrowgauge.org/4x4/images/sjo2000/0825/tn_blackbear-8.jpg]
[www.narrowgauge.org/4x4/html/sjo2000_friday.html]
[www.narrowgauge.org/4x4/images/sjo99/sjo99_725_001.jpg]
[www.narrowgauge.org/4x4/images/sjo99/tn_sjo99_725_001.jpg]
[www.narrowgauge.org/4x4/images/sjo99/sjo99_725_002.jpg]
[www.narrowgauge.org/4x4/images/sjo99/tn_sjo99_725_002.jpg]
[www.narrowgauge.org/4x4/images/sjo99/sjo99_725_004.jpg]
[www.narrowgauge.org/4x4/images/sjo99/tn_sjo99_725_004.jpg]
[www.narrowgauge.org/4x4/images/sjo99/sjo99_725_005.jpg]
[www.narrowgauge.org/4x4/images/sjo99/tn_sjo99_725_005.jpg]
[www.narrowgauge.org/4x4/images/sjo99/sjo99_725_006.jpg]
[www.narrowgauge.org/4x4/images/sjo99/tn_sjo99_725_006.jpg]
[www.narrowgauge.org/4x4/images/sjo99/sjo99_725_008.jpg]
[www.narrowgauge.org/4x4/images/sjo99/tn_sjo99_725_008.jpg]
[www.narrowgauge.org/4x4/images/sjo99/sjo99_725_010.jpg]
[www.narrowgauge.org/4x4/images/sjo99/tn_sjo99_725_010.jpg]
[www.narrowgauge.org/4x4/images/sjo99/sjo99_725_011.jpg]
[www.narrowgauge.org/4x4/images/sjo99/tn_sjo99_725_011.jpg]
[www.narrowgauge.org/4x4/images/sjo99/sjo99_725_012.jpg]
[www.narrowgauge.org/4x4/images/sjo99/tn_sjo99_725_012.jpg]
[www.narrowgauge.org/4x4/images/sjo99/sjo99_725_013.jpg]
[www.narrowgauge.org/4x4/images/sjo99/tn_sjo99_725_013.jpg]
[www.narrowgauge.org/4x4/images/sjo99/sjo99_725_014.jpg]
[www.narrowgauge.org/4x4/images/sjo99/tn_sjo99_725_014.jpg]
[www.narrowgauge.org/4x4/images/sjo99/sjo99_725_015.jpg]
[www.narrowgauge.org/4x4/images/sjo99/tn_sjo99_725_015.jpg]
[www.narrowgauge.org/4x4/images/sjo99/sjo99_725_018.jpg]
[www.narrowgauge.org/4x4/images/sjo99/tn_sjo99_725_018.jpg]
[www.narrowgauge.org/4x4/images/sjo99/sjo99_725_017.jpg]
[www.narrowgauge.org/4x4/images/sjo99/tn_sjo99_725_017.jpg]
[www.narrowgauge.org/4x4/images/sjo99/4x4_sjo99_return_button.jpg]
[www.narrowgauge.org/4x4/html/sjo99_sunday_25.html]
[www.narrowgauge.org/4x4/images/sjo99/sjo99_govbasin_1.jpg]
[www.narrowgauge.org/4x4/images/sjo99/tn_sjo99_govbasin_1.jpg]
[www.narrowgauge.org/4x4/images/sjo99/sjo99_govbasin_4.jpg]
[www.narrowgauge.org/4x4/images/sjo99/tn_sjo99_govbasin_4.jpg]
[www.narrowgauge.org/4x4/images/sjo99/sjo99_govbasin_9.jpg]
[www.narrowgauge.org/4x4/images/sjo99/tn_sjo99_govbasin_9.jpg]
[www.narrowgauge.org/4x4/images/sjo99/sjo99_govbasin_10.jpg]
[www.narrowgauge.org/4x4/images/sjo99/tn_sjo99_govbasin_10.jpg]
[www.narrowgauge.org/4x4/images/sjo99/sjo99_govbasin_11.jpg]
[www.narrowgauge.org/4x4/images/sjo99/tn_sjo99_govbasin_11.jpg]
[www.narrowgauge.org/4x4/images/sjo99/sjo99_govbasin_12.jpg]
[www.narrowgauge.org/4x4/images/sjo99/tn_sjo99_govbasin_12.jpg]
[www.narrowgauge.org/4x4/images/sjo99/sjo99_govbasin_14.jpg]
[www.narrowgauge.org/4x4/images/sjo99/tn_sjo99_govbasin_14.jpg]
[www.narrowgauge.org/4x4/images/sjo99/sjo99_govbasin_15.jpg]
[www.narrowgauge.org/4x4/images/sjo99/tn_sjo99_govbasin_15.jpg]
[www.narrowgauge.org/4x4/images/sjo99/sjo99_govbasin_19.jpg]
[www.narrowgauge.org/4x4/images/sjo99/tn_sjo99_govbasin_19.jpg]
[www.narrowgauge.org/4x4/images/sjo99/sjo99_govbasin_21.jpg]
[www.narrowgauge.org/4x4/images/sjo99/tn_sjo99_govbasin_21.jpg]
[www.narrowgauge.org/4x4/images/sjo99/sjo99_govbasin_25.jpg]
[www.narrowgauge.org/4x4/images/sjo99/tn_sjo99_govbasin_25.jpg]
[www.narrowgauge.org/4x4/images/sjo99/sjo99_govbasin_26.jpg]
[www.narrowgauge.org/4x4/images/sjo99/tn_sjo99_govbasin_26.jpg]
[www.narrowgauge.org/4x4/images/sjo99/sjo99_govbasin_27.jpg]
[www.narrowgauge.org/4x4/images/sjo99/tn_sjo99_govbasin_27.jpg]
[www.narrowgauge.org/4x4/images/sjo99/sjo99_govbasin_31.jpg]
[www.narrowgauge.org/4x4/images/sjo99/tn_sjo99_govbasin_31.jpg]
[www.narrowgauge.org/4x4/images/sjo99/sjo99_govbasin_32.jpg]
[www.narrowgauge.org/4x4/images/sjo99/tn_sjo99_govbasin_32.jpg]
[www.narrowgauge.org/4x4/html/sjo99_monday_26.html]
[www.narrowgauge.org/4x4/images/sjo99/usbasin_1_72799.jpg]
[www.narrowgauge.org/4x4/images/sjo99/tn_usbasin_1_72799.jpg]
[www.narrowgauge.org/4x4/images/sjo99/usbasin_2_72799.jpg]
[www.narrowgauge.org/4x4/images/sjo99/tn_usbasin_2_72799.jpg]
[www.narrowgauge.org/4x4/images/sjo99/usbasin_3_72799.jpg]
[www.narrowgauge.org/4x4/images/sjo99/tn_usbasin_3_72799.jpg]
[www.narrowgauge.org/4x4/images/sjo99/usbasin_4_72799.jpg]
[www.narrowgauge.org/4x4/images/sjo99/tn_usbasin_4_72799.jpg]
[www.narrowgauge.org/4x4/images/sjo99/usbasin_6_72799.jpg]
[www.narrowgauge.org/4x4/images/sjo99/tn_usbasin_6_72799.jpg]
[www.narrowgauge.org/4x4/images/sjo99/usbasin_7_72799.jpg]
[www.narrowgauge.org/4x4/images/sjo99/tn_usbasin_7_72799.jpg]
[www.narrowgauge.org/4x4/images/sjo99/usbasin_8_72799.jpg]
[www.narrowgauge.org/4x4/images/sjo99/tn_usbasin_8_72799.jpg]
[www.narrowgauge.org/4x4/images/sjo99/usbasin_9_72799.jpg]
[www.narrowgauge.org/4x4/images/sjo99/tn_usbasin_9_72799.jpg]
[www.narrowgauge.org/4x4/images/sjo99/usbasin_10_72799.jpg]
[www.narrowgauge.org/4x4/images/sjo99/tn_usbasin_10_72799.jpg]
[www.narrowgauge.org/4x4/images/sjo99/usbasin_11_72799.jpg]
[www.narrowgauge.org/4x4/images/sjo99/tn_usbasin_11_72799.jpg]
[www.narrowgauge.org/4x4/images/sjo99/usbasin_12_72799.jpg]
[www.narrowgauge.org/4x4/images/sjo99/tn_usbasin_12_72799.jpg]
[www.narrowgauge.org/4x4/images/sjo99/usbasin_13_72799.jpg]
[www.narrowgauge.org/4x4/images/sjo99/tn_usbasin_13_72799.jpg]
[www.narrowgauge.org/4x4/images/sjo99/usbasin_14_72799.jpg]
[www.narrowgauge.org/4x4/images/sjo99/tn_usbasin_14_72799.jpg]
[www.narrowgauge.org/4x4/images/sjo99/usbasin_15_72799.jpg]
[www.narrowgauge.org/4x4/images/sjo99/tn_usbasin_15_72799.jpg]
[www.narrowgauge.org/4x4/images/sjo99/usbasin_16_72799.jpg]
[www.narrowgauge.org/4x4/images/sjo99/tn_usbasin_16_72799.jpg]
[www.narrowgauge.org/4x4/images/sjo99/usbasin_18_72799.jpg]
[www.narrowgauge.org/4x4/images/sjo99/tn_usbasin_18_72799.jpg]
[www.narrowgauge.org/4x4/html/sjo99_tuesday_27.html]
[www.narrowgauge.org/4x4/images/sjo99/sjo99_maggie_1.jpg]
[www.narrowgauge.org/4x4/images/sjo99/tn_sjo99_maggie_1.jpg]
[www.narrowgauge.org/4x4/images/sjo99/sjo99_maggie_2.jpg]
[www.narrowgauge.org/4x4/images/sjo99/tn_sjo99_maggie_2.jpg]
[www.narrowgauge.org/4x4/images/sjo99/sjo99_maggie_3.jpg]
[www.narrowgauge.org/4x4/images/sjo99/tn_sjo99_maggie_3.jpg]
[www.narrowgauge.org/4x4/images/sjo99/sjo99_maggie_4.jpg]
[www.narrowgauge.org/4x4/images/sjo99/tn_sjo99_maggie_4.jpg]
[www.narrowgauge.org/4x4/html/sjo99_wednesday_maggie.html]
[www.narrowgauge.org/4x4/images/sjo99/sjo99_minnie_4.jpg]
[www.narrowgauge.org/4x4/images/sjo99/tn_sjo99_minnie_4.jpg]
[www.narrowgauge.org/4x4/images/sjo99/sjo99_minnie_3.jpg]
[www.narrowgauge.org/4x4/images/sjo99/tn_sjo99_minnie_3.jpg]
[www.narrowgauge.org/4x4/images/sjo99/sjo99_minnie_2.jpg]
[www.narrowgauge.org/4x4/images/sjo99/tn_sjo99_minnie_2.jpg]
[www.narrowgauge.org/4x4/images/sjo99/sjo99_minnie_5.jpg]
[www.narrowgauge.org/4x4/images/sjo99/tn_sjo99_minnie_5.jpg]
[www.narrowgauge.org/4x4/html/sjo99_wednesday_minnie.html]
[www.narrowgauge.org/4x4/images/sjo99/sjo99_giant_1.jpg]
[www.narrowgauge.org/4x4/images/sjo99/tn_sjo99_giant_1.jpg]
[www.narrowgauge.org/4x4/images/sjo99/sjo99_giant_2.jpg]
[www.narrowgauge.org/4x4/images/sjo99/tn_sjo99_giant_2.jpg]
[www.narrowgauge.org/4x4/images/sjo99/sjo99_giant_3.jpg]
[www.narrowgauge.org/4x4/images/sjo99/tn_sjo99_giant_3.jpg]
[www.narrowgauge.org/4x4/images/sjo99/sjo99_giant_4.jpg]
[www.narrowgauge.org/4x4/images/sjo99/tn_sjo99_giant_4.jpg]
[www.narrowgauge.org/4x4/images/sjo99/sjo99_giant_5.jpg]
[www.narrowgauge.org/4x4/images/sjo99/tn_sjo99_giant_5.jpg]
[www.narrowgauge.org/4x4/images/sjo99/sjo99_giant_6.jpg]
[www.narrowgauge.org/4x4/images/sjo99/tn_sjo99_giant_6.jpg]
[www.narrowgauge.org/4x4/images/sjo99/sjo99_giant_7.jpg]
[www.narrowgauge.org/4x4/images/sjo99/tn_sjo99_giant_7.jpg]
[www.narrowgauge.org/4x4/images/sjo99/sjo99_giant_8.jpg]
[www.narrowgauge.org/4x4/images/sjo99/tn_sjo99_giant_8.jpg]
[www.narrowgauge.org/4x4/images/sjo99/sjo99_giant_9.jpg]
[www.narrowgauge.org/4x4/images/sjo99/tn_sjo99_giant_9.jpg]
[www.narrowgauge.org/4x4/html/sjo99_thursday_giant.html]
[www.narrowgauge.org/4x4/images/sjo99/sjo99_picayune_1.jpg]
[www.narrowgauge.org/4x4/images/sjo99/tn_sjo99_picayune_1.jpg]
[www.narrowgauge.org/4x4/images/sjo99/sjo99_picayune_2.jpg]
[www.narrowgauge.org/4x4/images/sjo99/tn_sjo99_picayune_2.jpg]
[www.narrowgauge.org/4x4/images/sjo99/sjo99_picayune_3.jpg]
[www.narrowgauge.org/4x4/images/sjo99/tn_sjo99_picayune_3.jpg]
[www.narrowgauge.org/4x4/images/sjo99/sjo99_picayune_4.jpg]
[www.narrowgauge.org/4x4/images/sjo99/tn_sjo99_picayune_4.jpg]
[www.narrowgauge.org/4x4/images/sjo99/sjo99_picayune_5.jpg]
[www.narrowgauge.org/4x4/images/sjo99/tn_sjo99_picayune_5.jpg]
[www.narrowgauge.org/4x4/images/sjo99/sjo99_picayune_6.jpg]
[www.narrowgauge.org/4x4/images/sjo99/tn_sjo99_picayune_6.jpg]
[www.narrowgauge.org/4x4/images/sjo99/sjo99_picayune_7.jpg]
[www.narrowgauge.org/4x4/images/sjo99/tn_sjo99_picayune_7.jpg]
[www.narrowgauge.org/4x4/images/sjo99/sjo99_picayune_8.jpg]
[www.narrowgauge.org/4x4/images/sjo99/tn_sjo99_picayune_8.jpg]
[www.narrowgauge.org/4x4/images/sjo99/sjo99_picayune_9.jpg]
[www.narrowgauge.org/4x4/images/sjo99/tn_sjo99_picayune_9.jpg]
[www.narrowgauge.org/4x4/html/sjo99_thursday_picayune.html]
[www.narrowgauge.org/4x4/images/sjo99/sjo99_velocity_1.jpg]
[www.narrowgauge.org/4x4/images/sjo99/tn_sjo99_velocity_1.jpg]
[www.narrowgauge.org/4x4/images/sjo99/sjo99_velocity_2.jpg]
[www.narrowgauge.org/4x4/images/sjo99/tn_sjo99_velocity_2.jpg]
[www.narrowgauge.org/4x4/images/sjo99/sjo99_velocity_3.jpg]
[www.narrowgauge.org/4x4/images/sjo99/tn_sjo99_velocity_3.jpg]
[www.narrowgauge.org/4x4/images/sjo99/sjo99_velocity_4.jpg]
[www.narrowgauge.org/4x4/images/sjo99/tn_sjo99_velocity_4.jpg]
[www.narrowgauge.org/4x4/images/sjo99/sjo99_velocity_5.jpg]
[www.narrowgauge.org/4x4/images/sjo99/tn_sjo99_velocity_5.jpg]
[www.narrowgauge.org/4x4/images/sjo99/sjo99_velocity_6.jpg]
[www.narrowgauge.org/4x4/images/sjo99/tn_sjo99_velocity_6.jpg]
[www.narrowgauge.org/4x4/images/sjo99/sjo99_velocity_7.jpg]
[www.narrowgauge.org/4x4/images/sjo99/tn_sjo99_velocity_7.jpg]
[www.narrowgauge.org/4x4/html/sjo99_friday_velocity.html]
[www.narrowgauge.org/4x4/images/sjo99/sj099_minniehaha_1.jpg]
[www.narrowgauge.org/4x4/images/sjo99/tn_sj099_minniehaha_1.jpg]
[www.narrowgauge.org/4x4/images/sjo99/sj099_minniehaha_2.jpg]
[www.narrowgauge.org/4x4/images/sjo99/tn_sj099_minniehaha_2.jpg]
[www.narrowgauge.org/4x4/images/sjo99/sj099_minniehaha_3.jpg]
[www.narrowgauge.org/4x4/images/sjo99/tn_sj099_minniehaha_3.jpg]
[www.narrowgauge.org/4x4/images/sjo99/sj099_minniehaha_4.jpg]
[www.narrowgauge.org/4x4/images/sjo99/tn_sj099_minniehaha_4.jpg]
[www.narrowgauge.org/4x4/images/sjo99/sj099_minniehaha_5.jpg]
[www.narrowgauge.org/4x4/images/sjo99/tn_sj099_minniehaha_5.jpg]
[www.narrowgauge.org/4x4/images/sjo99/sj099_minniehaha_6.jpg]
[www.narrowgauge.org/4x4/images/sjo99/tn_sj099_minniehaha_6.jpg]
[www.narrowgauge.org/4x4/images/sjo99/sj099_minniehaha_7.jpg]
[www.narrowgauge.org/4x4/images/sjo99/tn_sj099_minniehaha_7.jpg]
[www.narrowgauge.org/4x4/images/sjo99/sj099_minniehaha_8.jpg]
[www.narrowgauge.org/4x4/images/sjo99/tn_sj099_minniehaha_8.jpg]
[www.narrowgauge.org/4x4/html/sjo99_friday_minniehaha.html]
[www.narrowgauge.org/4x4/images/sjo99/brown_mountain_6.jpg]
[www.narrowgauge.org/4x4/images/sjo99/tn_brown_mountain_6.jpg]
[www.narrowgauge.org/4x4/images/sjo99/brown_mountain_8.jpg]
[www.narrowgauge.org/4x4/images/sjo99/tn_brown_mountain_8.jpg]
[www.narrowgauge.org/4x4/images/sjo99/brown_mountain_4.jpg]
[www.narrowgauge.org/4x4/images/sjo99/tn_brown_mountain_4.jpg]
[www.narrowgauge.org/4x4/images/sjo99/brown_mountain_5.jpg]
[www.narrowgauge.org/4x4/images/sjo99/tn_brown_mountain_5.jpg]
[www.narrowgauge.org/4x4/images/sjo99/brown_mountain_7.jpg]
[www.narrowgauge.org/4x4/images/sjo99/tn_brown_mountain_7.jpg]
[www.narrowgauge.org/4x4/images/sjo99/brown_mountain_9.jpg]
[www.narrowgauge.org/4x4/images/sjo99/tn_brown_mountain_9.jpg]
[www.narrowgauge.org/4x4/images/sjo99/brown_mountain_10.jpg]
[www.narrowgauge.org/4x4/images/sjo99/tn_brown_mountain_10.jpg]
[www.narrowgauge.org/4x4/images/sjo99/brown_mountain_11.jpg]
[www.narrowgauge.org/4x4/images/sjo99/tn_brown_mountain_11.jpg]
[www.narrowgauge.org/4x4/images/sjo99/brown_mountain_12.jpg]
[www.narrowgauge.org/4x4/images/sjo99/tn_brown_mountain_12.jpg]
[www.narrowgauge.org/4x4/html/sjo99_saturday_brown.html]
[www.narrowgauge.org/4x4/cw_pages/lyrics/wcp/wcp.html]
[www.narrowgauge.org/4x4/cw_pages/lyrics/wcp/night_rider.html]
[www.narrowgauge.org/4x4/cw_pages/lyrics/wcp/classified.html]
[www.narrowgauge.org/4x4/cw_pages/lyrics/wcp/old30.html]
[www.narrowgauge.org/4x4/cw_pages/lyrics/wcp/trucked.html]
[www.narrowgauge.org/4x4/cw_pages/lyrics/wcp/4wd.html]
[www.narrowgauge.org/4x4/cw_pages/lyrics/wcp/rms.html]
[www.narrowgauge.org/4x4/cw_pages/lyrics/wcp/ohc.html]
[www.narrowgauge.org/4x4/cw_pages/lyrics/wcp/sloan.html]
[www.narrowgauge.org/4x4/cw_pages/lyrics/wcp/glenwood.html]
[www.narrowgauge.org/4x4/cw_pages/html/wcp.html]
[www.narrowgauge.org/4x4/cw_pages/lyrics/bbr/bbr.html]
[www.narrowgauge.org/4x4/cw_pages/lyrics/bbr/silverton.html]
[www.narrowgauge.org/4x4/cw_pages/lyrics/bbr/landc.html]
[www.narrowgauge.org/4x4/cw_pages/lyrics/bbr/oregon.html]
[www.narrowgauge.org/4x4/cw_pages/lyrics/bbr/ghost.html]
[www.narrowgauge.org/4x4/cw_pages/lyrics/bbr/convoy.html]
[www.narrowgauge.org/4x4/cw_pages/lyrics/bbr/llr.html]
[www.narrowgauge.org/4x4/cw_pages/lyrics/bbr/green.html]
[www.narrowgauge.org/4x4/cw_pages/lyrics/bbr/write.html]
[www.narrowgauge.org/4x4/cw_pages/lyrics/bbr/momm.html]
[www.narrowgauge.org/4x4/cw_pages/images/cw_bbr_inner.jpg]
[www.narrowgauge.org/4x4/cw_pages/html/bbr.html]
[www.narrowgauge.org/4x4/cw_pages/lyrics/wild/wild.html]
[www.narrowgauge.org/4x4/cw_pages/lyrics/wild/jackson.html]
[www.narrowgauge.org/4x4/cw_pages/lyrics/wild/riverside.html]
[www.narrowgauge.org/4x4/cw_pages/lyrics/wild/crispy.html]
[www.narrowgauge.org/4x4/cw_pages/lyrics/wild/roy.html]
[www.narrowgauge.org/4x4/cw_pages/lyrics/wild/lbs.html]
[www.narrowgauge.org/4x4/cw_pages/lyrics/wild/twbncm.html]
[www.narrowgauge.org/4x4/cw_pages/lyrics/wild/4wc.html]
[www.narrowgauge.org/4x4/cw_pages/lyrics/wild/silver.html]
[www.narrowgauge.org/4x4/cw_pages/lyrics/wild/columbine.html]
[www.narrowgauge.org/4x4/cw_pages/lyrics/wild/aurora.html]
[www.narrowgauge.org/4x4/cw_pages/images/cw_wild_inner.jpg]
[www.narrowgauge.org/4x4/cw_pages/html/wild.html]
[www.narrowgauge.org/4x4/cw_pages/lyrics/rduck/rduck.html]
[www.narrowgauge.org/4x4/cw_pages/lyrics/rduck/audubon.html]
[www.narrowgauge.org/4x4/cw_pages/lyrics/rduck/slab.html]
[www.narrowgauge.org/4x4/cw_pages/lyrics/rduck/wipers.html]
[www.narrowgauge.org/4x4/cw_pages/lyrics/rduck/silent.html]
[www.narrowgauge.org/4x4/cw_pages/lyrics/rduck/ratchetjaw.html]
[www.narrowgauge.org/4x4/cw_pages/lyrics/rduck/nishnabotna.html]
[www.narrowgauge.org/4x4/cw_pages/lyrics/rduck/2way.html]
[www.narrowgauge.org/4x4/cw_pages/lyrics/rduck/campbird.html]
[www.narrowgauge.org/4x4/cw_pages/lyrics/rduck/niobrara.html]
[www.narrowgauge.org/4x4/cw_pages/images/cw_rd_back.jpg]
[www.narrowgauge.org/4x4/cw_pages/html/rduck.html]
[www.narrowgauge.org/4x4/cw_pages/lyrics/rfm/rfm.html]
[www.narrowgauge.org/4x4/cw_pages/lyrics/rfm/tol.html]
[www.narrowgauge.org/4x4/cw_pages/lyrics/rfm/livin.html]
[www.narrowgauge.org/4x4/cw_pages/lyrics/rfm/wildwood.html]
[www.narrowgauge.org/4x4/cw_pages/lyrics/rfm/duds.html]
[www.narrowgauge.org/4x4/cw_pages/lyrics/rfm/orleans.html]
[www.narrowgauge.org/4x4/cw_pages/lyrics/rfm/idk.html]
[www.narrowgauge.org/4x4/cw_pages/lyrics/rfm/goose.html]
[www.narrowgauge.org/4x4/cw_pages/lyrics/rfm/nighthawk.html]
[www.narrowgauge.org/4x4/cw_pages/lyrics/rfm/glory.html]
[www.narrowgauge.org/4x4/cw_pages/html/rfm.html]
[www.narrowgauge.org/4x4/cw_pages/lyrics/cwco/outlaws.html]
[www.narrowgauge.org/4x4/cw_pages/lyrics/cwco/wheels.html]
[www.narrowgauge.org/4x4/cw_pages/lyrics/cwco/orleans.html]
[www.narrowgauge.org/4x4/cw_pages/lyrics/cwco/little.html]
[www.narrowgauge.org/4x4/cw_pages/lyrics/cwco/cowboy.html]
[www.narrowgauge.org/4x4/cw_pages/lyrics/cwco/milton.html]
[www.narrowgauge.org/4x4/cw_pages/lyrics/cwco/flowers.html]
[www.narrowgauge.org/4x4/cw_pages/lyrics/cwco/wish.html]
[www.narrowgauge.org/4x4/cw_pages/lyrics/cwco/hobo.html]
[www.narrowgauge.org/4x4/cw_pages/html/cwandco.html]
[www.narrowgauge.org/4x4/cw_pages/lyrics/real/comin.html]
[www.narrowgauge.org/4x4/cw_pages/lyrics/real/ghost.html]
[www.narrowgauge.org/4x4/cw_pages/lyrics/real/glenwood.html]
[www.narrowgauge.org/4x4/cw_pages/lyrics/real/twbncm.html]
[www.narrowgauge.org/4x4/cw_pages/lyrics/real/roy.html]
[www.narrowgauge.org/4x4/cw_pages/lyrics/real/lbs.html]
[www.narrowgauge.org/4x4/cw_pages/lyrics/real/wild.html]
[www.narrowgauge.org/4x4/cw_pages/lyrics/real/aurora.html]
[www.narrowgauge.org/4x4/cw_pages/lyrics/real/silverton.html]
[www.narrowgauge.org/4x4/cw_pages/lyrics/real/wcp.html]
[www.narrowgauge.org/4x4/cw_pages/lyrics/real/night_rider.html]
[www.narrowgauge.org/4x4/cw_pages/lyrics/real/rms.html]
[www.narrowgauge.org/4x4/cw_pages/lyrics/real/bbr.html]
[www.narrowgauge.org/4x4/cw_pages/lyrics/real/campbird.html]
[www.narrowgauge.org/4x4/cw_pages/lyrics/real/convoy.html]
[www.narrowgauge.org/4x4/cw_pages/lyrics/real/columbine.html]
[www.narrowgauge.org/4x4/cw_pages/images/cw_chipandbill.jpg]
[www.narrowgauge.org/4x4/cw_pages/images/cw_real_logo.jpg]
[www.narrowgauge.org/4x4/cw_pages/html/real.html]
[www.narrowgauge.org/4x4/cw_pages/html/sjo_narration.html]
[www.narrowgauge.org/4x4/cw_pages/html/freshaire.html]
[www.narrowgauge.org/4x4/cw_pages/html/ptw.html]
[www.narrowgauge.org/ncmap/www.tcd.net/_mevans19/ncmap/placrvil.html]
[www.narrowgauge.org/ngc/html/excursion1/www.tcd.net/_mevans19/ncmap/mancos.html]
[www.narrowgauge.org/ngc/graphics/excursion2/photos/m0022.jpg]
[www.narrowgauge.org/ngc/graphics/excursion2/photos/tn-m0022.jpg]
[www.narrowgauge.org/ngc/graphics/excursion2/photos/m0038.jpg]
[www.narrowgauge.org/ngc/graphics/excursion2/photos/tn-m0038.jpg]
[www.narrowgauge.org/ngc/graphics/excursion2/photos/MLE-chattanooga-1.jpg]
[www.narrowgauge.org/ngc/graphics/excursion2/photos/tn-MLE-chattanooga-1.jpg]
[www.narrowgauge.org/ngc/graphics/excursion2/photos/MLE-chattanooga-3.jpg]
[www.narrowgauge.org/ngc/graphics/excursion2/photos/tn-MLE-chattanooga-3.jpg]
[www.narrowgauge.org/ngc/graphics/excursion2/photos/MLE-chattanooga-6.jpg]
[www.narrowgauge.org/ngc/graphics/excursion2/photos/tn-MLE-chattanooga-6.jpg]
[www.narrowgauge.org/ngc/graphics/excursion2/photos/MLE-chattanooga-4.jpg]
[www.narrowgauge.org/ngc/graphics/excursion2/photos/tn-MLE-chattanooga-4.jpg]
[www.narrowgauge.org/ngc/graphics/excursion2/photos/MLE-chattanooga-7.jpg]
[www.narrowgauge.org/ngc/graphics/excursion2/photos/tn-MLE-chattanooga-7.jpg]
[www.narrowgauge.org/ngc/graphics/excursion2/photos/MLE-chattanooga-5.jpg]
[www.narrowgauge.org/ngc/graphics/excursion2/photos/tn-MLE-chattanooga-5.jpg]
[www.narrowgauge.org/ngc/graphics/excursion2/photos/MLE-chattanooga-2.jpg]
[www.narrowgauge.org/ngc/graphics/excursion2/photos/tn-MLE-chattanooga-2.jpg]
[www.narrowgauge.org/ngc/html/excursion2/excursion2-chattanooga.html]
[www.narrowgauge.org/images/excursion2_banner.jpg]
[www.narrowgauge.org/images/tkcok/rmt_original_1.jpg]
[www.narrowgauge.org/images/tkcok/tnails/srmt_original_1.jpg]
[www.narrowgauge.org/images/tkcok/rmt_original_2.jpg]
[www.narrowgauge.org/images/tkcok/tnails/srmt_original_2.jpg]
[www.narrowgauge.org/images/mark/gary_53.jpg]
[www.narrowgauge.org/images/mark/tnails/sgary_53.jpg]
[www.narrowgauge.org/images/tkcok/rmt_original_3.jpg]
[www.narrowgauge.org/images/tkcok/tnails/srmt_original_3.jpg]
[www.narrowgauge.org/images/tkcok/rmt_original_4.jpg]
[www.narrowgauge.org/images/tkcok/tnails/srmt_original_4.jpg]
[www.narrowgauge.org/images/mark/red_mountain_jail_distant.jpg]
[www.narrowgauge.org/images/mark/tnails/sred_mountain_jail_distant.jpg]
[www.narrowgauge.org/images/mark/red_mountain_jail.jpg]
[www.narrowgauge.org/images/mark/tnails/sred_mountain_jail.jpg]
[www.narrowgauge.org/images/mark/redmnt_2.jpg]
[www.narrowgauge.org/images/mark/tnails/sredmnt_2.jpg]
[www.narrowgauge.org/images/mark/redmnt_1.jpg]
[www.narrowgauge.org/images/mark/tnails/sredmnt_1.jpg]
[www.narrowgauge.org/images/mark/redmnt_3.jpg]
[www.narrowgauge.org/images/mark/tnails/sredmnt_3.jpg]
[www.narrowgauge.org/images/mark/redmnt_4.jpg]
[www.narrowgauge.org/images/mark/tnails/sredmnt_4.jpg]
[www.narrowgauge.org/images/jerry/j0014.jpg]
[www.narrowgauge.org/images/jerry/tnails/sj0014.jpg]
[www.narrowgauge.org/images/mark/joker_1.jpg]
[www.narrowgauge.org/images/mark/tnails/sjoker_1.jpg]
[www.narrowgauge.org/images/mark/joker_2.jpg]
[www.narrowgauge.org/images/mark/tnails/sjoker_2.jpg]
[www.narrowgauge.org/images/excur2_Silverton_railroad_return_button.jpg]
[www.narrowgauge.org/ncmap/excur2_red_mnt_town.html]
[www.narrowgauge.org/images/mark/congress_rmt_rmc_map.jpg]
[www.narrowgauge.org/images/mark/tnails/scongress_rmt_rmc_map.jpg]
[www.narrowgauge.org/images/mark/congress1.jpg]
[www.narrowgauge.org/images/mark/tnails/scongress1.jpg]
[www.narrowgauge.org/images/mark/congress1a.jpg]
[www.narrowgauge.org/images/mark/tnails/scongress1a.jpg]
[www.narrowgauge.org/images/mark/congress2.jpg]
[www.narrowgauge.org/images/mark/tnails/scongress2.jpg]
[www.narrowgauge.org/images/mark/congress3.jpg]
[www.narrowgauge.org/images/mark/tnails/scongress3.jpg]
[www.narrowgauge.org/images/mark/congress_relic_1997.jpg]
[www.narrowgauge.org/images/mark/tnails/scongress_relic_1997.jpg]
[www.narrowgauge.org/images/mark/congress_relic_1997_2.jpg]
[www.narrowgauge.org/images/mark/tnails/scongress_relic_1997_2.jpg]
[www.narrowgauge.org/ncmap/excur2_congress_rmc.html]
[www.narrowgauge.org/images/miles/mal0039.jpg]
[www.narrowgauge.org/images/miles/tnails/smal_1_039_robinson.jpg]
[www.narrowgauge.org/images/miles/mal0040.jpg]
[www.narrowgauge.org/images/miles/tnails/smal_1_040_robinson.jpg]
[www.narrowgauge.org/images/jerry/j0011.jpg]
[www.narrowgauge.org/images/jerry/tnails/sj0011.jpg]
[www.narrowgauge.org/images/jerry/j0008.jpg]
[www.narrowgauge.org/images/jerry/tnails/sj0008.jpg]
[www.narrowgauge.org/images/jerry/j0009.jpg]
[www.narrowgauge.org/images/jerry/tnails/sj0009.jpg]
[www.narrowgauge.org/images/jerry/j0015.jpg]
[www.narrowgauge.org/images/jerry/tnails/sj0015.jpg]
[www.narrowgauge.org/images/jerry/j0016.jpg]
[www.narrowgauge.org/images/jerry/tnails/sj0016.jpg]
[www.narrowgauge.org/images/jerry/j0010.jpg]
[www.narrowgauge.org/images/jerry/tnails/sj0010.jpg]
[www.narrowgauge.org/images/mark/gust_1.jpg]
[www.narrowgauge.org/images/mark/tnails/sgust_1.jpg]
[www.narrowgauge.org/images/mark/gust_4.jpg]
[www.narrowgauge.org/images/mark/tnails/sgust_4.jpg]
[www.narrowgauge.org/images/mark/gust_3.jpg]
[www.narrowgauge.org/images/mark/tnails/sgust_3.jpg]
[www.narrowgauge.org/images/mark/gust_2.jpg]
[www.narrowgauge.org/images/mark/tnails/sgust_2.jpg]
[www.narrowgauge.org/images/mark/gust_6.jpg]
[www.narrowgauge.org/images/mark/tnails/sgust_6.jpg]
[www.narrowgauge.org/ncmap/excur2_guston.html]
[www.narrowgauge.org/images/miles/mal_1_089_ironton.jpg]
[www.narrowgauge.org/images/miles/tnails/smal_1_089_ironton.jpg]
[www.narrowgauge.org/images/miles/mal_1_082_ironton.jpg]
[www.narrowgauge.org/images/miles/tnails/smal_1_082_ironton.jpg]
[www.narrowgauge.org/images/miles/mal_1_004_us550_at_ironton.jpg]
[www.narrowgauge.org/images/miles/tnails/smal_1_004_us550_at_ironton.jpg]
[www.narrowgauge.org/ncmap/excur2_ironton.html]
[www.narrowgauge.org/images/mark/oldsilve.jpg]
[www.narrowgauge.org/images/mark/tnails/soldsilve.jpg]
[www.narrowgauge.org/images/mark/chattanooga_view_3.jpg]
[www.narrowgauge.org/images/mark/tnails/schattanooga_view_3.jpg]
[www.narrowgauge.org/ncmap/excur2_silverton_railroad_history.html]
[www.narrowgauge.org/maps/excur2_silverton_railroad_photo_gallery_map.jpg]
[www.narrowgauge.org/ncmap/excur2_silverton_railroad_photo_gallery_locos_rstock.html]
[www.narrowgauge.org/ncmap/excur2_silverton_railroad_photo_gallery_red_mnt.html]
[www.narrowgauge.org/ncmap/excur2_silverton_railroad_photo_gallery_corkscrew.html]
[www.narrowgauge.org/ncmap/excur2_silverton_railroad_photo_gallery_guston.html]
[www.narrowgauge.org/ncmap/excur2_silverton_railroad_photo_gallery_chattanooga.html]
[www.narrowgauge.org/ncmap/excur2_silverton_railroad_photo_gallery_silverton.html]
[www.narrowgauge.org/ncmap/excur2_silverton_railroad_photo_gallery.html]
[www.narrowgauge.org/ncmap/excur2_silverton_railroad_tkc.html]
[www.narrowgauge.org/images/mark/highmary.jpg]
[www.narrowgauge.org/images/mark/tnails/shighmary.jpg]
[www.narrowgauge.org/images/mark/bufboy.jpg]
[www.narrowgauge.org/images/mark/tnails/sbufboy.jpg]
[www.narrowgauge.org/images/mark/litnation.jpg]
[www.narrowgauge.org/images/mark/tnails/slitnation.jpg]
[www.narrowgauge.org/images/excursion2_snrr_return_button.jpg]
[www.narrowgauge.org/ncmap/excur2_howardsville.html]
[www.narrowgauge.org/images/mark/eureka.jpg]
[www.narrowgauge.org/images/mark/tnails/seureka.jpg]
[www.narrowgauge.org/images/mark/eureka3.jpg]
[www.narrowgauge.org/images/mark/tnails/seureka3.jpg]
[www.narrowgauge.org/images/jerry/jx0010.jpg]
[www.narrowgauge.org/images/jerry/tnails/sjx0010.jpg]
[www.narrowgauge.org/ncmap/excur2_eureka.html]
[www.narrowgauge.org/images/mark/afmine1.jpg]
[www.narrowgauge.org/images/mark/tnails/safmine1.jpg]
[www.narrowgauge.org/images/mark/afmine2.jpg]
[www.narrowgauge.org/images/mark/tnails/safmine2.jpg]
[www.narrowgauge.org/images/mark/aftram.jpg]
[www.narrowgauge.org/images/mark/tnails/saftram.jpg]
[www.narrowgauge.org/images/mark/afbag_2.jpg]
[www.narrowgauge.org/images/mark/tnails/safbag_2.jpg]
[www.narrowgauge.org/images/mark/afbag_1.jpg]
[www.narrowgauge.org/images/mark/tnails/safbag_1.jpg]
[www.narrowgauge.org/images/jerry/95-8-70_animas_forks.jpg]
[www.narrowgauge.org/images/jerry/tnails/s95-8-70_animas_forks.jpg]
[www.narrowgauge.org/images/jerry/95-8-71_animas_forks.jpg]
[www.narrowgauge.org/images/jerry/tnails/s95-8-71_animas_forks.jpg]
[www.narrowgauge.org/images/mark/afwalsh.jpg]
[www.narrowgauge.org/images/mark/tnails/safwalsh.jpg]
[www.narrowgauge.org/images/mark/aftown.jpg]
[www.narrowgauge.org/images/mark/tnails/saftown.jpg]
[www.narrowgauge.org/images/mark/afgpmill.jpg]
[www.narrowgauge.org/images/mark/tnails/safgpmil.jpg]
[www.narrowgauge.org/images/mark/aftown2.jpg]
[www.narrowgauge.org/images/mark/tnails/saftown2.jpg]
[www.narrowgauge.org/ncmap/excur2_aniforks.html]
[www.narrowgauge.org/images/miles/mal_1_001_arrastra_gulch.jpg]
[www.narrowgauge.org/images/miles/tnails/smal_1_001_arrastra_gulch.jpg]
[www.narrowgauge.org/ncmap/excur2_silverton_northern_railroad_history.html]
[www.narrowgauge.org/ngc/html/excursion2/excursion2-ernest-grill-story.html]
[www.narrowgauge.org/ngc/graphics/excursion2/jfpankow/jfp-doc-1-job-offer.jpg]
[www.narrowgauge.org/ngc/graphics/excursion2/jfpankow/tn-jfp-doc-1-job-offer.jpg]
[www.narrowgauge.org/ngc/graphics/excursion2/jfpankow/jfp-doc-2-second-wire.jpg]
[www.narrowgauge.org/ngc/graphics/excursion2/jfpankow/tn-jfp-doc-2-second-wire.jpg]
[www.narrowgauge.org/ngc/graphics/excursion2/jfpankow/jfp-doc-3-response.jpg]
[www.narrowgauge.org/ngc/graphics/excursion2/jfpankow/tn-jfp-doc-3-response.jpg]
[www.narrowgauge.org/ngc/graphics/excursion2/jfpankow/jfp-doc-4-acceptance.jpg]
[www.narrowgauge.org/ngc/graphics/excursion2/jfpankow/tn-jfp-doc-4-acceptance.jpg]
[www.narrowgauge.org/ngc/graphics/excursion2/jfpankow/jfp-doc-5-previous-boss-letter.jpg]
[www.narrowgauge.org/ngc/graphics/excursion2/jfpankow/tn-jfp-doc-5-previous-boss-letter.jpg]
[www.narrowgauge.org/ngc/graphics/excursion2/jfpankow/jfp-a.jpg]
[www.narrowgauge.org/ngc/graphics/excursion2/jfpankow/tn-jfp-a.jpg]
[www.narrowgauge.org/ngc/graphics/excursion2/jfpankow/jfp-1.jpg]
[www.narrowgauge.org/ngc/graphics/excursion2/jfpankow/tn-jfp-1.jpg]
[www.narrowgauge.org/ngc/graphics/excursion2/jfpankow/jfp-2.jpg]
[www.narrowgauge.org/ngc/graphics/excursion2/jfpankow/tn-jfp-2.jpg]
[www.narrowgauge.org/ngc/graphics/excursion2/jfpankow/jfp-3.jpg]
[www.narrowgauge.org/ngc/graphics/excursion2/jfpankow/tn-jfp-3.jpg]
[www.narrowgauge.org/ngc/graphics/excursion2/jfpankow/jfp-4.jpg]
[www.narrowgauge.org/ngc/graphics/excursion2/jfpankow/tn-jfp-4.jpg]
[www.narrowgauge.org/ngc/graphics/excursion2/jfpankow/jfp-6.jpg]
[www.narrowgauge.org/ngc/graphics/excursion2/jfpankow/tn-jfp-6.jpg]
[www.narrowgauge.org/ngc/graphics/excursion2/jfpankow/jfp-7.jpg]
[www.narrowgauge.org/ngc/graphics/excursion2/jfpankow/tn-jfp-7.jpg]
[www.narrowgauge.org/ngc/graphics/excursion2/jfpankow/jfp-5.jpg]
[www.narrowgauge.org/ngc/graphics/excursion2/jfpankow/tn-jfp-5.jpg]
[www.narrowgauge.org/ngc/graphics/excursion2/jfpankow/jfp-8.jpg]
[www.narrowgauge.org/ngc/graphics/excursion2/jfpankow/tn-jfp-8.jpg]
[www.narrowgauge.org/ngc/graphics/excursion2/jfpankow/jfp-9.jpg]
[www.narrowgauge.org/ngc/graphics/excursion2/jfpankow/tn-jfp-9.jpg]
[www.narrowgauge.org/ngc/graphics/excursion2/jfpankow/jfp-10.jpg]
[www.narrowgauge.org/ngc/graphics/excursion2/jfpankow/tn-jfp-10.jpg]
[www.narrowgauge.org/ngc/graphics/excursion2/jfpankow/jfp-11.jpg]
[www.narrowgauge.org/ngc/graphics/excursion2/jfpankow/tn-jfp-11.jpg]
[www.narrowgauge.org/ngc/graphics/excursion2/jfpankow/eureka-1900.jpg]
[www.narrowgauge.org/ngc/graphics/excursion2/jfpankow/tn-eureka-1900.jpg]
[www.narrowgauge.org/ngc/html/excursion2/excursion2-eureka-job-story.html]
[www.narrowgauge.org/images/mark/glad_d.jpg]
[www.narrowgauge.org/images/mark/tnails/sglad_d.jpg]
[www.narrowgauge.org/images/miles/mal_1_052_minnehaha.jpg]
[www.narrowgauge.org/images/miles/tnails/smal_1_052_minnehaha.jpg]
[www.narrowgauge.org/images/miles/mal_1_051a_minnehaha.jpg]
[www.narrowgauge.org/images/miles/tnails/smal_1_051a_minnehaha.jpg]
[www.narrowgauge.org/images/mark/glad_b.jpg]
[www.narrowgauge.org/images/mark/tnails/sglad_b.jpg]
[www.narrowgauge.org/images/mark/glad_c.jpg]
[www.narrowgauge.org/images/mark/tnails/sglad_c.jpg]
[www.narrowgauge.org/images/mark/glad_a.jpg]
[www.narrowgauge.org/images/mark/tnails/sglad_a.jpg]
[www.narrowgauge.org/maps/gladstone_area_map.jpg]
[www.narrowgauge.org/images/mark/glad_e.jpg]
[www.narrowgauge.org/images/mark/tnails/sglad_e.jpg]
[www.narrowgauge.org/images/mark/glad_f.jpg]
[www.narrowgauge.org/images/mark/tnails/sglad_f.jpg]
[www.narrowgauge.org/images/mark/glad_h.jpg]
[www.narrowgauge.org/images/mark/tnails/sglad_h.jpg]
[www.narrowgauge.org/images/miles/mal_1_072_trestle_sgnrr.jpg]
[www.narrowgauge.org/images/miles/tnails/smal_1_072_trestle_sgnrr.jpg]
[www.narrowgauge.org/maps/excur2_sgnrr_return_button.jpg]
[www.narrowgauge.org/ncmap/excur2_gladstone.html]
[www.narrowgauge.org/images/jerry/j0002.jpg]
[www.narrowgauge.org/images/jerry/tnails/sj0002.jpg]
[www.narrowgauge.org/images/jerry/j0003.jpg]
[www.narrowgauge.org/images/jerry/tnails/sj0003.jpg]
[www.narrowgauge.org/ncmap/excur2_silverton_gladstone_northerly_railroad_history.html]
[www.narrowgauge.org/images/tkcok/m0017.html]
[www.narrowgauge.org/images/tkcok/tnails/s0017.html]
[www.narrowgauge.org/images/tkcok/m00105.html]
[www.narrowgauge.org/images/tkcok/tnails/s00105.html]
[www.narrowgauge.org/images/tkcok/m00138.html]
[www.narrowgauge.org/images/tkcok/tnails/s00138.html]
[www.narrowgauge.org/images/tkcok/m0049.html]
[www.narrowgauge.org/images/tkcok/tnails/s0049.html]
[www.narrowgauge.org/images/jerry/95-1-1_south_park_city.jpg]
[www.narrowgauge.org/images/jerry/tnails/s95-1-1_south_park_city.jpg]
[www.narrowgauge.org/images/jerry/95-3-3_south_park_city.jpg]
[www.narrowgauge.org/images/jerry/tnails/s95-3-3_south_park_city.jpg]
[www.narrowgauge.org/images/jerry/95-1-7_candy_counter.jpg]
[www.narrowgauge.org/images/jerry/tnails/s95-1-7_candy_counter.jpg]
[www.narrowgauge.org/images/jerry/95-1-8_drug_counter.jpg]
[www.narrowgauge.org/images/jerry/tnails/s95-1-8_drug_counter.jpg]
[www.narrowgauge.org/images/jerry/95-1-9_drug_store.jpg]
[www.narrowgauge.org/images/jerry/tnails/s95-1-9_drug_store.jpg]
[www.narrowgauge.org/images/jerry/95-1-12_news_office.jpg]
[www.narrowgauge.org/images/jerry/tnails/s95-1-12_news_office.jpg]
[www.narrowgauge.org/images/southpark_city_return_button.jpg]
[www.narrowgauge.org/ncmap/jerry/south_park_city.html]
[www.narrowgauge.org/images/jerry/95-1-38_buena_vista_school.jpg]
[www.narrowgauge.org/images/jerry/tnails/s95-1-38_buena_vista_school.jpg]
[www.narrowgauge.org/images/jerry/95-1-69_downtown_buena_vista.jpg]
[www.narrowgauge.org/images/jerry/tnails/s95-1-69_downtown_buena_vista.jpg]
[www.narrowgauge.org/images/jerry/95-1-52_colorado_midland_tunnels.jpg]
[www.narrowgauge.org/images/jerry/tnails/s95-1-52_colorado_midland_tunnels.jpg]
[www.narrowgauge.org/images/jerry/elephant_rock_2.jpg]
[www.narrowgauge.org/images/jerry/tnails/selephant_rock_2.jpg]
[www.narrowgauge.org/images/jerry/95-1-68_arkansas_river.jpg]
[www.narrowgauge.org/images/jerry/tnails/s95-1-68_arkansas_river.jpg]
[www.narrowgauge.org/ncmap/jerry/buena_vista.html]
[www.narrowgauge.org/images/jerry/jtcbridge.jpg]
[www.narrowgauge.org/images/jerry/tnails/sjtcbridge.jpg]
[www.narrowgauge.org/images/jerry/145_011.jpg]
[www.narrowgauge.org/images/jerry/tnails/s145_011.jpg]
[www.narrowgauge.org/images/jerry/145_015.jpg]
[www.narrowgauge.org/images/jerry/tnails/s145_015.jpg]
[www.narrowgauge.org/images/jerry/145_020.jpg]
[www.narrowgauge.org/images/jerry/tnails/s145_020.jpg]
[www.narrowgauge.org/images/garys/romley/romely-1.jpg]
[www.narrowgauge.org/images/garys/romley/tn_romely-1.jpg]
[www.narrowgauge.org/images/garys/romley/romely-2.jpg]
[www.narrowgauge.org/images/garys/romley/tn_romely-2.jpg]
[www.narrowgauge.org/images/garys/romley/romely-3.jpg]
[www.narrowgauge.org/images/garys/romley/tn_romely-3.jpg]
[www.narrowgauge.org/images/garys/romley/romely-5.jpg]
[www.narrowgauge.org/images/garys/romley/tn_romely-5.jpg]
[www.narrowgauge.org/images/garys/romley/romely-6.jpg]
[www.narrowgauge.org/images/garys/romley/tn_romely-6.jpg]
[www.narrowgauge.org/ncmap/jerry/Romley.html]
[www.narrowgauge.org/images/jerry/145_001.jpg]
[www.narrowgauge.org/images/jerry/tnails/s145_001.jpg]
[www.narrowgauge.org/images/jerry/145_004.jpg]
[www.narrowgauge.org/images/jerry/tnails/s145_004.jpg]
[www.narrowgauge.org/images/jerry/145_005.jpg]
[www.narrowgauge.org/images/jerry/tnails/s145_005.jpg]
[www.narrowgauge.org/images/jerry/145_006.jpg]
[www.narrowgauge.org/images/jerry/tnails/s145_006.jpg]
[www.narrowgauge.org/images/jerry/145_008.jpg]
[www.narrowgauge.org/images/jerry/tnails/s145_008.jpg]
[www.narrowgauge.org/ncmap/jerry/mary_murphy.html]
[www.narrowgauge.org/images/jerry/086_020.jpg]
[www.narrowgauge.org/images/jerry/tnails/s086_020.jpg]
[www.narrowgauge.org/images/jerry/086_021.jpg]
[www.narrowgauge.org/images/jerry/tnails/s086_021.jpg]
[www.narrowgauge.org/images/jerry/086_022.jpg]
[www.narrowgauge.org/images/jerry/tnails/s086_022.jpg]
[www.narrowgauge.org/images/jerry/086_023.jpg]
[www.narrowgauge.org/images/jerry/tnails/s086_023.jpg]
[www.narrowgauge.org/images/jerry/086_026.jpg]
[www.narrowgauge.org/images/jerry/tnails/s086_026.jpg]
[www.narrowgauge.org/images/jerry/086_027.jpg]
[www.narrowgauge.org/images/jerry/tnails/s086_027.jpg]
[www.narrowgauge.org/images/jerry/086_029.jpg]
[www.narrowgauge.org/images/jerry/tnails/s086_029.jpg]
[www.narrowgauge.org/images/jerry/086_036.jpg]
[www.narrowgauge.org/images/jerry/tnails/s086_036.jpg]
[www.narrowgauge.org/images/garys/stelmo/stelmo_1.jpg]
[www.narrowgauge.org/images/garys/stelmo/tn_stelmo_1.jpg]
[www.narrowgauge.org/images/garys/stelmo/stelmo_2.jpg]
[www.narrowgauge.org/images/garys/stelmo/tn_stelmo_2.jpg]
[www.narrowgauge.org/images/garys/stelmo/stelmo_3.jpg]
[www.narrowgauge.org/images/garys/stelmo/tn_stelmo_3.jpg]
[www.narrowgauge.org/images/jerry/145_018.jpg]
[www.narrowgauge.org/images/jerry/tnails/s145_018.jpg]
[www.narrowgauge.org/images/jerry/145_019.jpg]
[www.narrowgauge.org/images/jerry/tnails/s145_019.jpg]
[www.narrowgauge.org/images/jerry/145_021.jpg]
[www.narrowgauge.org/images/jerry/tnails/s145_021.jpg]
[www.narrowgauge.org/ncmap/jerry/St_Elmo.html]
[www.narrowgauge.org/images/garys/gs_south_park_kenosha.jpg]
[www.narrowgauge.org/images/garys/tnails/tn_gs_south_park_kenosha.jpg]
[www.narrowgauge.org/ncmap/jerry/kenosha_pass.html]
[www.narrowgauge.org/images/garys/como/como_1.jpg]
[www.narrowgauge.org/images/garys/como/tn_como_1.jpg]
[www.narrowgauge.org/images/garys/como/como_2.jpg]
[www.narrowgauge.org/images/garys/como/tn_como_2.jpg]
[www.narrowgauge.org/images/garys/como/como_3.jpg]
[www.narrowgauge.org/images/garys/como/tn_como_3.jpg]
[www.narrowgauge.org/images/garys/como/como_4.jpg]
[www.narrowgauge.org/images/garys/como/tn_como_4.jpg]
[www.narrowgauge.org/images/garys/como/como_5.jpg]
[www.narrowgauge.org/images/garys/como/tn_como_5.jpg]
[www.narrowgauge.org/images/garys/como/como_6.jpg]
[www.narrowgauge.org/images/garys/como/tn_como_6.jpg]
[www.narrowgauge.org/ncmap/jerry/como.html]
[www.narrowgauge.org/images/garys/king/king1.jpg]
[www.narrowgauge.org/images/garys/king/tn_king1.jpg]
[www.narrowgauge.org/images/garys/king/king2.jpg]
[www.narrowgauge.org/images/garys/king/tn_king2.jpg]
[www.narrowgauge.org/images/garys/king/king3.jpg]
[www.narrowgauge.org/images/garys/king/tn_king3.jpg]
[www.narrowgauge.org/images/garys/king/king4.jpg]
[www.narrowgauge.org/images/garys/king/tn_king4.jpg]
[www.narrowgauge.org/images/garys/king/king5.jpg]
[www.narrowgauge.org/images/garys/king/tn_king5.jpg]
[www.narrowgauge.org/ncmap/jerry/king.html]
[www.narrowgauge.org/images/tkcok/m0056.html]
[www.narrowgauge.org/images/tkcok/m0058.html]
[www.narrowgauge.org/images/ouray_return_button.jpg]
[www.narrowgauge.org/ncmap/excursion7_ouray_history.html]
[www.narrowgauge.org/ncmap/excursion7_ouray_tkc.html]
[www.narrowgauge.org/images/miles/mal_1_078_ouray.jpg]
[www.narrowgauge.org/images/miles/tnails/smal_1_078_ouray.jpg]
[www.narrowgauge.org/images/miles/mal_1_079_ouray.jpg]
[www.narrowgauge.org/images/miles/tnails/smal_1_079_ouray.jpg]
[www.narrowgauge.org/images/miles/mal_1_080_ouray.jpg]
[www.narrowgauge.org/images/miles/tnails/smal_1_080_ouray.jpg]
[www.narrowgauge.org/images/miles/mal_1_081_ouray.jpg]
[www.narrowgauge.org/images/miles/tnails/smal_1_081_ouray.jpg]
[www.narrowgauge.org/images/miles/mal_1_090_walsh_library.jpg]
[www.narrowgauge.org/images/miles/tnails/smal_1_090_walsh_library.jpg]
[www.narrowgauge.org/images/mark/ouray.jpg]
[www.narrowgauge.org/images/mark/tnails/souray.jpg]
[www.narrowgauge.org/images/jerry/j0025.jpg]
[www.narrowgauge.org/images/jerry/tnails/sj0025.jpg]
[www.narrowgauge.org/ncmap/excursion7_ouray_photo_gallery.html]
[www.narrowgauge.org/sn3/images/layout/montrose-2D.jpg]
[www.narrowgauge.org/sn3/images/layout/tn-montrose-2D.jpg]
[www.narrowgauge.org/sn3/html/layout-montrose.html]
[www.narrowgauge.org/sn3/images/layout/ridgway-2D.jpg]
[www.narrowgauge.org/sn3/images/layout/tn-ridgway-2D.jpg]
[www.narrowgauge.org/sn3/html/layout-ridgway.html]
[www.narrowgauge.org/sn3/html/layout-ouray.html]
[www.narrowgauge.org/sn3/html/layout-placerville.html]
[www.narrowgauge.org/sn3/html/layout-vance.html]
[www.narrowgauge.org/sn3/html/layout-telluride.html]
[www.convoytm.com/statcounter.com/localstorage/index.html]
[www.statcounter.com/counter/recorder.js]
[www.convoytm.com/images/notebook.html]
[www.convoytm.com/Rated_Zero.html]
[www.macshare.com/game_all-to.html]
[www.macshare.com/_tfrazier/arashi_1.1.1.sit.html]
[www.macshare.com/heartmod.html]
[www.macshare.com/heartmod-to.html]
[www.macshare.com/other_all-to.html]
[www.macshare.com/_tfrazier/macshare/CarCare.html]
[www.macshare.com/internet_all-to.html]
[www.macshare.com/productivity_all-to.html]
[www.macshare.com/system_all-to.html]
[www.macshare.com/050597-to.html]
[www.macshare.com/041597-to.html]
[www.macshare.com/010697-to.html]
[www.macshare.com/010197-to.html]
[www.macshare.com/readerstips.html]
[www.macalive.com/cgi-bin/getwt.html]
[www.macshare.com/macapple.gif]
[www.macshare.com/todd'sm.gif]
[www.macshare.com/hmpg.gif]
[www.macshare.com/macspin.gif]
[www.macshare.com/maintenance.html]
[www.macshare.com/pram.html]
[www.macshare.com/utility_all-to.html]
[www.macshare.com/graphicarts-to.html]
[www.macshare.com/macgurus-to.html]
[www.macshare.com/macsites-to.html]
[www.macshare.com/macnews-to.html]
[www.macshare.com/periodicals-to.html]
[www.macshare.com/vendors-to.html]
[www.macshare.com/waresources-to.html]
[www.macshare.com/buttons2/a-on.gif]
[www.macshare.com/buttons2/b-on.gif]
[www.macshare.com/buttons2/c-on.gif]
[www.macshare.com/buttons2/d-on.gif]
[www.macshare.com/buttons2/e-on.gif]
[www.macshare.com/buttons2/f-on.gif]
[www.macshare.com/buttons2/g-on.gif]
[www.macshare.com/buttons2/h-on.gif]
[www.macshare.com/buttons2/i-on.gif]
[www.macshare.com/buttons2/j-on.gif]
[www.macshare.com/buttons2/k-on.gif]
[www.macshare.com/buttons2/l-on.gif]
[www.macshare.com/buttons2/m-on.gif]
[www.macshare.com/buttons2/a-off.gif]
[www.macshare.com/buttons2/b-off.gif]
[www.macshare.com/buttons2/c-off.gif]
[www.macshare.com/buttons2/d-off.gif]
[www.macshare.com/buttons2/e-off.gif]
[www.macshare.com/buttons2/f-off.gif]
[www.macshare.com/buttons2/g-off.gif]
[www.macshare.com/buttons2/h-off.gif]
[www.macshare.com/buttons2/i-off.gif]
[www.macshare.com/buttons2/j-off.gif]
[www.macshare.com/buttons2/k-off.gif]
[www.macshare.com/buttons2/l-off.gif]
[www.macshare.com/buttons2/m-off.gif]
[www.macshare.com/graphics/navigation-bg.gif]
[www.macshare.com/tips2.html]
[www.macshare.com/sftwre.html]
[www.macshare.com/game-nav.html]
[www.macshare.com/graphics/bottom-bg.gif]
[www.macshare.com/bottom.html]
[www.macshare.com/game3.html]
[www.macshare.com/other-nav.html]
[www.macshare.com/other3.html]
[www.macshare.com/graphic-nav.html]
[www.macshare.com/graphic3.html]
[www.macshare.com/untested-nav.html]
[www.macshare.com/untested3.html]
[www.macshare.com/internet-nav.html]
[www.macshare.com/other_all.html]
[www.macshare.com/internet_all.html]
[www.macshare.com/internet3.html]
[www.macshare.com/apple-nav.html]
[www.macshare.com/apple3.html]
[www.macshare.com/productivity-nav.html]
[www.macshare.com/game_all.html]
[www.macshare.com/productivity_all.html]
[www.macshare.com/productivity3.html]
[www.macshare.com/recent-nav.html]
[www.macshare.com/recent3.html]
[www.macshare.com/system-nav.html]
[www.macshare.com/system_all.html]
[www.macshare.com/system3.html]
[www.macshare.com/utility-nav.html]
[www.macshare.com/utility_all.html]
[www.macshare.com/utility3.html]
[www.macshare.com/buttons3/a-on.gif]
[www.macshare.com/buttons3/b-on.gif]
[www.macshare.com/buttons3/c-on.gif]
[www.macshare.com/buttons3/d-on.gif]
[www.macshare.com/buttons3/e-on.gif]
[www.macshare.com/buttons3/f-on.gif]
[www.macshare.com/buttons3/g-on.gif]
[www.macshare.com/buttons3/h-on.gif]
[www.macshare.com/buttons3/i-on.gif]
[www.macshare.com/buttons3/j-on.gif]
[www.macshare.com/buttons3/k-on.gif]
[www.macshare.com/buttons3/l-on.gif]
[www.macshare.com/buttons3/a-off.gif]
[www.macshare.com/buttons3/b-off.gif]
[www.macshare.com/buttons3/c-off.gif]
[www.macshare.com/buttons3/d-off.gif]
[www.macshare.com/buttons3/e-off.gif]
[www.macshare.com/buttons3/f-off.gif]
[www.macshare.com/buttons3/g-off.gif]
[www.macshare.com/buttons3/h-off.gif]
[www.macshare.com/buttons3/i-off.gif]
[www.macshare.com/buttons3/j-off.gif]
[www.macshare.com/buttons3/k-off.gif]
[www.macshare.com/buttons3/l-off.gif]
[www.macshare.com/graphicarts.html]
[www.macshare.com/macgurus.html]
[www.macshare.com/macsites.html]
[www.macshare.com/macnews.html]
[www.macshare.com/periodicals.html]
[www.macshare.com/vendors.html]
[www.macshare.com/waresources.html]
[www.macshare.com/references-nav.html]
[www.macshare.com/references3.html]
[www.urbaneagle.com/rsrc/dot_green.gif]
[www.urbaneagle.com/ue/ue-dyebooks.html]
[www.urbaneagle.com/ue/sw/creeF.jpg]
[www.urbaneagle.com/ue/sw/creeF-sm.jpg]
[www.urbaneagle.com/ue/sw/creeB.jpg]
[www.urbaneagle.com/ue/sw/creeB-sm.jpg]
[www.urbaneagle.com/ue/sw/sioux-wisdomF.jpg]
[www.urbaneagle.com/ue/sw/sioux-wisdomF-sm.jpg]
[www.urbaneagle.com/ue/sw/sioux-wisdomB-sm.jpg]
[www.urbaneagle.com/ue/sw/sarahNF.jpg]
[www.urbaneagle.com/ue/sw/sarahNB.jpg]
[www.urbaneagle.com/ue/sw/sarahNB-sm.jpg]
[www.urbaneagle.com/ue/sw/riograndeIF.jpg]
[www.urbaneagle.com/ue/sw/riograndeIF-sm.jpg]
[www.urbaneagle.com/ue/sw/riograndeIB.jpg]
[www.urbaneagle.com/ue/sw/riograndeIB-sm.jpg]
[www.urbaneagle.com/ue/sw/hubbellIF.jpg]
[www.urbaneagle.com/ue/sw/hubbellIF-sm.jpg]
[www.urbaneagle.com/ue/sw/hubbellIB.jpg]
[www.urbaneagle.com/ue/sw/hubbellIB-sm.jpg]
[www.urbaneagle.com/ue/ue-gallery2.html]
[www.urbaneagle.com/ue/sw/hidatsaF.jpg]
[www.urbaneagle.com/ue/sw/hidatsaF-sm.jpg]
[www.urbaneagle.com/ue/sw/hidatsaB.jpg]
[www.urbaneagle.com/ue/sw/hidatsaB-sm.jpg]
[www.urbaneagle.com/ue/sw/featherF.jpg]
[www.urbaneagle.com/ue/sw/featherF-sm.jpg]
[www.urbaneagle.com/ue/sw/featherB.jpg]
[www.urbaneagle.com/ue/sw/featherB-sm.jpg]
[www.urbaneagle.com/ue/sw/mandanF.jpg]
[www.urbaneagle.com/ue/sw/mandanF-sm.jpg]
[www.urbaneagle.com/ue/sw/mandanB.jpg]
[www.urbaneagle.com/ue/sw/mandanB-sm.jpg]
[www.urbaneagle.com/ue/sw/spiritF.jpg]
[www.urbaneagle.com/ue/sw/spiritF-sm.jpg]
[www.urbaneagle.com/ue/sw/spiritB.jpg]
[www.urbaneagle.com/ue/sw/spiritB-sm.jpg]
[www.urbaneagle.com/ue/ue-gallery3.html]
[www.urbaneagle.com/ue/sw/moenkopiF.jpg]
[www.urbaneagle.com/ue/sw/moenkopiF-sm.jpg]
[www.urbaneagle.com/ue/sw/moenkopiB.jpg]
[www.urbaneagle.com/ue/sw/moenkopiB-sm.jpg]
[www.urbaneagle.com/ue/sw/spiderW3F.jpg]
[www.urbaneagle.com/ue/sw/spiderW3F-sm.jpg]
[www.urbaneagle.com/ue/sw/spiderW3B.jpg]
[www.urbaneagle.com/ue/sw/spiderW3B-sm.jpg]
[www.urbaneagle.com/ue/sw/TbirdF.jpg]
[www.urbaneagle.com/ue/sw/TbirdF-sm.jpg]
[www.urbaneagle.com/ue/sw/TbirdB.jpg]
[www.urbaneagle.com/ue/sw/TbirdB-sm.jpg]
[www.urbaneagle.com/ue/sw/classicF.jpg]
[www.urbaneagle.com/ue/sw/classicF-sm.jpg]
[www.urbaneagle.com/ue/sw/classicB.jpg]
[www.urbaneagle.com/ue/sw/classicB-sm.jpg]
[www.urbaneagle.com/ue/ue-gallery4.html]
[www.convoytm.com/convoy_crossword.html]
[www.convoytm.com/crossward_1.html.html]
[www.urbaneagle.com/dw/drgw12.jpg]
[www.urbaneagle.com/dw/drgw12sm.jpg]
[www.urbaneagle.com/dw/drgw13.jpg]
[www.urbaneagle.com/dw/drgw13sm.jpg]
[www.urbaneagle.com/dw/drgw14.jpg]
[www.urbaneagle.com/dw/drgw14sm.jpg]
[www.urbaneagle.com/dw/drgw15.jpg]
[www.urbaneagle.com/dw/drgw15sm.jpg]
[www.urbaneagle.com/dw/drgw16.jpg]
[www.urbaneagle.com/dw/drgw16sm.jpg]
[www.urbaneagle.com/dw/drgw17.jpg]
[www.urbaneagle.com/dw/drgw17sm.jpg]
[www.urbaneagle.com/dw/drgw19.jpg]
[www.urbaneagle.com/dw/drgw19sm.jpg]
[www.urbaneagle.com/dw/drgw20.jpg]
[www.urbaneagle.com/dw/drgw20sm.jpg]
[www.urbaneagle.com/dw/drgw21.jpg]
[www.urbaneagle.com/dw/drgw21sm.jpg]
[www.urbaneagle.com/dw/drgw22.jpg]
[www.urbaneagle.com/dw/drgw22sm.jpg]
[www.urbaneagle.com/dw/dw2.html]
[www.urbaneagle.com/dw/drgw23.jpg]
[www.urbaneagle.com/dw/drgw23sm.jpg]
[www.urbaneagle.com/dw/drgw24.jpg]
[www.urbaneagle.com/dw/drgw24sm.jpg]
[www.urbaneagle.com/dw/drgw25.jpg]
[www.urbaneagle.com/dw/drgw25sm.jpg]
[www.urbaneagle.com/dw/drgw26.jpg]
[www.urbaneagle.com/dw/drgw26sm.jpg]
[www.urbaneagle.com/dw/drgw27.jpg]
[www.urbaneagle.com/dw/drgw27sm.jpg]
[www.urbaneagle.com/dw/drgw28.jpg]
[www.urbaneagle.com/dw/drgw28sm.jpg]
[www.urbaneagle.com/dw/drgw29.jpg]
[www.urbaneagle.com/dw/drgw29sm.jpg]
[www.urbaneagle.com/dw/drgw30.jpg]
[www.urbaneagle.com/dw/drgw30sm.jpg]
[www.urbaneagle.com/dw/drgw31.jpg]
[www.urbaneagle.com/dw/drgw31sm.jpg]
[www.urbaneagle.com/dw/drgw32.jpg]
[www.urbaneagle.com/dw/drgw32sm.jpg]
[www.urbaneagle.com/dw/dw3.html]
[www.urbaneagle.com/dw/drgw33.jpg]
[www.urbaneagle.com/dw/drgw33sm.jpg]
[www.urbaneagle.com/dw/drgw34.jpg]
[www.urbaneagle.com/dw/drgw34sm.jpg]
[www.urbaneagle.com/dw/drgw35.jpg]
[www.urbaneagle.com/dw/drgw35sm.jpg]
[www.urbaneagle.com/dw/drgw36.jpg]
[www.urbaneagle.com/dw/drgw36sm.jpg]
[www.urbaneagle.com/dw/drgw37.jpg]
[www.urbaneagle.com/dw/drgw37sm.jpg]
[www.urbaneagle.com/dw/drgw38.jpg]
[www.urbaneagle.com/dw/drgw38sm.jpg]
[www.urbaneagle.com/dw/drgw39.jpg]
[www.urbaneagle.com/dw/drgw39sm.jpg]
[www.urbaneagle.com/dw/drgw40.jpg]
[www.urbaneagle.com/dw/drgw40sm.jpg]
[www.urbaneagle.com/dw/drgw41.jpg]
[www.urbaneagle.com/dw/drgw41sm.jpg]
[www.urbaneagle.com/dw/dw4.html]
[www.urbaneagle.com/pers/R-K.jpg]
[www.urbaneagle.com/pers/RibbonTR.gif]
[www.urbaneagle.com/pers/r-k.html]
[www.urbaneagle.com/datrains/title2b.2x.jpg]
[www.urbaneagle.com/datrains/aboutdatrains.html]
[www.urbaneagle.com/data/TT-19sm.jpg]
[www.urbaneagle.com/data/stddims.gif]
[www.urbaneagle.com/data/data-btn.gif]
[www.urbaneagle.com/bd/bdbar-wht.gif]
[www.urbaneagle.com/data/RRstddims.html]
[www.urbaneagle.com/data/TT-36asm.jpg]
[www.urbaneagle.com/data/rrdata.gif]
[www.urbaneagle.com/data/deg-curve.txt]
[www.urbaneagle.com/data/alcoGE.txt]
[www.urbaneagle.com/data/Turnout_Calculator.sit]
[www.urbaneagle.com/data/Turnout_Calculator.zip]
[www.urbaneagle.com/data/index.html]
[www.urbaneagle.com/data/TT-66sm.jpg]
[www.urbaneagle.com/data/rrdrwgs.gif]
[www.urbaneagle.com/datrains/pdl-layout.gif]
[www.urbaneagle.com/data/timesaverN.gif]
[www.urbaneagle.com/data/RRdwgs.html]
[www.urbaneagle.com/rrpics/TT-20sm.jpg]
[www.urbaneagle.com/rrpics/rrphotos.gif]
[www.urbaneagle.com/rrpics/btn2136.jpg]
[www.urbaneagle.com/rrpics/btn2126.jpg]
[www.urbaneagle.com/rrpics/btn2187.jpg]
[www.urbaneagle.com/rrpics/atsf999146.jpg]
[www.urbaneagle.com/rrpics/RRphoto.html]
[www.urbaneagle.com/pers/art/etchsteamed-hdr.jpg]
[www.urbaneagle.com/pers/art/rretch.gif]
[www.urbaneagle.com/pers/art/etch1246.jpg]
[www.urbaneagle.com/pers/art/etch1246Sm.gif]
[www.urbaneagle.com/pers/art/etchsp9.jpg]
[www.urbaneagle.com/pers/art/etchsp9sm.gif]
[www.urbaneagle.com/pers/art/etchSDdepot.jpg]
[www.urbaneagle.com/pers/art/etchSDdepotSm.gif]
[www.urbaneagle.com/pers/art/etchdiablo-cnyn.jpg]
[www.urbaneagle.com/pers/art/etchdiablo-cnynSm.gif]
[www.urbaneagle.com/pers/art/etchsteamed.jpg]
[www.urbaneagle.com/pers/art/etchsteamedsm.jpg]
[www.urbaneagle.com/pers/art/RRetch.html]
[www.urbaneagle.com/datrains/trackSm-bkgr.gif]
[www.urbaneagle.com/datrains/SDdepotPDL2.gif]
[www.urbaneagle.com/datrains/pdl-logoSMcolorshd.gif]
[www.urbaneagle.com/datrains/sdsons.gif]
[www.urbaneagle.com/datrains/sdsons.html]
[www.urbaneagle.com/datrains/pdl.gif]
[www.urbaneagle.com/datrains/pdl.html]
[www.urbaneagle.com/data/TT-30sm.jpg]
[www.urbaneagle.com/data/scrpats.gif]
[www.urbaneagle.com/data/scrpats.html]
[www.urbaneagle.com/data/TT-77sm.jpg]
[www.urbaneagle.com/data/painttips.gif]
[www.urbaneagle.com/data/RRpainttips.html]
[www.urbaneagle.com/datrains/SF210sm.gif]
[www.urbaneagle.com/datrains/rrlinks.gif]
[www.urbaneagle.com/datrains/trainlinks.html]
[www.urbaneagle.com/sp/SP-6051.jpg]
[www.urbaneagle.com/sp/faqNnvrloco.html]
[www.urbaneagle.com/data/TT-51sm.jpg]
[www.urbaneagle.com/data/brass-shapes.gif]
[www.urbaneagle.com/data/Brass-Structural.txt]
[www.urbaneagle.com/data/Brass-Tubing-Round.txt]
[www.urbaneagle.com/data/Brass-Tubing-Square.txt]
[www.urbaneagle.com/data/Brass-Bars.txt]
[www.urbaneagle.com/data/Music-Wire.txt]
[www.urbaneagle.com/data/brass.html]
[www.urbaneagle.com/data/TT-09sm.jpg]
[www.urbaneagle.com/data/plastruct.gif]
[www.urbaneagle.com/data/Plastruct-Structural.txt]
[www.urbaneagle.com/data/Plastruct-Tubing.txt]
[www.urbaneagle.com/data/Plastruct-Square-Tubing.txt]
[www.urbaneagle.com/data/Plastruct-Round-Rod.txt]
[www.urbaneagle.com/data/Plastruct-Square-Rod.txt]
[www.urbaneagle.com/data/Plastruct-Plain-Sheet.txt]
[www.urbaneagle.com/data/Plastruct-Patterned-Sht.txt]
[www.urbaneagle.com/data/Plastruct-Tubing-Fittings.txt]
[www.urbaneagle.com/data/Plastruct-Misc-Fittings.txt]
[www.urbaneagle.com/data/Plastruct-Cubes-Balls.txt]
[www.urbaneagle.com/data/plastruct.html]
[www.urbaneagle.com/rrpics/atsf999146-2.jpg]
[www.urbaneagle.com/rrpics/atsf999179.jpg]
[www.urbaneagle.com/rrpics/atsf999282-3.jpg]
[www.urbaneagle.com/rrpics/atsf999282-2.jpg]
[www.urbaneagle.com/rrpics/atsf999282-4.jpg]
[www.urbaneagle.com/rrpics/atsf999282-1.jpg]
[www.urbaneagle.com/rrpics/atsf-cabooses.html]
[www.urbaneagle.com/slim/sp18title.gif]
[www.urbaneagle.com/slim/laws11C.jpg]
[www.urbaneagle.com/slim/laws11B.jpg]
[www.urbaneagle.com/slim/btnlaws11B.gif]
[www.urbaneagle.com/slim/laws10C.jpg]
[www.urbaneagle.com/slim/btnlaws10C.gif]
[www.urbaneagle.com/slim/laws11.jpg]
[www.urbaneagle.com/slim/btnlaws11.gif]
[www.urbaneagle.com/slim/laws12C.jpg]
[www.urbaneagle.com/slim/btnlaws12C.gif]
[www.urbaneagle.com/slim/sp18.html]
[www.urbaneagle.com/slim/caboosetitle.gif]
[www.urbaneagle.com/slim/laws04C.jpg]
[www.urbaneagle.com/slim/laws04.jpg]
[www.urbaneagle.com/slim/laws04B.jpg]
[www.urbaneagle.com/slim/btnlaws04B.gif]
[www.urbaneagle.com/slim/laws06C.jpg]
[www.urbaneagle.com/slim/btnlaws06C.gif]
[www.urbaneagle.com/slim/laws09C.jpg]
[www.urbaneagle.com/slim/btnlaws09C.gif]
[www.urbaneagle.com/slim/caboose.html]
[www.urbaneagle.com/slim/cartitle.gif]
[www.urbaneagle.com/slim/laws05.jpg]
[www.urbaneagle.com/slim/laws06B.jpg]
[www.urbaneagle.com/slim/btnlaws06B.gif]
[www.urbaneagle.com/slim/laws09.jpg]
[www.urbaneagle.com/slim/btnlaws09.gif]
[www.urbaneagle.com/slim/laws09B.jpg]
[www.urbaneagle.com/slim/btnlaws09B.gif]
[www.urbaneagle.com/slim/cars.html]
[www.urbaneagle.com/slim/structuretitle.gif]
[www.urbaneagle.com/slim/laws05C.jpg]
[www.urbaneagle.com/slim/laws07C.jpg]
[www.urbaneagle.com/slim/btnlaws07C.gif]
[www.urbaneagle.com/slim/laws08.jpg]
[www.urbaneagle.com/slim/btnlaws08.gif]
[www.urbaneagle.com/slim/laws08C.jpg]
[www.urbaneagle.com/slim/btnlaws08C.gif]
[www.urbaneagle.com/slim/laws08B.jpg]
[www.urbaneagle.com/slim/btnlaws08B.gif]
[www.urbaneagle.com/slim/structures.html]
[www.urbaneagle.com/slim/railcartitle.gif]
[www.urbaneagle.com/slim/laws05B.jpg]
[www.urbaneagle.com/slim/laws07.jpg]
[www.urbaneagle.com/slim/btnlaws07.gif]
[www.urbaneagle.com/slim/laws07B.jpg]
[www.urbaneagle.com/slim/btnlaws07B.gif]
[www.urbaneagle.com/slim/DVrailcar.html]
[www.urbaneagle.com/slim/frtdepottitle.gif]
[www.urbaneagle.com/slim/laws06.jpg]
[www.urbaneagle.com/slim/laws12.jpg]
[www.urbaneagle.com/slim/btnlaws12.gif]
[www.urbaneagle.com/slim/laws12B.jpg]
[www.urbaneagle.com/slim/btnlaws12B.gif]
[www.urbaneagle.com/slim/frtdepot.html]
[www.urbaneagle.com/slim/tendertitle.gif]
[www.urbaneagle.com/slim/laws01B.jpg]
[www.urbaneagle.com/slim/laws10B.jpg]
[www.urbaneagle.com/slim/btnlaws10B.gif]
[www.urbaneagle.com/slim/tender.html]
[www.urbaneagle.com/slim/sp9title.gif]
[www.urbaneagle.com/slim/laws01C.jpg]
[www.urbaneagle.com/slim/laws02.jpg]
[www.urbaneagle.com/slim/btnlaws02.gif]
[www.urbaneagle.com/slim/laws02B.jpg]
[www.urbaneagle.com/slim/btnlaws02B.gif]
[www.urbaneagle.com/slim/laws02C.jpg]
[www.urbaneagle.com/slim/btnlaws02C.gif]
[www.urbaneagle.com/slim/laws10.jpg]
[www.urbaneagle.com/slim/btnlaws10.gif]
[www.urbaneagle.com/slim/sp9.html]
[www.urbaneagle.com/slim/interiortitle.gif]
[www.urbaneagle.com/slim/lawsinterior.jpg]
[www.urbaneagle.com/slim/interior.html]
[www.urbaneagle.com/slim/spng-csrm.html]
[www.urbaneagle.com/slim/SPNGS-index.html]
[www.urbaneagle.com/slim/etwnc-flood.html]
[www.urbaneagle.com/slim/etwnc-ww2.html]
[www.urbaneagle.com/slim/etwnc-no12bday.html]
[www.urbaneagle.com/slim/etwnc-strucpaint.html]
[www.urbaneagle.com/etpics/slim2etwnc.gif]
[www.urbaneagle.com/etpics/cb-01a.jpg]
[www.urbaneagle.com/etpics/cb-01b.jpg]
[www.urbaneagle.com/etpics/cb-02a.jpg]
[www.urbaneagle.com/etpics/cb-02b.jpg]
[www.urbaneagle.com/etpics/cb-03a.jpg]
[www.urbaneagle.com/etpics/cb-03b.jpg]
[www.urbaneagle.com/etpics/cb-04a.jpg]
[www.urbaneagle.com/etpics/cb-05a.jpg]
[www.urbaneagle.com/etpics/cb-05b.jpg]
[www.urbaneagle.com/etpics/cb-06a.jpg]
[www.urbaneagle.com/etpics/cb-06b.jpg]
[www.urbaneagle.com/etpics/cb-08a.jpg]
[www.urbaneagle.com/etpics/cb-09b.jpg]
[www.urbaneagle.com/bd/bdbar16colors.gif]
[www.urbaneagle.com/etpics/etphotos-bryan.html]
[www.urbaneagle.com/etpics/et1c.jpg]
[www.urbaneagle.com/etpics/et1c-sm.jpg]
[www.urbaneagle.com/etpics/et1d.jpg]
[www.urbaneagle.com/etpics/et1d-sm.jpg]
[www.urbaneagle.com/etpics/et3a.jpg]
[www.urbaneagle.com/etpics/et3a-sm.jpg]
[www.urbaneagle.com/etpics/et3b.jpg]
[www.urbaneagle.com/etpics/et3b-sm.jpg]
[www.urbaneagle.com/etpics/et3c.jpg]
[www.urbaneagle.com/etpics/et3c-sm.jpg]
[www.urbaneagle.com/etpics/et4b.jpg]
[www.urbaneagle.com/etpics/et4b-sm.jpg]
[www.urbaneagle.com/etpics/etphotos.html]
[www.urbaneagle.com/etpics/etwnc-12.jpg]
[www.urbaneagle.com/etpics/etwnc-12-sm.jpg]
[www.urbaneagle.com/etpics/etwnc12-renker1.jpg]
[www.urbaneagle.com/etpics/etwnc12-renker1-sm.jpg]
[www.urbaneagle.com/etpics/etwnc12-curve-renker2.jpg]
[www.urbaneagle.com/etpics/etwnc12-curve-renker2-sm.jpg]
[www.urbaneagle.com/etpics/etwnc12-reflect-renker3.jpg]
[www.urbaneagle.com/etpics/etwnc12-reflect-renker3-sm.jpg]
[www.urbaneagle.com/etpics/etphotos2.html]
[www.urbaneagle.com/annie/index.html]
[www.urbaneagle.com/slim/ebt00270.jpg]
[www.urbaneagle.com/slim/ebt00271.jpg]
[www.urbaneagle.com/slim/ebt00272.jpg]
[www.urbaneagle.com/slim/ebt00273.jpg]
[www.urbaneagle.com/slim/ebt00274.jpg]
[www.urbaneagle.com/slim/ebt00371.jpg]
[www.urbaneagle.com/slim/ebt00372.jpg]
[www.urbaneagle.com/slim/ebtphotos.html]
[www.accurail.com/tm4986.html]
[www.urbaneagle.com/slim/pdl-logoNn3.gif]
[www.urbaneagle.com/slim/slim2nn3pdl.gif]
[www.urbaneagle.com/slim/pdlnn3-layout.gif]
[www.urbaneagle.com/data/pdl6LRn3.gif]
[www.urbaneagle.com/slim/pdlnn3.html]
[www.urbaneagle.com/slim/slim2nn3drwgs.gif]
[www.urbaneagle.com/slim/pdl6LRn3.gif]
[www.urbaneagle.com/slim/nn3drwgs.html]
[www.urbaneagle.com/slim/slim2nn3data.gif]
[www.urbaneagle.com/slim/nn3data.html]
[www.urbaneagle.com/slim/nn3logo.gif]
[www.urbaneagle.com/slim/nn3list.html]
[www.urbaneagle.com/slim/slim2faq.gif]
[www.urbaneagle.com/slim/nn3faq.html]
[www.urbaneagle.com/slim/NGSLGplanlist.html]
[www.urbaneagle.com/nco/nco-16sm.gif]
[www.urbaneagle.com/nco/nco-timeline.html]
[www.urbaneagle.com/nco/nco-loco-roster.html]
[www.urbaneagle.com/nco/nco-numbers.html]
[www.urbaneagle.com/nco/nco-01.jpg]
[www.urbaneagle.com/nco/nco-01sm.gif]
[www.urbaneagle.com/nco/nco-02.jpg]
[www.urbaneagle.com/nco/nco-02sm.gif]
[www.urbaneagle.com/nco/nco-03.jpg]
[www.urbaneagle.com/nco/nco-03sm.gif]
[www.urbaneagle.com/nco/nco-04.jpg]
[www.urbaneagle.com/nco/nco-04sm.gif]
[www.urbaneagle.com/nco/nco-06.jpg]
[www.urbaneagle.com/nco/nco-06sm.gif]
[www.urbaneagle.com/nco/nco-08.jpg]
[www.urbaneagle.com/nco/nco-08sm.gif]
[www.urbaneagle.com/nco/nco-07.jpg]
[www.urbaneagle.com/nco/nco-07sm.gif]
[www.urbaneagle.com/nco/nco-05.jpg]
[www.urbaneagle.com/nco/nco-05sm.gif]
[www.urbaneagle.com/nco/nco-11.jpg]
[www.urbaneagle.com/nco/nco-11sm.gif]
[www.urbaneagle.com/nco/nco-10.jpg]
[www.urbaneagle.com/nco/nco-10sm.gif]
[www.urbaneagle.com/nco/nco-09.jpg]
[www.urbaneagle.com/nco/nco-09sm.gif]
[www.urbaneagle.com/nco/nco-12.jpg]
[www.urbaneagle.com/nco/nco-12sm.gif]
[www.urbaneagle.com/nco/nco-13.jpg]
[www.urbaneagle.com/nco/nco-13sm.gif]
[www.urbaneagle.com/nco/nco-14.jpg]
[www.urbaneagle.com/nco/nco-14sm.gif]
[www.urbaneagle.com/nco/nco-15.jpg]
[www.urbaneagle.com/nco/nco-15sm.gif]
[www.urbaneagle.com/nco/nco-16.jpg]
[www.urbaneagle.com/nco/nco-17.jpg]
[www.urbaneagle.com/nco/nco-17sm.gif]
[www.urbaneagle.com/nco/nco-18.jpg]
[www.urbaneagle.com/nco/nco-18sm.gif]
[www.urbaneagle.com/nco/nco-19.jpg]
[www.urbaneagle.com/nco/nco-19sm.gif]
[www.urbaneagle.com/nco/nco-20.jpg]
[www.urbaneagle.com/nco/nco-20sm.gif]
[www.urbaneagle.com/nco/nco-21.jpg]
[www.urbaneagle.com/nco/nco-21sm.gif]
[www.urbaneagle.com/nco/nco-22.jpg]
[www.urbaneagle.com/nco/nco-22sm.gif]
[www.urbaneagle.com/nco/nco-23.jpg]
[www.urbaneagle.com/nco/nco-23sm.gif]
[www.urbaneagle.com/nco/ncopics.html]
[www.urbaneagle.com/nco/nco-stockcars.html]
[www.urbaneagle.com/nco/nco-loco-drawings.html]
[www.urbaneagle.com/nco/nco-plans.html]
[www.urbaneagle.com/nco/nco-models.html]
[www.urbaneagle.com/orin-sp/O18TENDER1.html]
[www.urbaneagle.com/carter/cc-32-7a.jpg]
[www.urbaneagle.com/carter/cc-02.jpg]
[www.urbaneagle.com/carter/cc-03.jpg]
[www.urbaneagle.com/carter/cc-04.jpg]
[www.urbaneagle.com/carter/cc-05.jpg]
[www.urbaneagle.com/carter/cc-06.jpg]
[www.urbaneagle.com/carter/cc-07.jpg]
[www.urbaneagle.com/carter/cc-08.jpg]
[www.urbaneagle.com/carter/cc-09.jpg]
[www.urbaneagle.com/carter/cc-10.jpg]
[www.urbaneagle.com/carter/cc-11.jpg]
[www.urbaneagle.com/carter/cc-12.jpg]
[www.urbaneagle.com/carter/cc-13.jpg]
[www.urbaneagle.com/carter/cc-14.jpg]
[www.urbaneagle.com/carter/cc-15.jpg]
[www.urbaneagle.com/carter/cc-16.jpg]
[www.urbaneagle.com/carter/cc-17.jpg]
[www.urbaneagle.com/carter/cc-18.jpg]
[www.urbaneagle.com/carter/cc-19.jpg]
[www.urbaneagle.com/carter/cc-20.jpg]
[www.urbaneagle.com/carter/cc-21.jpg]
[www.urbaneagle.com/carter/cc-22.jpg]
[www.urbaneagle.com/carter/cc-23.jpg]
[www.urbaneagle.com/carter/cc-24.jpg]
[www.urbaneagle.com/carter/cc-25.jpg]
[www.urbaneagle.com/carter/cc-26-1a.jpg]
[www.urbaneagle.com/carter/cc-27-2a.jpg]
[www.urbaneagle.com/carter/cc-28-3a.jpg]
[www.urbaneagle.com/carter/cc-29-4a.jpg]
[www.urbaneagle.com/carter/cc-30-5a.jpg]
[www.urbaneagle.com/carter/cc-31-6a.jpg]
[www.urbaneagle.com/carter/cc-33-8a.jpg]
[www.urbaneagle.com/carter/cc-34-9a.jpg]
[www.urbaneagle.com/carter/cc-35-10a.jpg]
[www.urbaneagle.com/carter/cc-36.jpg]
[www.urbaneagle.com/carter/cc-37.jpg]
[www.urbaneagle.com/carter/cc-38.jpg]
[www.urbaneagle.com/carter/carter.html]
[www.urbaneagle.com/slim/spng-valsht.html]
[www.urbaneagle.com/slim/spng-trestles.html]
[www.narrowgauge.org/images/tkcok/m00393.jpg]
[www.narrowgauge.org/images/tkcok/tnails/s00393.jpg]
[www.narrowgauge.org/images/tkcok/m00393a.jpg]
[www.narrowgauge.org/images/tkcok/tnails/s00393a.jpg]
[www.narrowgauge.org/ngc/graphics/tkierscey/dspp/dspp0017.jpg]
[www.narrowgauge.org/ngc/graphics/tkierscey/dspp/tn-dspp0017.jpg]
[www.narrowgauge.org/images/tkcok/m00433.jpg]
[www.narrowgauge.org/images/tkcok/tnails/s00433.jpg]
[www.narrowgauge.org/images/tkcok/m00394.jpg]
[www.narrowgauge.org/images/tkcok/tnails/s00394.jpg]
[www.narrowgauge.org/images/tkcok/m00360.jpg]
[www.narrowgauge.org/images/tkcok/tnails/s00360.jpg]
[www.narrowgauge.org/images/tkcok/m00361.jpg]
[www.narrowgauge.org/images/tkcok/tnails/s00361.jpg]
[www.narrowgauge.org/images/tkcok/m00367.jpg]
[www.narrowgauge.org/images/tkcok/tnails/s00367.jpg]
[www.narrowgauge.org/images/tkcok/m00362.jpg]
[www.narrowgauge.org/images/tkcok/tnails/s00362.jpg]
[www.narrowgauge.org/images/tkcok/m00363.jpg]
[www.narrowgauge.org/images/tkcok/tnails/s00363.jpg]
[www.narrowgauge.org/images/tkcok/m00364.jpg]
[www.narrowgauge.org/images/tkcok/tnails/s00364.jpg]
[www.narrowgauge.org/images/tkcok/m00315.jpg]
[www.narrowgauge.org/images/tkcok/tnails/s00315.jpg]
[www.narrowgauge.org/images/dspp1_return_button.jpg]
[www.narrowgauge.org/ncmap/ted/dspp1_denver.html]
[www.narrowgauge.org/images/tkcok/m00227.jpg]
[www.narrowgauge.org/images/tkcok/tnails/s00227.jpg]
[www.narrowgauge.org/ncmap/ted/dspp1_morrison.html]
[www.narrowgauge.org/ngc/graphics/tkierscey/dspp/dspp003.jpg]
[www.narrowgauge.org/ngc/graphics/tkierscey/dspp/tn-dspp003.jpg]
[www.narrowgauge.org/ngc/graphics/tkierscey/dspp/dspp004.jpg]
[www.narrowgauge.org/ngc/graphics/tkierscey/dspp/tn-dspp004.jpg]
[www.narrowgauge.org/images/tkcok/m00439.jpg]
[www.narrowgauge.org/images/tkcok/tnails/s00439.jpg]
[www.narrowgauge.org/images/tkcok/m00438.jpg]
[www.narrowgauge.org/images/tkcok/tnails/s00438.jpg]
[www.narrowgauge.org/images/tkcok/m00263.jpg]
[www.narrowgauge.org/images/tkcok/tnails/s00263.jpg]
[www.narrowgauge.org/images/tkcok/m00256.jpg]
[www.narrowgauge.org/images/tkcok/tnails/s00256.jpg]
[www.narrowgauge.org/images/tkcok/m00229.jpg]
[www.narrowgauge.org/images/tkcok/tnails/s00229.jpg]
[www.narrowgauge.org/images/tkcok/m00249.jpg]
[www.narrowgauge.org/images/tkcok/tnails/s00249.jpg]
[www.narrowgauge.org/images/tkcok/m00250.jpg]
[www.narrowgauge.org/images/tkcok/tnails/s00250.jpg]
[www.narrowgauge.org/ncmap/ted/dspp1_pcanyon.html]
[www.narrowgauge.org/images/tkcok/m00423.jpg]
[www.narrowgauge.org/images/tkcok/tnails/s00423.jpg]
[www.narrowgauge.org/images/tkcok/m00424.jpg]
[www.narrowgauge.org/images/tkcok/tnails/s00424.jpg]
[www.narrowgauge.org/ncmap/ted/dspp1_deansbury.html]
[www.narrowgauge.org/images/tkcok/m00254.jpg]
[www.narrowgauge.org/images/tkcok/tnails/s00254.jpg]
[www.narrowgauge.org/ncmap/ted/dspp1_buffalo.html]
[www.narrowgauge.org/ngc/graphics/tkierscey/dspp/dspp002.jpg]
[www.narrowgauge.org/ngc/graphics/tkierscey/dspp/tn-dspp002.jpg]
[www.narrowgauge.org/images/tkcok/m00228.jpg]
[www.narrowgauge.org/images/tkcok/tnails/s00228.jpg]
[www.narrowgauge.org/ncmap/ted/dspp1_baileys.html]
[www.narrowgauge.org/images/tkcok/m00350.jpg]
[www.narrowgauge.org/images/tkcok/tnails/s00350.jpg]
[www.narrowgauge.org/images/tkcok/m00333.jpg]
[www.narrowgauge.org/images/tkcok/tnails/s00333.jpg]
[www.narrowgauge.org/images/tkcok/m00332.jpg]
[www.narrowgauge.org/images/tkcok/tnails/s00332.jpg]
[www.narrowgauge.org/images/tkcok/m00241.jpg]
[www.narrowgauge.org/images/tkcok/tnails/s00241.jpg]
[www.narrowgauge.org/images/tkcok/Special_m00241.jpg]
[www.narrowgauge.org/images/tkcok/tnails/s_Special_m00241.jpg]
[www.narrowgauge.org/images/tkcok/m00239.jpg]
[www.narrowgauge.org/images/tkcok/tnails/s00239.jpg]
[www.narrowgauge.org/ncmap/ted/dspp1_webster.html]
[www.narrowgauge.org/images/tkcok/m00440.jpg]
[www.narrowgauge.org/images/tkcok/tnails/s00440.jpg]
[www.narrowgauge.org/images/tkcok/m00238.jpg]
[www.narrowgauge.org/images/tkcok/tnails/s00238.jpg]
[www.narrowgauge.org/ngc/graphics/tkierscey/dspp/dspp0025.jpg]
[www.narrowgauge.org/ngc/graphics/tkierscey/dspp/tn-dspp0025.jpg]
[www.narrowgauge.org/ncmap/ted/dspp1_kenosha.html]
[www.narrowgauge.org/ngc/graphics/tkierscey/dspp/dspp005.jpg]
[www.narrowgauge.org/ngc/graphics/tkierscey/dspp/tn-dspp005.jpg]
[www.narrowgauge.org/images/tkcok/m00422.jpg]
[www.narrowgauge.org/images/tkcok/tnails/s00422.jpg]
[www.narrowgauge.org/ncmap/ted/dspp1_jefferson.html]
[www.narrowgauge.org/ngc/graphics/tkierscey/dspp/dspp007.jpg]
[www.narrowgauge.org/ngc/graphics/tkierscey/dspp/tn-dspp007.jpg]
[www.narrowgauge.org/ngc/graphics/excursion4/excursion4-return-home-button.jpg]
[www.narrowgauge.org/ngc/html/excursion4/excursion4-tkc-1-como.html]
[www.narrowgauge.org/ngc/html/excursion4/excursion4-tkc-2-como.html]
[www.narrowgauge.org/ngc/graphics/tkierscey/dspp/dspp0032.jpg]
[www.narrowgauge.org/ngc/graphics/tkierscey/dspp/tn-dspp0032.jpg]
[www.narrowgauge.org/ngc/html/excursion4/excursion4-tkc-2-boreas.html]
[www.narrowgauge.org/ngc/graphics/tkierscey/dspp/dspp0031.jpg]
[www.narrowgauge.org/ngc/graphics/tkierscey/dspp/tn-dspp0031.jpg]
[www.narrowgauge.org/ngc/html/excursion4/excursion4-tkc-2-stjohns.html]
[www.narrowgauge.org/ngc/graphics/tkierscey/dspp/dspp0033.jpg]
[www.narrowgauge.org/ngc/graphics/tkierscey/dspp/tn-dspp0033.jpg]
[www.narrowgauge.org/ngc/html/excursion4/excursion4-tkc-2-montezuma.html]
[www.narrowgauge.org/ngc/graphics/tkierscey/dspp/dspp0049.jpg]
[www.narrowgauge.org/ngc/graphics/tkierscey/dspp/tn-dspp0049.jpg]
[www.narrowgauge.org/ngc/graphics/tkierscey/dspp/dspp0051.jpg]
[www.narrowgauge.org/ngc/graphics/tkierscey/dspp/tn-dspp0051.jpg]
[www.narrowgauge.org/ngc/graphics/tkierscey/dspp/dspp0052.jpg]
[www.narrowgauge.org/ngc/graphics/tkierscey/dspp/tn-dspp0052.jpg]
[www.narrowgauge.org/ngc/graphics/tkierscey/dspp/dspp0050.jpg]
[www.narrowgauge.org/ngc/graphics/tkierscey/dspp/tn-dspp0050.jpg]
[www.narrowgauge.org/ngc/graphics/tkierscey/dspp/dspp0053.jpg]
[www.narrowgauge.org/ngc/graphics/tkierscey/dspp/tn-dspp0053.jpg]
[www.narrowgauge.org/ngc/graphics/tkierscey/dspp/dspp0054.jpg]
[www.narrowgauge.org/ngc/graphics/tkierscey/dspp/tn-dspp0054.jpg]
[www.narrowgauge.org/ngc/graphics/tkierscey/dspp/dspp0055.jpg]
[www.narrowgauge.org/ngc/graphics/tkierscey/dspp/tn-dspp0055.jpg]
[www.narrowgauge.org/ngc/graphics/tkierscey/dspp/dspp0056.jpg]
[www.narrowgauge.org/ngc/graphics/tkierscey/dspp/tn-dspp0056.jpg]
[www.narrowgauge.org/ngc/graphics/tkierscey/dspp/dspp0059.jpg]
[www.narrowgauge.org/ngc/graphics/tkierscey/dspp/tn-dspp0059.jpg]
[www.narrowgauge.org/ngc/graphics/tkierscey/dspp/dspp0058.jpg]
[www.narrowgauge.org/ngc/graphics/tkierscey/dspp/tn-dspp0058.jpg]
[www.narrowgauge.org/ngc/html/excursion4/excursion4-tkc-2-leadville.html]
[www.narrowgauge.org/ngc/graphics/tkierscey/dspp/dspp0028.jpg]
[www.narrowgauge.org/ngc/graphics/tkierscey/dspp/tn-dspp0028.jpg]
[www.narrowgauge.org/ngc/graphics/tkierscey/dspp/dspp0027.jpg]
[www.narrowgauge.org/ngc/graphics/tkierscey/dspp/tn-dspp0027.jpg]
[www.narrowgauge.org/ngc/graphics/tkierscey/dspp/dspp008.jpg]
[www.narrowgauge.org/ngc/graphics/tkierscey/dspp/tn-dspp008.jpg]
[www.narrowgauge.org/ngc/graphics/tkierscey/dspp/dspp001.jpg]
[www.narrowgauge.org/ngc/graphics/tkierscey/dspp/tn-dspp001.jpg]
[www.narrowgauge.org/images/tkcok/m00455.jpg]
[www.narrowgauge.org/images/tkcok/tnails/s00455.jpg]
[www.narrowgauge.org/images/tkcok/m00450.jpg]
[www.narrowgauge.org/images/tkcok/tnails/s00450.jpg]
[www.narrowgauge.org/images/tkcok/m00406.jpg]
[www.narrowgauge.org/images/tkcok/tnails/s00406.jpg]
[www.narrowgauge.org/images/dspp3_return_button.jpg]
[www.narrowgauge.org/ncmap/ted/dspp3_bvista.html]
[www.narrowgauge.org/images/tkcok/m00237.jpg]
[www.narrowgauge.org/images/tkcok/tnails/s00237.jpg]
[www.narrowgauge.org/ncmap/ted/dspp3_pcanyon.html]
[www.narrowgauge.org/ncmap/ted/dspp3_como.html]
[www.narrowgauge.org/ngc/graphics/tkierscey/dspp/dspp0013.jpg]
[www.narrowgauge.org/ngc/graphics/tkierscey/dspp/tn-dspp0013.jpg]
[www.narrowgauge.org/ngc/graphics/tkierscey/dspp/dspp0014.jpg]
[www.narrowgauge.org/ngc/graphics/tkierscey/dspp/tn-dspp0014.jpg]
[www.narrowgauge.org/ngc/graphics/tkierscey/dspp/dspp0015.jpg]
[www.narrowgauge.org/ngc/graphics/tkierscey/dspp/tn-dspp0015.jpg]
[www.narrowgauge.org/ngc/graphics/tkierscey/dspp/dspp0016.jpg]
[www.narrowgauge.org/ngc/graphics/tkierscey/dspp/tn-dspp0016.jpg]
[www.narrowgauge.org/ncmap/ted/dspp3_alma.html]
[www.narrowgauge.org/images/tkcok/m00446.jpg]
[www.narrowgauge.org/images/tkcok/tnails/s00446.jpg]
[www.narrowgauge.org/ncmap/ted/dspp3_london-junction.html]
[www.narrowgauge.org/ngc/graphics/tkierscey/dspp/dspp0012.jpg]
[www.narrowgauge.org/ngc/graphics/tkierscey/dspp/tn-dspp0012.jpg]
[www.narrowgauge.org/ngc/graphics/tkierscey/dspp/dspp0011.jpg]
[www.narrowgauge.org/ngc/graphics/tkierscey/dspp/tn-dspp0011.jpg]
[www.narrowgauge.org/ncmap/ted/dspp3_nathrop.html]
[www.narrowgauge.org/ngc/html/excursion4/excursion4-tkc-4-nathrop.html]
[www.narrowgauge.org/ngc/graphics/tkierscey/dspp/dspp009.jpg]
[www.narrowgauge.org/ngc/graphics/tkierscey/dspp/tn-dspp009.jpg]
[www.narrowgauge.org/ngc/graphics/tkierscey/dspp/dspp006.jpg]
[www.narrowgauge.org/ngc/graphics/tkierscey/dspp/tn-dspp006.jpg]
[www.narrowgauge.org/ngc/graphics/tkierscey/dspp/dspp0040.jpg]
[www.narrowgauge.org/ngc/graphics/tkierscey/dspp/tn-dspp0040.jpg]
[www.narrowgauge.org/ngc/graphics/tkierscey/dspp/dspp0041.jpg]
[www.narrowgauge.org/ngc/graphics/tkierscey/dspp/tn-dspp0041.jpg]
[www.narrowgauge.org/ngc/html/excursion4/excursion4-tkc-4-alpine-tunnel.html]
[www.narrowgauge.org/ngc/graphics/tkierscey/dspp/dspp0042.jpg]
[www.narrowgauge.org/ngc/graphics/tkierscey/dspp/tn-dspp0042.jpg]
[www.narrowgauge.org/ngc/html/excursion4/excursion4-tkc-4-fisher.html]
[www.narrowgauge.org/ngc/graphics/tkierscey/dspp/dspp0039.jpg]
[www.narrowgauge.org/ngc/graphics/tkierscey/dspp/tn-dspp0039.jpg]
[www.narrowgauge.org/ngc/html/excursion4/excursion4-tkc-4-stelmo.html]
[www.narrowgauge.org/ngc/graphics/tkierscey/dspp/dspp0043.jpg]
[www.narrowgauge.org/ngc/graphics/tkierscey/dspp/tn-dspp0043.jpg]
[www.narrowgauge.org/ngc/graphics/tkierscey/dspp/dspp0044.jpg]
[www.narrowgauge.org/ngc/graphics/tkierscey/dspp/tn-dspp0044.jpg]
[www.narrowgauge.org/ngc/graphics/tkierscey/dspp/dspp0045.jpg]
[www.narrowgauge.org/ngc/graphics/tkierscey/dspp/tn-dspp0045.jpg]
[www.narrowgauge.org/ngc/html/excursion4/excursion4-tkc-4-romley.html]
[www.narrowgauge.org/ngc/graphics/tkierscey/dspp/dspp0024.jpg]
[www.narrowgauge.org/ngc/graphics/tkierscey/dspp/tn-dspp0024.jpg]
[www.narrowgauge.org/ngc/graphics/tkierscey/dspp/dspp0046.jpg]
[www.narrowgauge.org/ngc/graphics/tkierscey/dspp/tn-dspp0046.jpg]
[www.narrowgauge.org/ngc/graphics/tkierscey/dspp/dspp0047.jpg]
[www.narrowgauge.org/ngc/graphics/tkierscey/dspp/tn-dspp0047.jpg]
[www.narrowgauge.org/ngc/graphics/tkierscey/dspp/dspp0048.jpg]
[www.narrowgauge.org/ngc/graphics/tkierscey/dspp/tn-dspp0048.jpg]
[www.narrowgauge.org/ngc/html/excursion4/excursion4-tkc-4-hancock.html]
[www.narrowgauge.org/ngc/graphics/tkierscey/dspp/dspp0022.jpg]
[www.narrowgauge.org/ngc/graphics/tkierscey/dspp/tn-dspp0022.jpg]
[www.narrowgauge.org/ngc/graphics/tkierscey/dspp/dspp0034.jpg]
[www.narrowgauge.org/ngc/graphics/tkierscey/dspp/tn-dspp0034.jpg]
[www.narrowgauge.org/ngc/graphics/tkierscey/dspp/dspp0010.jpg]
[www.narrowgauge.org/ngc/graphics/tkierscey/dspp/tn-dspp0010.jpg]
[www.narrowgauge.org/ngc/html/excursion4/excursion4-tkc-4-palisades.html]
[www.narrowgauge.org/ngc/graphics/tkierscey/dspp/dspp0037.jpg]
[www.narrowgauge.org/ngc/graphics/tkierscey/dspp/tn-dspp0037.jpg]
[www.narrowgauge.org/ngc/graphics/tkierscey/dspp/dspp0038.jpg]
[www.narrowgauge.org/ngc/graphics/tkierscey/dspp/tn-dspp0038.jpg]
[www.narrowgauge.org/ngc/html/excursion4/excursion4-tkc-4-woodstock.html]
[www.narrowgauge.org/ngc/graphics/tkierscey/dspp/dspp0035.jpg]
[www.narrowgauge.org/ngc/graphics/tkierscey/dspp/tn-dspp0035.jpg]
[www.narrowgauge.org/ngc/graphics/tkierscey/dspp/dspp0036.jpg]
[www.narrowgauge.org/ngc/graphics/tkierscey/dspp/tn-dspp0036.jpg]
[www.narrowgauge.org/ngc/html/excursion4/excursion4-tkc-4-pitkin.html]
[www.narrowgauge.org/ngc/html/excursion6/excursion6-colorado-central-rr.html]
[www.narrowgauge.org/ncmap/ted/excursion7.html]
[www.narrowgauge.org/4x4/cw_pages/lyrics/wcp/wcp.html]
[www.narrowgauge.org/4x4/cw_pages/lyrics/wcp/night_rider.html]
[www.narrowgauge.org/4x4/cw_pages/lyrics/wcp/classified.html]
[www.narrowgauge.org/4x4/cw_pages/lyrics/wcp/old30.html]
[www.narrowgauge.org/4x4/cw_pages/lyrics/wcp/trucked.html]
[www.narrowgauge.org/4x4/cw_pages/lyrics/wcp/4wd.html]
[www.narrowgauge.org/4x4/cw_pages/lyrics/wcp/rms.html]
[www.narrowgauge.org/4x4/cw_pages/lyrics/wcp/ohc.html]
[www.narrowgauge.org/4x4/cw_pages/lyrics/wcp/sloan.html]
[www.narrowgauge.org/4x4/cw_pages/lyrics/wcp/glenwood.html]
[www.narrowgauge.org/4x4/cw_pages/lyrics/bbr/bbr.html]
[www.narrowgauge.org/4x4/cw_pages/lyrics/bbr/silverton.html]
[www.narrowgauge.org/4x4/cw_pages/lyrics/bbr/landc.html]
[www.narrowgauge.org/4x4/cw_pages/lyrics/bbr/oregon.html]
[www.narrowgauge.org/4x4/cw_pages/lyrics/bbr/ghost.html]
[www.narrowgauge.org/4x4/cw_pages/lyrics/bbr/convoy.html]
[www.narrowgauge.org/4x4/cw_pages/lyrics/bbr/llr.html]
[www.narrowgauge.org/4x4/cw_pages/lyrics/bbr/green.html]
[www.narrowgauge.org/4x4/cw_pages/lyrics/bbr/write.html]
[www.narrowgauge.org/4x4/cw_pages/lyrics/bbr/momm.html]
[www.narrowgauge.org/4x4/cw_pages/lyrics/wild/wild.html]
[www.narrowgauge.org/4x4/cw_pages/lyrics/wild/jackson.html]
[www.narrowgauge.org/4x4/cw_pages/lyrics/wild/riverside.html]
[www.narrowgauge.org/4x4/cw_pages/lyrics/wild/crispy.html]
[www.narrowgauge.org/4x4/cw_pages/lyrics/wild/roy.html]
[www.narrowgauge.org/4x4/cw_pages/lyrics/wild/lbs.html]
[www.narrowgauge.org/4x4/cw_pages/lyrics/wild/twbncm.html]
[www.narrowgauge.org/4x4/cw_pages/lyrics/wild/4wc.html]
[www.narrowgauge.org/4x4/cw_pages/lyrics/wild/silver.html]
[www.narrowgauge.org/4x4/cw_pages/lyrics/wild/columbine.html]
[www.narrowgauge.org/4x4/cw_pages/lyrics/wild/aurora.html]
[www.narrowgauge.org/4x4/cw_pages/lyrics/rduck/rduck.html]
[www.narrowgauge.org/4x4/cw_pages/lyrics/rduck/audubon.html]
[www.narrowgauge.org/4x4/cw_pages/lyrics/rduck/slab.html]
[www.narrowgauge.org/4x4/cw_pages/lyrics/rduck/wipers.html]
[www.narrowgauge.org/4x4/cw_pages/lyrics/rduck/silent.html]
[www.narrowgauge.org/4x4/cw_pages/lyrics/rduck/ratchetjaw.html]
[www.narrowgauge.org/4x4/cw_pages/lyrics/rduck/nishnabotna.html]
[www.narrowgauge.org/4x4/cw_pages/lyrics/rduck/2way.html]
[www.narrowgauge.org/4x4/cw_pages/lyrics/rduck/campbird.html]
[www.narrowgauge.org/4x4/cw_pages/lyrics/rduck/niobrara.html]
[www.narrowgauge.org/4x4/cw_pages/lyrics/rfm/rfm.html]
[www.narrowgauge.org/4x4/cw_pages/lyrics/rfm/tol.html]
[www.narrowgauge.org/4x4/cw_pages/lyrics/rfm/livin.html]
[www.narrowgauge.org/4x4/cw_pages/lyrics/rfm/wildwood.html]
[www.narrowgauge.org/4x4/cw_pages/lyrics/rfm/duds.html]
[www.narrowgauge.org/4x4/cw_pages/lyrics/rfm/orleans.html]
[www.narrowgauge.org/4x4/cw_pages/lyrics/rfm/idk.html]
[www.narrowgauge.org/4x4/cw_pages/lyrics/rfm/goose.html]
[www.narrowgauge.org/4x4/cw_pages/lyrics/rfm/nighthawk.html]
[www.narrowgauge.org/4x4/cw_pages/lyrics/rfm/glory.html]
[www.narrowgauge.org/4x4/cw_pages/lyrics/cwco/outlaws.html]
[www.narrowgauge.org/4x4/cw_pages/lyrics/cwco/wheels.html]
[www.narrowgauge.org/4x4/cw_pages/lyrics/cwco/orleans.html]
[www.narrowgauge.org/4x4/cw_pages/lyrics/cwco/little.html]
[www.narrowgauge.org/4x4/cw_pages/lyrics/cwco/cowboy.html]
[www.narrowgauge.org/4x4/cw_pages/lyrics/cwco/milton.html]
[www.narrowgauge.org/4x4/cw_pages/lyrics/cwco/flowers.html]
[www.narrowgauge.org/4x4/cw_pages/lyrics/cwco/wish.html]
[www.narrowgauge.org/4x4/cw_pages/lyrics/cwco/hobo.html]
[www.narrowgauge.org/4x4/cw_pages/lyrics/real/comin.html]
[www.narrowgauge.org/4x4/cw_pages/lyrics/real/ghost.html]
[www.narrowgauge.org/4x4/cw_pages/lyrics/real/glenwood.html]
[www.narrowgauge.org/4x4/cw_pages/lyrics/real/twbncm.html]
[www.narrowgauge.org/4x4/cw_pages/lyrics/real/roy.html]
[www.narrowgauge.org/4x4/cw_pages/lyrics/real/lbs.html]
[www.narrowgauge.org/4x4/cw_pages/lyrics/real/wild.html]
[www.narrowgauge.org/4x4/cw_pages/lyrics/real/aurora.html]
[www.narrowgauge.org/4x4/cw_pages/lyrics/real/silverton.html]
[www.narrowgauge.org/4x4/cw_pages/lyrics/real/wcp.html]
[www.narrowgauge.org/4x4/cw_pages/lyrics/real/night_rider.html]
[www.narrowgauge.org/4x4/cw_pages/lyrics/real/rms.html]
[www.narrowgauge.org/4x4/cw_pages/lyrics/real/bbr.html]
[www.narrowgauge.org/4x4/cw_pages/lyrics/real/campbird.html]
[www.narrowgauge.org/4x4/cw_pages/lyrics/real/convoy.html]
[www.narrowgauge.org/4x4/cw_pages/lyrics/real/columbine.html]
[www.narrowgauge.org/images/jerry/j0046.jpg]
[www.narrowgauge.org/images/jerry/tnails/sj0046.jpg]
[www.narrowgauge.org/images/jerry/95-6-12_dsngrr_478.jpg]
[www.narrowgauge.org/images/jerry/tnails/s95-6-12_dsngrr_478.jpg]
[www.narrowgauge.org/images/jerry/95-6-24_dsngrr_478.jpg]
[www.narrowgauge.org/images/jerry/tnails/s95-6-24_dsngrr_478.jpg]
[www.narrowgauge.org/images/jerry/95-6-20_dsngrr_478.jpg]
[www.narrowgauge.org/images/jerry/tnails/s95-6-20_dsngrr_478.jpg]
[www.narrowgauge.org/images/jerry/95-6-23_dsngrr_478.jpg]
[www.narrowgauge.org/images/jerry/tnails/s95-6-23_dsngrr_478.jpg]
[www.narrowgauge.org/images/jerry/95-6-21_dsngrr_478.jpg]
[www.narrowgauge.org/images/jerry/tnails/s95-6-21_dsngrr_478.jpg]
[www.narrowgauge.org/images/jerry/95-9-16_d&sngrr_482.jpg]
[www.narrowgauge.org/images/jerry/tnails/s95-9-16_d&sngrr_482.jpg]
[www.narrowgauge.org/images/jerry/95-6-28_dsngrr_482.jpg]
[www.narrowgauge.org/images/jerry/tnails/s95-6-28_dsngrr_482.jpg]
[www.narrowgauge.org/images/jerry/95-6-31_dsngrr_482.jpg]
[www.narrowgauge.org/images/jerry/tnails/s95-6-31_dsngrr_482.jpg]
[www.narrowgauge.org/images/jerry/95-6-36_dsngrr_482.jpg]
[www.narrowgauge.org/images/jerry/tnails/s95-6-36_dsngrr_482.jpg]
[www.narrowgauge.org/images/jerry/95-6-9_d&sngrr_caboose_500.jpg]
[www.narrowgauge.org/images/jerry/tnails/s95-6-9_d&sngrr_caboose_500.jpg]
[www.narrowgauge.org/images/mark/silv_d.jpg]
[www.narrowgauge.org/images/mark/tnails/ssilv_d.jpg]
[www.narrowgauge.org/images/mark/silv_e.jpg]
[www.narrowgauge.org/images/mark/tnails/ssilv_e.jpg]
[www.narrowgauge.org/images/mark/silv_f.jpg]
[www.narrowgauge.org/images/mark/tnails/ssilv_f.jpg]
[www.narrowgauge.org/images/excur2_Silverton_railroad_photo_return_button.jpg]
[www.narrowgauge.org/ncmap/excur2_silverton_railroad_photo_gallery_locos_rstock.html]
[www.narrowgauge.org/images/miles/mal_1_029_red_mountain.jpg]
[www.narrowgauge.org/images/miles/tnails/smal_1_029_red_mountain.jpg]
[www.narrowgauge.org/images/miles/mal_1_030_red_mountain.jpg]
[www.narrowgauge.org/images/miles/tnails/smal_1_030_red_mountain.jpg]
[www.narrowgauge.org/images/miles/mal_1_031_red_mountain.jpg]
[www.narrowgauge.org/images/miles/tnails/smal_1_031_red_mountain.jpg]
[www.narrowgauge.org/images/miles/mal_1_056_longfellow.jpg]
[www.narrowgauge.org/images/miles/tnails/smal_1_056_longfellow.jpg]
[www.narrowgauge.org/images/mark/redmnt_pass_south.jpg]
[www.narrowgauge.org/images/mark/tnails/sredmnt_pass_south.jpg]
[www.narrowgauge.org/images/miles/mal_1_014_carbon_lake_mine.jpg]
[www.narrowgauge.org/images/miles/tnails/smal_1_014_carbon_lake_mine.jpg]
[www.narrowgauge.org/ncmap/excur2_silverton_railroad_photo_gallery_red_mnt.html]
[www.narrowgauge.org/images/miles/mal_1_060_srr_grade.jpg]
[www.narrowgauge.org/images/miles/tnails/smal_1_060_srr_grade.jpg]
[www.narrowgauge.org/images/miles/mal_1_051_minnehaha.jpg]
[www.narrowgauge.org/images/miles/mal_1_059_srr_grade.jpg]
[www.narrowgauge.org/images/miles/tnails/smal_1_059_srr_grade.jpg]
[www.narrowgauge.org/images/miles/mal_1_058_telluride_peak.jpg]
[www.narrowgauge.org/images/miles/tnails/smal_1_058_telluride_peak.jpg]
[www.narrowgauge.org/images/miles/mal_1_061_aspens_csgtt.jpg]
[www.narrowgauge.org/images/miles/tnails/smal_1_061_aspens_csgtt.jpg]
[www.narrowgauge.org/images/miles/mal_1_062_ouray_from_tt.jpg]
[www.narrowgauge.org/images/miles/tnails/smal_1_062_ouray_from_tt.jpg]
[www.narrowgauge.org/ncmap/excur2_silverton_railroad_photo_gallery_corkscrew.html]
[www.narrowgauge.org/images/miles/mal_1_041_robinson.jpg]
[www.narrowgauge.org/images/miles/tnails/smal_1_041_robinson.jpg]
[www.narrowgauge.org/images/miles/mal_1_057_joker_snow.jpg]
[www.narrowgauge.org/images/miles/tnails/smal_1_057_joker_snow.jpg]
[www.narrowgauge.org/images/miles/mal_1_037_guston.jpg]
[www.narrowgauge.org/images/miles/tnails/smal_1_037_guston.jpg]
[www.narrowgauge.org/images/miles/mal_1_038_guston.jpg]
[www.narrowgauge.org/images/miles/tnails/smal_1_038_guston.jpg]
[www.narrowgauge.org/images/miles/mal_1_032_yankee_girl.jpg]
[www.narrowgauge.org/images/miles/tnails/smal_1_032_yankee_girl.jpg]
[www.narrowgauge.org/images/miles/mal_1_033_yankee_girl.jpg]
[www.narrowgauge.org/images/miles/tnails/smal_1_033_yankee_girl.jpg]
[www.narrowgauge.org/images/miles/mal_1_017_yankee_girl.jpg]
[www.narrowgauge.org/images/miles/tnails/smal_1_017_yankee_girl.jpg]
[www.narrowgauge.org/images/miles/mal_1_018_yankee_girl.jpg]
[www.narrowgauge.org/images/miles/tnails/smal_1_018_yankee_girl.jpg]
[www.narrowgauge.org/images/miles/mal_1_034_Half_moon.jpg]
[www.narrowgauge.org/images/miles/tnails/smal_1_034_Half_moon.jpg]
[www.narrowgauge.org/images/miles/mal_1_035_Half_moon.jpg]
[www.narrowgauge.org/images/miles/tnails/smal_1_035_Half_moon.jpg]
[www.narrowgauge.org/images/miles/mal_1_036_Half_moon.jpg]
[www.narrowgauge.org/images/miles/tnails/smal_1_036_Half_moon.jpg]
[www.narrowgauge.org/ncmap/excur2_silverton_railroad_photo_gallery_guston.html]
[www.narrowgauge.org/images/miles/mal_1_015_chattanooga_loop.jpg]
[www.narrowgauge.org/images/miles/tnails/smal_1_015_chattanooga_loop.jpg]
[www.narrowgauge.org/images/mark/chattanooga_view_1.jpg]
[www.narrowgauge.org/images/mark/tnails/schattanooga_view_1.jpg]
[www.narrowgauge.org/images/mark/chattanooga_view_2.jpg]
[www.narrowgauge.org/images/mark/tnails/schattanooga_view_2.jpg]
[www.narrowgauge.org/images/mark/chattanooga_view_4.jpg]
[www.narrowgauge.org/images/mark/tnails/schattanooga_view_4.jpg]
[www.narrowgauge.org/images/mark/chattanooga_view_5.jpg]
[www.narrowgauge.org/images/mark/tnails/schattanooga_view_5.jpg]
[www.narrowgauge.org/ncmap/excur2_silverton_railroad_photo_gallery_chattanooga.html]
[www.narrowgauge.org/images/jerry/j0045.jpg]
[www.narrowgauge.org/images/jerry/tnails/sj0045.jpg]
[www.narrowgauge.org/images/miles/mal_1_003_northstar_mill.jpg]
[www.narrowgauge.org/images/miles/tnails/smal_1_003_northstar_mill.jpg]
[www.narrowgauge.org/images/miles/mal_1_083_northstar.jpg]
[www.narrowgauge.org/images/miles/tnails/smal_1_083_northstar.jpg]
[www.narrowgauge.org/images/miles/mal_1_085_fall_color.jpg]
[www.narrowgauge.org/images/miles/tnails/smal_1_085_fall_color.jpg]
[www.narrowgauge.org/images/miles/mal_1_086_550_fall_color.jpg]
[www.narrowgauge.org/images/miles/tnails/smal_1_086_550_fall_color.jpg]
[www.narrowgauge.org/images/miles/mal_1_088_550_fall_color.jpg]
[www.narrowgauge.org/images/miles/tnails/smal_1_088_550_fall_color.jpg]
[www.narrowgauge.org/ncmap/excur2_silverton_railroad_photo_gallery_silverton.html]
[www.titosantana.net/Tito_I.jpg]
[fans.ghostdetectives.tv/wp-content/uploads/2011/08/newgd-photo.jpg]
[www.macshare.com/index-to.html]
[www.macalive.com/cgi-bin/getwt.html]
[www.macshare.com/tips-nav.html]
[www.macshare.com/tips3.html]
[www.macshare.com/tips2.html]
[www.macshare.com/sftwre.html]
[www.macshare.com/game_all.html]
[www.macshare.com/other_all.html]
[www.macshare.com/internet_all.html]
[www.macshare.com/productivity_all.html]
[www.macshare.com/system_all.html]
[www.macshare.com/utility_all.html]
[www.macshare.com/graphicarts-nav.html]
[www.macshare.com/graphicarts2.html]
[www.macshare.com/graphicarts.html]
[www.macshare.com/macgurus-nav.html]
[www.macshare.com/macgurus2.html]
[www.macshare.com/macgurus.html]
[www.macshare.com/macsites-nav.html]
[www.macshare.com/macsites2.html]
[www.macshare.com/macsites.html]
[www.macshare.com/macnews-nav.html]
[www.macshare.com/macnews2.html]
[www.macshare.com/macnews.html]
[www.macshare.com/periodicals-nav.html]
[www.macshare.com/periodicals2.html]
[www.macshare.com/periodicals.html]
[www.macshare.com/vendors-nav.html]
[www.macshare.com/vendors2.html]
[www.macshare.com/vendors.html]
[www.macshare.com/waresources-nav.html]
[www.macshare.com/waresources2.html]
[www.macshare.com/waresources.html]
[www.urbaneagle.com/ue/sw/sioux-wisdomrB.html]
[www.urbaneagle.com/ue/+ue-wk0823b-natdyes.html]
[www.convoytm.com/css/main.html]
[www.convoytm.com/private/index.html]
[www.convoytm.com/images/noclick.html]
[24.3.241.94/sanguinary/video/CF002-a.rm]
[24.3.241.94/sanguinary/video/CF013.rm]
[content.ubl.com/help/linking/images/ubl_black91x60.gif]
[www.grammy.net/rubberduck1.jpg]
[www.urbaneagle.com/ue/ADhome.html]
[www.urbaneagle.com/pers/art/rbartbar.gif]
[www.urbaneagle.com/pers/art/rbart1blk.gif]
[www.urbaneagle.com/pers/art/index.html]
[www.urbaneagle.com/pers/half-logo.gif]
[www.urbaneagle.com/pers/half.html]
[www.urbaneagle.com/data/TT-03sm.jpg]
[www.urbaneagle.com/data/convchts.gif]
[www.urbaneagle.com/data/Zconv.xls]
[www.urbaneagle.com/data/Zconv.txt]
[www.urbaneagle.com/data/ZconvC.xls]
[www.urbaneagle.com/data/ZconvC.txt]
[www.urbaneagle.com/data/Nconv.xls]
[www.urbaneagle.com/data/Nconv.txt]
[www.urbaneagle.com/data/Nconv2.xls]
[www.urbaneagle.com/data/Nconv2.txt]
[www.urbaneagle.com/data/NconvB.xls]
[www.urbaneagle.com/data/NconvB.txt]
[www.urbaneagle.com/data/NconvC.xls]
[www.urbaneagle.com/data/NconvC.txt]
[www.urbaneagle.com/data/HOconv.xls]
[www.urbaneagle.com/data/HOconv.txt]
[www.urbaneagle.com/data/HOconvC.xls]
[www.urbaneagle.com/data/HOconvC.txt]
[www.urbaneagle.com/data/Sconv.xls]
[www.urbaneagle.com/data/Sconv.txt]
[www.urbaneagle.com/data/SconvC.xls]
[www.urbaneagle.com/data/SconvC.txt]
[www.urbaneagle.com/data/Oconv.xls]
[www.urbaneagle.com/data/Oconv.txt]
[www.urbaneagle.com/data/OconvC.xls]
[www.urbaneagle.com/data/OconvC.txt]
[www.urbaneagle.com/data/Gconv.xls]
[www.urbaneagle.com/data/Gconv.txt]
[www.urbaneagle.com/data/GconvC.xls]
[www.urbaneagle.com/data/GconvC.txt]
[www.urbaneagle.com/data/Fconv.xls]
[www.urbaneagle.com/data/Fconv.txt]
[www.urbaneagle.com/data/FconvC.xls]
[www.urbaneagle.com/data/FconvC.txt]
[www.urbaneagle.com/data/1conv.xls]
[www.urbaneagle.com/data/1conv.txt]
[www.urbaneagle.com/data/1convC.xls]
[www.urbaneagle.com/data/1convC.txt]
[www.urbaneagle.com/data/RRconvcharts.html]
[www.urbaneagle.com/data/TT-21sm.jpg]
[www.urbaneagle.com/data/gradechts.gif]
[www.urbaneagle.com/data/gradecht1.gif]
[www.urbaneagle.com/data/gradecht2.gif]
[www.urbaneagle.com/data/RRgrades.html]
[www.urbaneagle.com/data/TT-67sm.jpg]
[www.urbaneagle.com/data/lgsc.gif]
[www.urbaneagle.com/data/RRlgscale.html]
[www.urbaneagle.com/data/TT-59sm.jpg]
[www.urbaneagle.com/data/railsize.gif]
[www.urbaneagle.com/data/RRrailsizes.html]
[www.urbaneagle.com/data/TT-18sm.jpg]
[www.urbaneagle.com/data/pipechts.gif]
[www.urbaneagle.com/data/scalepipe.xls]
[www.urbaneagle.com/data/scalepipe.txt]
[www.urbaneagle.com/data/scalepipe.doc]
[www.urbaneagle.com/data/RRpipecharts.html]
[www.urbaneagle.com/data/TT-65sm.jpg]
[www.urbaneagle.com/data/carwt.gif]
[www.urbaneagle.com/data/RRcarwts.html]
[www.urbaneagle.com/data/campo04b-sm.jpg]
[www.urbaneagle.com/data/dieselchrono.gif]
[www.urbaneagle.com/data/RRdieselchrono.html]
[www.urbaneagle.com/data/TT-79sm.jpg]
[www.urbaneagle.com/data/scenery.gif]
[www.urbaneagle.com/data/RRscenery.html]
[www.urbaneagle.com/data/TT-75sm.jpg]
[www.urbaneagle.com/data/RRtrkstds.html]
[www.urbaneagle.com/data/trkstds.gif]
[www.urbaneagle.com/data/TT-64sm.jpg]
[www.urbaneagle.com/data/turnoutdata.gif]
[www.urbaneagle.com/data/tietempl-04.gif]
[www.urbaneagle.com/data/tietempl-05.gif]
[www.urbaneagle.com/data/tietempl-06.gif]
[www.urbaneagle.com/data/tietempl-08.gif]
[www.urbaneagle.com/data/tietempl-10.gif]
[www.urbaneagle.com/data/RRturnouts.html]
[www.urbaneagle.com/data/TT-48sm.jpg]
[www.urbaneagle.com/data/metalwk.gif]
[www.urbaneagle.com/data/RRmetalwk.html]
[www.urbaneagle.com/rrpics/dm2042.jpg]
[www.urbaneagle.com/rrpics/dm12142.jpg]
[www.urbaneagle.com/rrpics/btn12142.jpg]
[www.urbaneagle.com/rrpics/dm2145b.jpg]
[www.urbaneagle.com/rrpics/btn2145.jpg]
[www.urbaneagle.com/rrpics/dm2080.jpg]
[www.urbaneagle.com/rrpics/btn2080.jpg]
[www.urbaneagle.com/rrpics/dm2071.jpg]
[www.urbaneagle.com/rrpics/btn2071.jpg]
[www.urbaneagle.com/rrpics/dm2076.jpg]
[www.urbaneagle.com/rrpics/btn2076.jpg]
[www.urbaneagle.com/rrpics/dm2136.jpg]
[www.urbaneagle.com/rrpics/dm2039.jpg]
[www.urbaneagle.com/rrpics/btn2039.jpg]
[www.urbaneagle.com/rrpics/pdlphotos.html]
[www.urbaneagle.com/rrpics/dm13081.jpg]
[www.urbaneagle.com/rrpics/dm12197b.jpg]
[www.urbaneagle.com/rrpics/btn12197b.jpg]
[www.urbaneagle.com/rrpics/dm2086.jpg]
[www.urbaneagle.com/rrpics/btn2086.jpg]
[www.urbaneagle.com/rrpics/dm2102b.jpg]
[www.urbaneagle.com/rrpics/btn2102b.jpg]
[www.urbaneagle.com/rrpics/dm2114.jpg]
[www.urbaneagle.com/rrpics/btn2114.jpg]
[www.urbaneagle.com/rrpics/dm2103b.jpg]
[www.urbaneagle.com/rrpics/btn2103b.jpg]
[www.urbaneagle.com/rrpics/dm2107.jpg]
[www.urbaneagle.com/rrpics/btn2107.jpg]
[www.urbaneagle.com/rrpics/dm2122.jpg]
[www.urbaneagle.com/rrpics/btn2122.jpg]
[www.urbaneagle.com/rrpics/dm2126.jpg]
[www.urbaneagle.com/rrpics/dm2129.jpg]
[www.urbaneagle.com/rrpics/btn2129.jpg]
[www.urbaneagle.com/rrpics/dm2133.jpg]
[www.urbaneagle.com/rrpics/btn2133.jpg]
[www.urbaneagle.com/rrpics/pdlphotos2.html]
[www.urbaneagle.com/rrpics/dm12162.jpg]
[www.urbaneagle.com/rrpics/btn12162.jpg]
[www.urbaneagle.com/rrpics/dm2185.jpg]
[www.urbaneagle.com/rrpics/btn2185.jpg]
[www.urbaneagle.com/rrpics/dm2187.jpg]
[www.urbaneagle.com/rrpics/dm2192.jpg]
[www.urbaneagle.com/rrpics/btn2192.jpg]
[www.urbaneagle.com/rrpics/pdlphotos3.html]
[www.urbaneagle.com/pers/..rsrc/dot_clear.html]
[www.urbaneagle.com/datrains/xx.html]
[www.urbaneagle.com/sp/sptop3.gif]
[www.urbaneagle.com/sp/sptop3bw.gif]
[www.urbaneagle.com/sp/spcolors.html]
[www.urbaneagle.com/slim/sp9lamp.html]
[www.urbaneagle.com/slim/laws03C.jpg]
[www.urbaneagle.com/slim/interior03C.html]
[www.urbaneagle.com/slim/laws03B.jpg]
[www.urbaneagle.com/slim/interior03B.html]
[www.urbaneagle.com/slim/laws03.jpg]
[www.urbaneagle.com/slim/interior03.html]
[www.urbaneagle.com/slim/SPNGS-index_files/filelist.html]
[www.urbaneagle.com/slim/SPNGS-index_files/editdata.html]
[www.urbaneagle.com/slim/lok14-k27-1.jpg]
[www.urbaneagle.com/slim/lok14-k27-2.jpg]
[www.urbaneagle.com/slim/lok14photos.html]
[www.urbaneagle.com/nn3pics/NN3-1a.jpg]
[www.urbaneagle.com/nn3pics/NN3-1sm.jpg]
[www.urbaneagle.com/nn3pics/NN3-2a.jpg]
[www.urbaneagle.com/nn3pics/NN3-2sm.jpg]
[www.urbaneagle.com/nn3pics/NN3-3a.jpg]
[www.urbaneagle.com/nn3pics/NN3-3sm.jpg]
[www.urbaneagle.com/nn3pics/NN3-4a.jpg]
[www.urbaneagle.com/nn3pics/NN3-4sm.jpg]
[www.urbaneagle.com/nn3pics/NN3-5a.jpg]
[www.urbaneagle.com/nn3pics/NN3-5sm.jpg]
[www.urbaneagle.com/nn3pics/NN3-6a.jpg]
[www.urbaneagle.com/nn3pics/NN3-6asm.jpg]
[www.urbaneagle.com/nn3pics/NN3-7a.jpg]
[www.urbaneagle.com/nn3pics/NN3-7sm.jpg]
[www.urbaneagle.com/nn3pics/NN3-8a.jpg]
[www.urbaneagle.com/nn3pics/NN3-8sm.jpg]
[www.urbaneagle.com/nn3pics/NN3-09.jpg]
[www.urbaneagle.com/nn3pics/NN3-09sm.jpg]
[www.urbaneagle.com/nn3pics/NN3-10.jpg]
[www.urbaneagle.com/nn3pics/NN3-10sm.jpg]
[www.urbaneagle.com/nn3pics/NN3-11.jpg]
[www.urbaneagle.com/nn3pics/NN3-11sm.jpg]
[www.urbaneagle.com/nn3pics/NN3-12.jpg]
[www.urbaneagle.com/nn3pics/NN3-12sm.jpg]
[www.urbaneagle.com/slim/Nn3photos.html]
[www.urbaneagle.com/slim/overton.html]
[www.urbaneagle.com/slim/DL535.html]
[www.urbaneagle.com/slim/4-4-0.html]
[sm3.sitemeter.com/js/counter9901.js]
[s41.sitemeter.com/js/counterd055.js]
[www.macshare.com/tips-nav.html]
[www.macshare.com/050597.html]
[www.macshare.com/041597.html]
[www.macshare.com/010697.html]
[www.macshare.com/010197.html]
[www.macshare.com/tips3.html]
[www.macshare.com/graphicarts-nav.html]
[www.macshare.com/graphicarts2.html]
[www.macshare.com/macgurus-nav.html]
[www.macshare.com/macgurus2.html]
[www.macshare.com/macsites-nav.html]
[www.macshare.com/macsites2.html]
[www.macshare.com/macnews-nav.html]
[www.macshare.com/macnews2.html]
[www.macshare.com/periodicals-nav.html]
[www.macshare.com/periodicals2.html]
[www.macshare.com/vendors-nav.html]
[www.macshare.com/vendors2.html]
[www.macshare.com/waresources-nav.html]
[www.macshare.com/TheMacOSfinder_small.gif]
[www.macshare.com/ftp-list.html]
[www.macshare.com/waresources2.html]
[www.urbaneagle.com/pers/art/anim-lifeart-peel.gif]
[www.urbaneagle.com/pers/art/chermuse.jpg]
[www.urbaneagle.com/pers/art/chermuse.gif]
[www.urbaneagle.com/pers/art/rb-etch.html]
[www.urbaneagle.com/pers/art/anim-lifeart2.gif]
[www.urbaneagle.com/pers/art/blbridge1.jpg]
[www.urbaneagle.com/pers/art/blbridge1.gif]
[www.urbaneagle.com/pers/art/bluebridge6.jpg]
[www.urbaneagle.com/pers/art/blbridge6sm.gif]
[www.urbaneagle.com/pers/art/virtdr1.jpg]
[www.urbaneagle.com/pers/art/virtdr1.gif]
[www.urbaneagle.com/pers/art/summeraft.jpg]
[www.urbaneagle.com/pers/art/summeraftSm.gif]
[www.urbaneagle.com/pers/art/rb-paint.html]
[www.urbaneagle.com/pers/art/anim-face2.gif]
[www.urbaneagle.com/rsrc/dot-d15.gif]
[www.urbaneagle.com/pers/art/stsebas.jpg]
[www.urbaneagle.com/pers/art/stsebas.gif]
[www.urbaneagle.com/pers/art/wave.jpg]
[www.urbaneagle.com/pers/art/organic1.jpg]
[www.urbaneagle.com/pers/art/swirl.jpg]
[www.urbaneagle.com/pers/art/rb-digital.html]
[www.urbaneagle.com/pers/art/anim-art5.gif]
[www.urbaneagle.com/pers/art/RBhead.jpg]
[www.urbaneagle.com/pers/art/rb-me.html]
[www.urbaneagle.com/data/scenery1.html]
[www.urbaneagle.com/sp/sp-daylightcolors.html]
[www.urbaneagle.com/sp/sp-blackwidowcolors.html]
[www.urbaneagle.com/sp/sp-tigercolors.html]
[www.urbaneagle.com/sp/sp-kodachromecolors.html]
[www.urbaneagle.com/sp/sp-bloodynosecolors.html]
[www.urbaneagle.com/sp/sp-larkcolors.html]
[www.urbaneagle.com/sp/sp-frtcolors.html]
[www.urbaneagle.com/sp/sp-lettercolors.html]
[www.urbaneagle.com/sp/sp-structcolors.html]
[www.urbaneagle.com/sp/sp-othercolors.html]
[www.urbaneagle.com/sp/sp-undercoat.html]
[www.index.mrmag.com/tmaf5c.exe]
[www.index.mrmag.com/tm1ae5.exe]
[www.index.mrmag.com/tm99a9.exe]
[www.macshare.com/050597.html]
[www.macshare.com/041597.html]
[www.macshare.com/010697.html]
[www.macshare.com/010197.html]
[www.macshare.com/mac-ftp-list.html]
[www.macshare.com/www-section.html]
[www.macshare.com/site-notes.html]
[www.macshare.com/ftp-list.html]
[espanola.com/chamber/City map/espmap.gif]
[www.urbaneagle.com/sp/GSpaint.html]
[www.urbaneagle.com/sp/dot_dlorange.html]
[www.index.mrmag.com/tm6dd0.exe]
[www.macshare.com/mac-ftp-list.html]
[www.macshare.com/www-section.html]
[www.macshare.com/site-notes.html]
